player_id,player_name_clean,position,team,games_played,completions,attempts,passing_yards,passing_tds,passing_interceptions,carries,rushing_yards,rushing_tds,receptions,targets,receiving_yards,receiving_tds,receiving_air_yards,target_share,air_yards_share,wopr,actual_ppr_points,games_300_pass,games_400_pass,games_500_pass,games_100_rush,games_200_rush,games_300_rush,games_100_receive,games_200_receive,games_300_receive,plays_40_pass_completion,plays_40_pass_td,plays_40_rush,plays_40_rush_td,plays_40_reception,plays_40_reception_td,status,years_exp,entry_year,rookie_year,draft_club,draft_number,is_rookie,is_unsigned_free_agent,prior_roster_team,roster_status_provenance,roster_status_source,roster_status_source_date,roster_status_retrieved_at,on_current_roster,is_fantasy_draftable,scrimmage_yards,total_tds,catch_rate,yards_per_target,yards_per_carry,yards_per_reception,air_yards_per_target,ppr_points_per_game,custom_fantasy_points,custom_points_per_game,rookie_talent_score,touches,fantasy_points_per_touch,rookie_opportunity_score,rookie_position_curve_score,rookie_team_environment_multiplier,rookie_ramp_weeks,rookie_ramp_factor,rookie_prospect_profile_score,rookie_projection_score,rookie_baseline_projection,targets_per_game,carries_per_game,pass_attempts_per_game,rushing_yards_per_game,rushing_tds_per_game,rushing_usage_score,qb_contact_exposure,durability_score,injury_risk_score,soft_tissue_risk,major_injury_risk,recurrence_risk,historical_games_missed,qb_contact_injury_penalty,injury_risk_label,opportunity_score,target_regression_factor,manual_adjustment,baseline_projection,opportunity_multiplier,target_multiplier,injury_multiplier,projected_points,is_currently_injured,current_injury_status,current_injury_body_part,current_injury_severity,current_injury_practice_status,current_injury_multiplier,current_injury_source_timestamp,current_injury_age_hours,current_injury_is_stale,current_injury_freshness_known,current_injury_source_quality,current_injury_research_override,current_injury_is_ambiguous,current_injury_data_quality,current_injury_source,current_injury_expected_games_missed,current_injury_expected_return,current_injury_season_ending,current_injury_timeline_source,current_injury_timeline_source_date,current_injury_timeline_note,injury_opportunity_multiplier,qb_ripple_multiplier,rb_ripple_multiplier,wr_ripple_multiplier,te_ripple_multiplier,pre_injury_projected_points,injury_ripple_multiplier,pre_current_injury_projected_points,current_injury_projection_penalty,current_injury_timeline_penalty,current_injury_projection_multiplier,injury_projection_change,floor_projection,ceiling_projection,projection_confidence,edgescore,position_rank,vorp,replacement_points,overall_rank,tier,tier_drop,tier_vorp_drop,tier_threshold,tier_size,tier_next_projection_drop,tier_next_vorp_drop,tier_next_threshold,tier_remaining,tier_scarcity_score,vorp_score,projection_score,draft_score,draft_rank,position_rank_label,draft_value,pros,cons,hidden_edge,bye_week,depth_match_method,depth_pos_rank,depth_role,depth_timestamp
00-0039075,Puka Nacua,WR,LAR,16.0,0.0,0.0,0.0,0.0,0.0,10.0,105.0,1.0,129.0,166.0,1715.0,10.0,1566.0,0.30127010787872627,0.3187212670206285,0.6750100487325293,375.0,0.0,0.0,0.0,0.0,0.0,0.0,6.0,1.0,0.0,0.0,0.0,1.0,1.0,3.0,1.0,ACT,3.0,2023.0,2023.0,LAR,177.0,False,False,,,,,,True,True,1820.0,11.0,0.7771084337349398,10.331325301204819,10.5,13.294573643410853,9.433734939759036,23.4375,401.0,25.0625,50.0,139.0,2.885,50.0,50.0,1.0,0.0,1.0,50.0,50.0,0.0,10.375,0.625,0.0,6.5625,0.0625,96.51041666666669,0.0,91.0,9.0,0.0,0.0,0.0,0.0,0.0,Very Low,95.45833333333334,1.0,1.0,426.0625,1.0909166666666668,1.0,0.991,460.6154941510417,False,,,0.0,,0.0,,,False,False,,False,False,,,,,False,,,,1.0,,,,,460.6154941510417,1.0,460.6154941510417,0.0,0.0,1.0,0.0,387.37763058102604,533.8533577210573,96.85,92.71,1,257.8864591165083,202.72903503453335,2.0,1,0.0,0.0,14.0,1.0,33.57,33.57,14.0,1.0,100.0,100.0,100.0,97.86,1,WR1,ELITE TARGET,"[""Elite fantasy production"", ""Elite projected opportunity"", ""Elite target share"", ""Elite receiving opportunity profile"", ""Hybrid rushing role adds extra fantasy upside"", ""Excellent durability profile"", ""Very high projection confidence"", ""High ceiling outcome"", ""Elite positional tier"", ""Massive value over replacement"", ""Elite EdgeIQ profile"", ""Last player remaining in WR Tier 1""]",[],Opportunity profile may support more production than raw totals suggest.,11,gsis_id,1,STARTER,2026-08-21 07:40:57+00:00
00-0038543,Jaxon Smith-Njigba,WR,SEA,17.0,0.0,0.0,0.0,0.0,0.0,7.0,36.0,0.0,119.0,163.0,1793.0,10.0,1833.0,0.3677047335575659,0.5030234047486254,0.9036734836603866,359.90000000000003,0.0,0.0,0.0,0.0,0.0,0.0,9.0,0.0,0.0,0.0,0.0,0.0,0.0,8.0,3.0,ACT,3.0,2023.0,2023.0,SEA,20.0,False,False,,,,,,True,True,1829.0,10.0,0.7300613496932515,11.0,5.142857142857143,15.067226890756302,11.245398773006135,21.17058823529412,391.9,23.052941176470586,50.0,126.0,3.11,50.0,50.0,1.0,0.0,1.0,50.0,50.0,0.0,9.588235294117647,0.4117647058823529,0.0,2.1176470588235294,0.0,81.6875,0.0,91.0,9.0,0.0,0.0,0.0,0.0,0.0,Very Low,99.12500000000001,1.0,1.0,391.9,1.0982500000000002,1.0,0.991,427.04242098826916,False,,,0.0,,0.0,,,False,False,,False,False,,,,,False,,,,1.0011,1.0,1.0,1.0001,1.0001,426.53053742500003,1.0001,427.04242098826916,0.0,0.0,1.0,0.511883563269123,359.14267605113434,494.94216592540386,96.85,91.09,2,224.3133859537358,202.72903503453335,7.0,2,33.57,33.57,14.0,1.0,41.83,41.83,17.5,1.0,85.0,86.98145172965253,92.71125839467234,89.94,2,WR2,ELITE TARGET,"[""Elite fantasy production"", ""Elite projected opportunity"", ""Elite target share"", ""Elite receiving opportunity profile"", ""Adds meaningful rushing production"", ""Excellent durability profile"", ""Very high projection confidence"", ""High ceiling outcome"", ""Massive value over replacement"", ""Elite EdgeIQ profile"", ""Last player remaining in WR Tier 2""]",[],Opportunity profile may support more production than raw totals suggest.,11,gsis_id,1,STARTER,2026-08-21 07:40:57+00:00
00-0033280,Christian McCaffrey,RB,SF,17.0,0.0,1.0,0.0,0.0,0.0,311.0,1202.0,10.0,102.0,129.0,924.0,7.0,335.0,0.2335364166909044,0.07801088480319955,0.4049122443985963,416.6,0.0,0.0,0.0,4.0,0.0,0.0,0.0,0.0,0.0,0.0,0.0,1.0,0.0,0.0,0.0,ACT,9.0,2017.0,2017.0,CAR,8.0,False,False,,,,,,True,True,2126.0,17.0,0.7906976744186046,7.162790697674419,3.864951768488746,9.058823529411764,2.5968992248062017,24.50588235294118,424.6,24.976470588235294,50.0,413.0,1.028,50.0,50.0,1.0,0.0,1.0,50.0,50.0,0.0,7.588235294117647,18.294117647058822,0.058823529411764705,70.70588235294117,0.5882352941176471,96.22377622377624,0.0,88.0,12.0,0.0,0.0,0.0,0.0,0.0,Very Low,99.58041958041957,1.0,1.0,424.6,1.0991608391608392,1.0,0.988,436.203672608,True,Questionable,Undisclosed,0.45,UNKNOWN,0.45,,,False,False,F,False,False,F,Sleeper,,,False,,,,1.0,0.9961,1.0015,1.0047,1.0039,461.103248,1.0,461.103248,0.054,0.0,0.946,-24.89957539200003,365.538677645504,506.8686675704959,95.8,92.72,1,226.98301105192726,209.2206615560727,4.0,1,0.0,0.0,14.0,4.0,32.32,32.32,14.0,4.0,55.0,88.01664570894765,100.0,89.07,3,RB1,ELITE TARGET,"[""Elite fantasy production"", ""Elite projected opportunity"", ""Strong target share"", ""Strong durability profile"", ""Very high projection confidence"", ""High ceiling outcome"", ""Elite positional tier"", ""Massive value over replacement"", ""Elite EdgeIQ profile""]",[],Opportunity profile may support more production than raw totals suggest.,8,gsis_id,1,STARTER,2026-08-21 07:40:57+00:00
00-0038542,Bijan Robinson,RB,ATL,17.0,0.0,0.0,0.0,0.0,0.0,287.0,1478.0,7.0,79.0,103.0,820.0,4.0,101.0,0.1976050798076922,0.02102774741145044,0.3111270428995536,370.8,0.0,0.0,0.0,5.0,0.0,0.0,2.0,0.0,0.0,0.0,0.0,2.0,2.0,4.0,1.0,ACT,3.0,2023.0,2023.0,ATL,8.0,False,False,,,,,,True,True,2298.0,11.0,0.7669902912621359,7.961165048543689,5.149825783972125,10.379746835443038,0.9805825242718447,21.811764705882354,400.8,23.576470588235296,50.0,366.0,1.095,50.0,50.0,1.0,0.0,1.0,50.0,50.0,0.0,6.0588235294117645,16.88235294117647,0.0,86.94117647058823,0.4117647058823529,93.84615384615384,0.0,88.0,12.0,0.0,0.0,0.0,0.0,0.0,Very Low,97.2027972027972,1.0,1.0,400.8,1.0944055944055944,1.0,0.988,434.67423141818176,False,,,0.0,,0.0,,,False,False,,False,False,,,,,False,,,,1.003,1.0,1.0,0.999,0.9991,433.3741090909091,1.0,434.67423141818176,0.0,0.0,1.0,1.3001223272726747,364.2570059284363,505.0914569079272,95.8,90.37,2,225.45356986210905,209.2206615560727,5.0,1,1.53,1.53,14.0,4.0,32.32,32.32,14.0,4.0,55.0,87.42357804845167,99.64968800600099,88.2,4,RB2,ELITE TARGET,"[""Elite fantasy production"", ""Elite projected opportunity"", ""Strong durability profile"", ""Very high projection confidence"", ""High ceiling outcome"", ""Elite positional tier"", ""Massive value over replacement"", ""Elite EdgeIQ profile""]",[],Opportunity profile may support more production than raw totals suggest.,11,gsis_id,1,STARTER,2026-08-21 07:40:57+00:00
00-0039139,Jahmyr Gibbs,RB,DET,17.0,0.0,0.0,0.0,0.0,0.0,243.0,1223.0,13.0,77.0,94.0,616.0,5.0,54.0,0.16153475033367978,0.014739113874168548,0.2526195052124377,366.90000000000003,0.0,0.0,0.0,3.0,1.0,0.0,1.0,0.0,0.0,0.0,0.0,6.0,4.0,1.0,0.0,ACT,3.0,2023.0,2023.0,DET,12.0,False,False,,,,,,True,True,1839.0,18.0,0.8191489361702128,6.553191489361702,5.032921810699588,8.0,0.574468085106383,21.582352941176474,396.90000000000003,23.347058823529412,50.0,320.0,1.24,50.0,50.0,1.0,0.0,1.0,50.0,50.0,0.0,5.529411764705882,14.294117647058824,0.0,71.94117647058823,0.7647058823529411,92.16783216783216,0.0,88.0,12.0,0.0,0.0,0.0,0.0,0.0,Very Low,92.5174825174825,1.0,1.0,396.90000000000003,1.085034965034965,1.0,0.988,431.56990971586345,False,,,0.0,,0.0,,,False,False,,False,False,,,,,False,,,,1.0138,0.9989,1.0005,1.0013,1.0011,425.4825730909091,1.0005,431.56990971586345,0.0,0.0,1.0,6.087336624954332,361.65558434189353,501.4842350898333,95.8,88.91,3,222.34924815979073,209.2206615560727,6.0,1,3.1,3.1,14.0,4.0,32.32,32.32,14.0,4.0,55.0,86.2198228327054,98.9386563345689,87.27,5,RB3,STRONG TARGET,"[""Elite fantasy production"", ""Elite projected opportunity"", ""Strong durability profile"", ""Very high projection confidence"", ""High ceiling outcome"", ""Elite positional tier"", ""Massive value over replacement""]",[],Opportunity profile may support more production than raw totals suggest.,6,gsis_id,1,STARTER,2026-08-21 07:40:57+00:00
00-0036223,Jonathan Taylor,RB,IND,17.0,0.0,0.0,0.0,0.0,0.0,323.0,1585.0,18.0,46.0,55.0,378.0,2.0,-45.0,0.10978565143552385,-0.011161090000390445,0.15686571415301245,362.3,0.0,0.0,0.0,5.0,1.0,0.0,0.0,0.0,0.0,0.0,0.0,4.0,3.0,1.0,0.0,ACT,6.0,2020.0,2020.0,IND,41.0,False,False,,,,,,True,True,1963.0,20.0,0.8363636363636363,6.872727272727273,4.9071207430340555,8.217391304347826,-0.8181818181818182,21.311764705882354,388.3,22.841176470588238,50.0,369.0,1.052,50.0,50.0,1.0,0.0,1.0,50.0,50.0,0.0,3.235294117647059,19.0,0.0,93.23529411764706,1.0588235294117647,99.58041958041957,0.0,88.0,12.0,0.0,0.0,0.0,0.0,0.0,Very Low,95.62937062937063,1.0,1.0,388.30000000000007,1.0912587412587413,1.0,0.988,423.2201382242542,False,,,0.0,,0.0,,,False,False,,False,False,,,,,False,,,,1.0094,0.996,1.0015,1.0047,1.0039,418.6509400000001,1.0015,423.2201382242542,0.0,0.0,1.0,4.56919822425408,354.658475831925,491.7818006165833,95.8,89.05,4,213.99947666818147,209.2206615560727,8.0,1,8.35,8.35,14.0,4.0,32.32,32.32,14.0,4.0,55.0,82.98205241225965,97.02617671774274,85.79,6,RB4,STRONG TARGET,"[""Elite fantasy production"", ""Elite projected opportunity"", ""Strong durability profile"", ""Very high projection confidence"", ""High ceiling outcome"", ""Elite positional tier"", ""Massive value over replacement""]",[],Opportunity profile may support more production than raw totals suggest.,13,gsis_id,1,STARTER,2026-08-21 07:40:57+00:00
00-0037744,Trey McBride,TE,ARI,17.0,0.0,0.0,0.0,0.0,0.0,0.0,0.0,0.0,126.0,169.0,1239.0,11.0,1126.0,0.2788761551568511,0.24591609084996174,0.5904554963302499,315.90000000000003,0.0,0.0,0.0,0.0,0.0,0.0,3.0,0.0,0.0,0.0,0.0,0.0,0.0,0.0,0.0,ACT,4.0,2022.0,2022.0,ARI,55.0,False,False,,,,,,True,True,1239.0,11.0,0.7455621301775148,7.331360946745562,0.0,9.833333333333334,6.662721893491124,18.582352941176474,321.9,18.935294117647057,50.0,126.0,2.555,50.0,50.0,1.0,0.0,1.0,50.0,50.0,0.0,9.941176470588236,0.0,0.0,0.0,0.0,0.0,0.0,90.0,10.0,0.0,0.0,0.0,0.0,0.0,Very Low,99.78873239436619,1.0,1.0,321.9,1.0995774647887324,1.0,0.99,350.41444605633797,False,,,0.0,,0.0,,,False,False,,False,False,,,,,False,,,,1.0,,,,,350.41444605633797,1.0,350.41444605633797,0.0,0.0,1.0,0.0,294.34813468732386,406.480757425352,96.5,85.77,1,154.91755874053518,195.49688731580278,24.0,1,0.0,0.0,12.0,1.0,75.75,75.75,12.0,1.0,100.0,60.072001946618805,100.0,82.12,7,TE1,STRONG TARGET,"[""Strong fantasy production"", ""Elite projected opportunity"", ""Elite target share"", ""Excellent durability profile"", ""Very high projection confidence"", ""High ceiling outcome"", ""Elite positional tier"", ""Massive value over replacement"", ""Last player remaining in TE Tier 1""]",[],Opportunity profile may support more production than raw totals suggest.,14,gsis_id,1,STARTER,2026-08-21 07:40:57+00:00
00-0039040,De'Von Achane,RB,MIA,16.0,0.0,0.0,0.0,0.0,0.0,238.0,1350.0,8.0,67.0,85.0,488.0,4.0,35.0,0.18751578476608943,0.010673100880537323,0.2887448477655103,322.8,0.0,0.0,0.0,4.0,0.0,0.0,0.0,0.0,0.0,0.0,0.0,4.0,3.0,0.0,0.0,ACT,3.0,2023.0,2023.0,MIA,84.0,False,False,,,,,,True,True,1838.0,12.0,0.788235294117647,5.741176470588235,5.6722689075630255,7.2835820895522385,0.4117647058823529,20.175,342.8,21.425,50.0,305.0,1.124,50.0,50.0,1.0,0.0,1.0,50.0,50.0,0.0,5.3125,14.875,0.0,84.375,0.5,91.81818181818183,0.0,88.0,12.0,0.0,0.0,0.0,0.0,0.0,Very Low,92.97202797202796,1.0,1.0,364.225,1.085944055944056,1.0,0.988,390.8988725823364,False,,,0.0,,0.0,,,False,False,,False,False,,,,,False,,,,1.0,0.9994,1.0003,0.9993,0.9994,390.78163809090915,1.0003,390.8988725823364,0.0,0.0,1.0,0.1172344914272685,327.57325522399793,454.2244899406749,95.8,86.6,5,181.6782110262637,209.2206615560727,16.0,2,32.32,32.32,14.0,1.0,20.85,20.85,17.5,1.0,71.25,70.44891447525939,89.6231284077011,80.94,8,RB5,STRONG TARGET,"[""Elite fantasy production"", ""Elite projected opportunity"", ""Strong durability profile"", ""Very high projection confidence"", ""High ceiling outcome"", ""Massive value over replacement""]",[],Opportunity profile may support more production than raw totals suggest.,6,gsis_id,1,STARTER,2026-08-21 07:40:57+00:00
00-0036900,Ja'Marr Chase,WR,CIN,16.0,0.0,0.0,0.0,0.0,0.0,3.0,14.0,0.0,125.0,185.0,1412.0,8.0,1570.0,0.3206574378159984,0.36582873401633736,0.7370662705354337,313.6,0.0,0.0,0.0,0.0,0.0,0.0,7.0,0.0,0.0,0.0,0.0,0.0,0.0,2.0,1.0,ACT,5.0,2021.0,2021.0,CIN,5.0,False,False,,,,,,True,True,1426.0,8.0,0.6756756756756757,7.632432432432433,4.666666666666667,11.296,8.486486486486486,19.6,333.6,20.85,50.0,128.0,2.606,50.0,50.0,1.0,0.0,1.0,50.0,50.0,0.0,11.5625,0.1875,0.0,0.875,0.0,75.125,0.0,91.0,9.0,0.0,0.0,0.0,0.0,0.0,Very Low,98.33333333333334,1.0,1.0,354.45000000000005,1.0966666666666667,1.0,0.991,385.21507850000006,False,,,0.0,,0.0,,,False,False,,False,False,,,,,False,,,,1.0,,,,,385.21507850000006,1.0,385.21507850000006,0.0,0.0,1.0,0.0,323.96588101850006,446.4642759815,96.85,88.12,3,182.4860434654667,202.72903503453335,18.0,3,41.83,41.83,17.5,2.0,21.44,21.44,21.0,2.0,35.29,70.76216567967334,83.63050817688801,76.74,9,WR3,GOOD VALUE,"[""Elite fantasy production"", ""Elite projected opportunity"", ""Elite target share"", ""Elite receiving opportunity profile"", ""Adds meaningful rushing production"", ""Excellent durability profile"", ""Very high projection confidence"", ""High ceiling outcome"", ""Massive value over replacement""]",[],Opportunity profile may support more production than raw totals suggest.,6,gsis_id,1,STARTER,2026-08-21 07:40:57+00:00
00-0034857,Josh Allen,QB,BUF,16.0,319.0,460.0,3668.0,25.0,10.0,112.0,579.0,14.0,0.0,0.0,0.0,0.0,0.0,0.0,0.0,0.0,364.62,3.0,0.0,0.0,0.0,0.0,0.0,0.0,0.0,0.0,10.0,4.0,2.0,1.0,0.0,0.0,ACT,8.0,2018.0,2018.0,BUF,7.0,False,False,,,,,,True,True,579.0,39.0,0.0,0.0,5.169642857142857,0.0,0.0,22.78875,444.62,27.78875,50.0,112.0,3.97,50.0,50.0,1.0,0.0,1.0,50.0,50.0,0.0,0.0,7.0,28.75,36.1875,0.875,98.33333333333333,98.33333333333333,83.2,16.8,0.0,0.0,0.0,0.0,11.8,Low,76.78571428571428,1.0,1.0,472.40875,1.0535714285714286,1.0,0.9832,488.96324295075715,False,,,0.0,,0.0,,,False,False,,False,False,,,,,False,,,,1.0,0.9992,1.0003,1.0009,1.0008,489.35472673214286,0.9992,488.96324295075715,0.0,0.0,1.0,-0.39148378138571616,407.40417402657084,570.5223118749434,94.12,89.11,1,110.65628772758686,378.3069552231703,1.0,1,0.0,0.0,18.0,1.0,46.98,46.98,18.0,1.0,100.0,42.90891739980594,100.0,76.71,10,QB1,GOOD VALUE,"[""Elite fantasy production"", ""Strong projected opportunity"", ""Elite quarterback rushing upside"", ""Strong durability profile"", ""High projection confidence"", ""High ceiling outcome"", ""Elite positional tier"", ""Massive value over replacement"", ""Last player remaining in QB Tier 1""]","[""Very high rushing contact exposure""]",Rushing usage creates additional fantasy scoring paths.,7,gsis_id,1,STARTER,2026-08-21 07:40:57+00:00
00-0037248,James Cook,RB,BUF,17.0,0.0,0.0,0.0,0.0,0.0,309.0,1621.0,12.0,33.0,40.0,291.0,2.0,56.0,0.08185562176291077,0.005521183231538341,0.126648260906443,302.2,0.0,0.0,0.0,9.0,1.0,0.0,0.0,0.0,0.0,0.0,0.0,4.0,4.0,1.0,0.0,ACT,4.0,2022.0,2022.0,BUF,63.0,False,False,,,,,,True,True,1912.0,14.0,0.825,7.275,5.2459546925566345,8.818181818181818,1.4,17.776470588235295,346.20000000000005,20.364705882352943,50.0,342.0,1.012,50.0,50.0,1.0,0.0,1.0,50.0,50.0,0.0,2.3529411764705883,18.176470588235293,0.0,95.3529411764706,0.7058823529411765,98.46153846153847,0.0,88.0,12.0,0.0,0.0,0.0,0.0,0.0,Very Low,88.56643356643357,1.0,1.0,346.20000000000005,1.0771328671328673,1.0,0.988,370.050096639708,False,,,0.0,,0.0,,,False,False,,False,False,,,,,False,,,,1.0041,0.9992,1.0003,1.0009,1.0008,368.4285578181819,1.0003,370.050096639708,0.0,0.0,1.0,1.6215388215260873,310.1019809840753,429.99821229534064,95.8,84.16,6,160.82943508363527,209.2206615560727,21.0,3,20.85,20.85,17.5,1.0,43.17,43.17,21.0,1.0,70.0,62.364435742233184,84.84780502716053,76.42,11,RB6,GOOD VALUE,"[""Elite fantasy production"", ""Strong projected opportunity"", ""Strong durability profile"", ""Very high projection confidence"", ""High ceiling outcome"", ""Massive value over replacement""]",[],Positional advantage is significantly greater than replacement-level alternatives.,7,gsis_id,1,STARTER,2026-08-21 07:40:57+00:00
00-0036963,Amon-Ra St. Brown,WR,DET,17.0,0.0,0.0,0.0,0.0,0.0,3.0,9.0,0.0,117.0,172.0,1401.0,11.0,1390.0,0.31663969119731056,0.3866391169601706,0.7456069186680852,324.0,0.0,0.0,0.0,0.0,0.0,0.0,5.0,0.0,0.0,0.0,0.0,0.0,0.0,1.0,0.0,ACT,5.0,2021.0,2021.0,DET,112.0,False,False,,,,,,True,True,1410.0,11.0,0.6802325581395349,8.145348837209303,3.0,11.974358974358974,8.081395348837209,19.058823529411764,334.0,19.647058823529413,50.0,120.0,2.783,50.0,50.0,1.0,0.0,1.0,50.0,50.0,0.0,10.117647058823529,0.17647058823529413,0.0,0.5294117647058824,0.0,72.40625,0.0,91.0,9.0,0.0,0.0,0.0,0.0,0.0,Very Low,98.375,1.0,1.0,334.0,1.0967500000000001,1.0,0.991,364.39831645152594,False,,,0.0,,0.0,,,False,False,,False,False,,,,,False,,,,1.0025,0.9989,1.0005,1.0013,1.0011,363.01766950000007,1.0013,364.39831645152594,0.0,0.0,1.0,1.3806469515258755,306.4589841357333,422.3376487673185,96.85,86.62,4,161.6692814169926,202.72903503453335,22.0,3,20.82,20.82,21.0,2.0,21.44,21.44,21.0,2.0,35.29,62.690100895895974,79.11117213352686,72.63,12,WR4,GOOD VALUE,"[""Strong fantasy production"", ""Elite projected opportunity"", ""Elite target share"", ""Elite receiving opportunity profile"", ""Adds meaningful rushing production"", ""Excellent durability profile"", ""Very high projection confidence"", ""High ceiling outcome"", ""Massive value over replacement""]",[],Opportunity profile may support more production than raw totals suggest.,6,gsis_id,1,STARTER,2026-08-21 07:40:57+00:00
00-0039067,Rashee Rice,WR,KC,8.0,0.0,0.0,0.0,0.0,0.0,5.0,20.0,1.0,53.0,78.0,571.0,5.0,338.0,0.2903309732573863,0.13699770453087143,0.5313948530576895,150.1,0.0,0.0,0.0,0.0,0.0,0.0,1.0,0.0,0.0,0.0,0.0,0.0,0.0,2.0,0.0,ACT,3.0,2023.0,2023.0,KC,55.0,False,False,,,,,,True,True,591.0,6.0,0.6794871794871795,7.32051282051282,4.0,10.773584905660377,4.333333333333333,18.7625,150.1,18.7625,50.0,58.0,2.588,50.0,50.0,1.0,0.0,1.0,50.0,50.0,0.0,9.75,0.625,0.0,2.5,0.125,94.69791666666666,0.0,91.0,9.0,0.0,0.0,0.0,0.0,0.0,Very Low,87.72916666666667,1.0,1.0,318.9625,1.0754583333333334,1.0,0.991,342.9559361683687,False,,,0.0,,0.0,,,False,False,,False,False,,,,,False,,,,1.0121,0.9993,1.0003,0.9968,0.9973,339.94360073802085,0.9968,342.9559361683687,0.0,0.0,1.0,3.0123354303478322,288.42594231759807,397.48593001913923,81.85,80.59,5,140.22690113383533,202.72903503453335,27.0,4,21.44,21.44,21.0,236.0,0.0,0.0,24.5,236.0,0.14,54.375441663062816,74.45601386042586,62.27,13,WR5,DEPTH VALUE,"[""Strong fantasy production"", ""Strong projected opportunity"", ""Elite target share"", ""Hybrid rushing role adds extra fantasy upside"", ""Excellent durability profile"", ""High ceiling outcome"", ""Massive value over replacement""]",[],Rushing usage creates additional fantasy scoring paths.,5,gsis_id,1,STARTER,2026-08-21 07:40:57+00:00
00-0037239,Chris Olave,WR,NO,16.0,0.0,1.0,0.0,0.0,1.0,1.0,-3.0,0.0,100.0,156.0,1163.0,9.0,1841.0,0.29178982543708415,0.40991009481517604,0.7246218045262495,268.0,0.0,0.0,0.0,0.0,0.0,0.0,3.0,0.0,0.0,0.0,0.0,0.0,0.0,4.0,1.0,ACT,4.0,2022.0,2022.0,NO,11.0,False,False,,,,,,True,True,1160.0,9.0,0.6410256410256411,7.455128205128205,-3.0,11.63,11.801282051282051,16.75,279.0,17.4375,50.0,101.0,2.762,50.0,50.0,1.0,0.0,1.0,50.0,50.0,0.0,9.75,0.0625,0.0625,-0.1875,0.0,41.25,0.0,91.0,9.0,0.0,0.0,0.0,0.0,0.0,Very Low,97.4375,1.0,1.0,296.4375,1.094875,1.0,0.991,327.79066037306825,False,,,0.0,,0.0,,,False,False,,False,False,,,,,False,,,,1.018,0.9991,1.0004,1.0011,1.0009,321.6409497421875,1.0011,327.79066037306825,0.0,0.0,1.0,6.149710630880747,275.67194537375036,379.909375372386,96.85,83.6,6,125.0616253385349,202.72903503453335,33.0,4,15.17,15.17,24.5,236.0,0.0,0.0,24.5,236.0,0.14,48.49483984811873,71.16362009862863,61.8,14,WR6,DEPTH VALUE,"[""Strong fantasy production"", ""Elite projected opportunity"", ""Elite target share"", ""Elite receiving opportunity profile"", ""Excellent durability profile"", ""Very high projection confidence"", ""High ceiling outcome"", ""Massive value over replacement""]",[],Opportunity profile may support more production than raw totals suggest.,8,gsis_id,1,STARTER,2026-08-21 07:40:57+00:00
00-0037247,George Pickens,WR,DAL,17.0,0.0,0.0,0.0,0.0,0.0,0.0,0.0,0.0,93.0,137.0,1429.0,9.0,1547.0,0.2251513769371896,0.3220924231479262,0.5631917616093327,291.9,0.0,0.0,0.0,0.0,0.0,0.0,5.0,0.0,0.0,0.0,0.0,0.0,0.0,4.0,1.0,ACT,4.0,2022.0,2022.0,PIT,52.0,False,False,,,,,,True,True,1429.0,9.0,0.6788321167883211,10.430656934306569,0.0,15.365591397849462,11.291970802919709,17.170588235294115,303.9,17.876470588235293,50.0,93.0,3.268,50.0,50.0,1.0,0.0,1.0,50.0,50.0,0.0,8.058823529411764,0.0,0.0,0.0,0.0,37.75,0.0,91.0,9.0,0.0,0.0,0.0,0.0,0.0,Very Low,90.83333333333334,1.0,1.0,303.9,1.0816666666666668,1.0,0.991,325.8251855067,False,,,0.0,,0.0,,,False,False,,False,False,,,,,False,,,,1.0,0.9999,1.0001,1.0002,1.0002,325.7600335,1.0002,325.8251855067,0.0,0.0,1.0,0.06515200669997512,274.0189810111347,377.6313900022652,96.85,82.5,7,123.09615047216664,202.72903503453335,37.0,4,1.97,1.97,24.5,236.0,0.0,0.0,24.5,236.0,0.14,47.73269247787612,70.73691389978684,61.18,15,WR7,DEPTH VALUE,"[""Strong fantasy production"", ""Elite projected opportunity"", ""Strong target share"", ""Excellent durability profile"", ""Very high projection confidence"", ""High ceiling outcome"", ""Massive value over replacement""]",[],Opportunity profile may support more production than raw totals suggest.,14,gsis_id,2,BACKUP,2026-08-21 07:40:57+00:00
00-0032764,Derrick Henry,RB,BAL,17.0,0.0,1.0,0.0,0.0,0.0,307.0,1595.0,16.0,15.0,21.0,150.0,0.0,12.0,0.04880496773410475,0.002374543980072974,0.0748696323872082,279.5,0.0,0.0,0.0,8.0,1.0,0.0,0.0,0.0,0.0,0.0,0.0,4.0,1.0,1.0,0.0,ACT,10.0,2016.0,2016.0,TEN,45.0,False,False,,,,,,True,True,1745.0,16.0,0.7142857142857143,7.142857142857143,5.195439739413681,10.0,0.5714285714285714,16.441176470588236,309.5,18.205882352941178,50.0,322.0,0.961,50.0,50.0,1.0,0.0,1.0,50.0,50.0,0.0,1.2352941176470589,18.058823529411764,0.058823529411764705,93.82352941176471,0.9411764705882353,98.46153846153847,0.0,88.0,12.0,0.0,0.0,0.0,0.0,0.0,Very Low,82.3076923076923,1.0,1.0,309.5,1.0646153846153847,1.0,0.988,326.879212368,False,,,0.0,,0.0,,,False,False,,False,False,,,,,False,,,,1.0041,1.0,1.0,0.9996,0.9997,325.54448,1.0,326.879212368,0.0,0.0,1.0,1.3347323680000045,273.924779964384,379.833644771616,95.8,79.88,7,117.65855081192731,209.2206615560727,35.0,4,43.17,43.17,21.0,137.0,0.0,0.0,24.5,137.0,0.24,45.624167788806375,74.95969775464756,60.53,16,RB7,DEPTH VALUE,"[""Strong fantasy production"", ""Strong projected opportunity"", ""Strong durability profile"", ""Very high projection confidence"", ""High ceiling outcome"", ""Massive value over replacement""]",[],Positional advantage is significantly greater than replacement-level alternatives.,13,gsis_id,1,STARTER,2026-08-21 07:40:57+00:00
00-0037238,Drake London,WR,ATL,12.0,0.0,0.0,0.0,0.0,0.0,0.0,0.0,0.0,68.0,112.0,919.0,7.0,1221.0,0.29711112593933936,0.40241994558967037,0.7273606508217783,201.9,0.0,0.0,0.0,0.0,0.0,0.0,5.0,0.0,0.0,0.0,0.0,0.0,0.0,3.0,0.0,ACT,4.0,2022.0,2022.0,ATL,8.0,False,False,,,,,,True,True,919.0,7.0,0.6071428571428571,8.205357142857142,0.0,13.514705882352942,10.901785714285714,16.825,211.9,17.658333333333335,50.0,68.0,3.116,50.0,50.0,1.0,0.0,1.0,50.0,50.0,0.0,9.333333333333334,0.0,0.0,0.0,0.0,37.75,0.0,91.0,9.0,0.0,0.0,0.0,0.0,0.0,Very Low,97.16666666666667,1.0,1.0,300.1916666666667,1.0943333333333334,1.0,0.991,325.22760633772504,False,,,0.0,,0.0,,,False,False,,False,False,,,,,False,,,,1.0,1.0,1.0,0.999,0.9991,325.5531594972223,0.999,325.22760633772504,0.0,0.0,1.0,-0.3255531594972467,273.51641693002676,376.93879574542325,89.85,82.76,8,122.49857130319168,202.72903503453335,38.0,4,0.6,0.6,24.5,236.0,0.0,0.0,24.5,236.0,0.14,47.50097066858757,70.60717897411388,60.44,17,WR8,DEPTH VALUE,"[""Strong fantasy production"", ""Elite projected opportunity"", ""Elite target share"", ""Elite receiving opportunity profile"", ""Excellent durability profile"", ""High ceiling outcome"", ""Massive value over replacement""]",[],Opportunity profile may support more production than raw totals suggest.,11,gsis_id,1,STARTER,2026-08-21 07:40:57+00:00
00-0039338,Brock Bowers,TE,LV,12.0,0.0,0.0,0.0,0.0,0.0,2.0,2.0,0.0,64.0,86.0,680.0,7.0,560.0,0.23378346350296575,0.2503386684176968,0.5259122631468364,176.2,0.0,0.0,0.0,0.0,0.0,0.0,2.0,0.0,0.0,0.0,0.0,0.0,0.0,0.0,0.0,ACT,2.0,2024.0,2024.0,LV,13.0,False,False,,,,,,True,True,682.0,7.0,0.7441860465116279,7.906976744186046,1.0,10.625,6.511627906976744,14.683333333333332,178.2,14.85,50.0,66.0,2.7,50.0,50.0,1.0,0.0,1.0,50.0,50.0,0.0,7.166666666666667,0.16666666666666666,0.0,0.16666666666666666,0.0,0.0,0.0,90.0,10.0,0.0,0.0,0.0,0.0,0.0,Very Low,99.15492957746478,1.0,1.0,252.45,1.0983098591549296,1.0,0.99,274.6603380886479,False,,,0.0,,0.0,,,False,False,,False,False,,,,,False,,,,1.0,0.9994,1.0002,1.0007,1.0006,274.49564070422537,1.0006,274.6603380886479,0.0,0.0,1.0,0.16469738442253856,230.71468399446422,318.6059921828315,89.5,79.42,2,79.16345077284512,195.49688731580278,64.0,2,75.75,75.75,12.0,2.0,19.65,19.65,15.0,2.0,47.77,30.697017223801016,78.38156822007541,60.0,18,TE2,DEPTH VALUE,"[""Elite projected opportunity"", ""Strong target share"", ""Excellent durability profile"", ""High ceiling outcome"", ""Strong value over replacement""]",[],Opportunity profile may support more production than raw totals suggest.,13,gsis_id,1,STARTER,2026-08-21 07:40:57+00:00
00-0038597,Chase Brown,RB,CIN,17.0,0.0,0.0,0.0,0.0,0.0,232.0,1019.0,6.0,69.0,88.0,437.0,5.0,46.0,0.14323767402726423,0.013669334886481947,0.2244250454614337,282.6,0.0,0.0,0.0,3.0,0.0,0.0,0.0,0.0,0.0,0.0,0.0,0.0,0.0,0.0,0.0,ACT,3.0,2023.0,2023.0,CIN,163.0,False,False,,,,,,True,True,1456.0,11.0,0.7840909090909091,4.965909090909091,4.392241379310345,6.333333333333333,0.5227272727272727,16.623529411764707,286.6,16.858823529411765,50.0,301.0,0.952,50.0,50.0,1.0,0.0,1.0,50.0,50.0,0.0,5.176470588235294,13.647058823529411,0.0,59.94117647058823,0.35294117647058826,84.33566433566433,0.0,88.0,12.0,0.0,0.0,0.0,0.0,0.0,Very Low,89.86013986013985,1.0,1.0,286.6,1.0797202797202798,1.0,0.988,305.73445818181824,False,,,0.0,,0.0,,,False,False,,False,False,,,,,False,,,,1.0,,,,,305.73445818181824,1.0,305.73445818181824,0.0,0.0,1.0,0.0,256.20547595636367,355.26344040727275,95.8,80.07,8,96.51379662574553,209.2206615560727,42.0,4,21.14,21.14,24.5,137.0,0.0,0.0,24.5,137.0,0.24,37.42491829791745,70.11658181734201,56.74,19,RB8,DEPTH VALUE,"[""Strong fantasy production"", ""Strong projected opportunity"", ""Strong durability profile"", ""Very high projection confidence"", ""High ceiling outcome"", ""Strong value over replacement""]",[],No major hidden edge identified yet.,6,gsis_id,1,STARTER,2026-08-21 07:40:57+00:00
00-0036358,CeeDee Lamb,WR,DAL,13.0,0.0,0.0,0.0,0.0,0.0,1.0,2.0,0.0,75.0,117.0,1077.0,3.0,1403.0,0.25103109146462876,0.3349977533039243,0.6110450645096901,200.9,0.0,0.0,0.0,0.0,0.0,0.0,6.0,0.0,0.0,0.0,0.0,0.0,0.0,3.0,1.0,ACT,6.0,2020.0,2020.0,DAL,17.0,False,False,,,,,,True,True,1079.0,3.0,0.6410256410256411,9.205128205128204,2.0,14.36,11.991452991452991,15.453846153846154,216.9,16.684615384615384,50.0,76.0,2.854,50.0,50.0,1.0,0.0,1.0,50.0,50.0,0.0,9.0,0.07692307692307693,0.0,0.15384615384615385,0.0,67.10416666666667,0.0,91.0,9.0,0.0,0.0,0.0,0.0,0.0,Very Low,93.91666666666667,1.0,1.0,283.6384615384615,1.0878333333333334,1.0,0.991,305.83556560137464,False,,,0.0,,0.0,,,False,False,,False,False,,,,,False,,,,1.0,0.9999,1.0001,1.0002,1.0002,305.7744107192308,1.0002,305.83556560137464,0.0,0.0,1.0,0.06115488214385323,257.20771067075606,354.46342053199317,89.85,80.72,9,103.10653056684129,202.72903503453335,41.0,4,19.39,19.39,24.5,236.0,0.0,0.0,24.5,236.0,0.14,39.9813665750708,66.39715109129335,56.45,20,WR9,DEPTH VALUE,"[""Strong fantasy production"", ""Elite projected opportunity"", ""Elite target share"", ""Elite receiving opportunity profile"", ""Adds meaningful rushing production"", ""Excellent durability profile"", ""High ceiling outcome"", ""Massive value over replacement""]",[],Opportunity profile may support more production than raw totals suggest.,14,gsis_id,1,STARTER,2026-08-21 07:40:57+00:00
00-0036554,Nico Collins,WR,HOU,15.0,0.0,0.0,0.0,0.0,0.0,2.0,15.0,1.0,71.0,120.0,1117.0,6.0,1529.0,0.24242067641505255,0.3507441884373733,0.6091519465287402,226.20000000000002,0.0,0.0,0.0,0.0,0.0,0.0,3.0,0.0,0.0,0.0,0.0,0.0,0.0,5.0,2.0,ACT,5.0,2021.0,2021.0,HOU,89.0,False,False,,,,,,True,True,1132.0,7.0,0.5916666666666667,9.308333333333334,7.5,15.732394366197184,12.741666666666667,15.080000000000002,240.2,16.013333333333332,50.0,73.0,3.29,50.0,50.0,1.0,0.0,1.0,50.0,50.0,0.0,8.0,0.13333333333333333,0.0,1.0,0.06666666666666667,84.05208333333333,0.0,91.0,9.0,0.0,0.0,0.0,0.0,0.0,Very Low,92.79166666666666,1.0,1.0,272.22666666666663,1.0855833333333333,1.0,0.991,298.87335788223453,False,,,0.0,,0.0,,,False,False,,False,False,,,,,False,,,,1.0197,0.999,1.0004,1.0008,1.0007,292.8650096322222,1.0008,298.87335788223453,0.0,0.0,1.0,6.008348250012318,251.35249397895922,346.3942217855098,96.85,80.64,11,96.14432284770118,202.72903503453335,45.0,4,0.95,0.95,24.5,236.0,0.0,0.0,24.5,236.0,0.14,37.281648356831695,64.88565010890193,55.88,21,WR11,DEPTH VALUE,"[""Strong fantasy production"", ""Elite projected opportunity"", ""Strong target share"", ""Elite receiving opportunity profile"", ""Adds meaningful rushing production"", ""Excellent durability profile"", ""Very high projection confidence"", ""High ceiling outcome"", ""Strong value over replacement""]",[],Opportunity profile may support more production than raw totals suggest.,8,gsis_id,1,STARTER,2026-08-21 07:40:57+00:00
00-0038996,Tucker Kraft,TE,GB,8.0,0.0,0.0,0.0,0.0,0.0,1.0,3.0,0.0,32.0,44.0,489.0,6.0,201.0,0.18961117586117585,0.09583147416083157,0.3514987957043459,117.19999999999999,0.0,0.0,0.0,0.0,0.0,0.0,2.0,0.0,0.0,0.0,0.0,0.0,0.0,2.0,0.0,ACT,3.0,2023.0,2023.0,GB,78.0,False,False,,,,,,True,True,492.0,6.0,0.7272727272727273,11.113636363636363,3.0,15.28125,4.568181818181818,14.649999999999999,121.2,15.15,50.0,33.0,3.673,50.0,50.0,1.0,0.0,1.0,50.0,50.0,0.0,5.5,0.125,0.0,0.375,0.0,0.0,0.0,90.0,10.0,0.0,0.0,0.0,0.0,0.0,Very Low,89.15492957746478,1.0,1.0,257.55,1.0783098591549296,1.0,0.99,260.0946752552113,True,Questionable,Knee - ACL,0.45,UNKNOWN,0.45,,,False,False,D,True,False,D,Sleeper,0.0,Targeting Week 1 with no pitch count,False,https://www.packers.com/news/tucker-kraft-s-goal-is-to-start-week-1-on-no-pitch-count-june-11-2026,2026-07-31,Activated from PUP July 31 and progressing toward a Week 1 return; keep recovery risk visible without assuming missed games.,1.0,0.998,1.0008,1.0025,1.0021,274.94151718309865,1.0,274.94151718309865,0.054,0.0,0.946,-14.84684192788734,218.4795272143775,301.7098232960451,81.5,76.1,3,64.59778793940853,195.49688731580278,70.0,2,14.57,14.57,15.0,2.0,19.65,19.65,15.0,2.0,47.77,25.04892585702782,74.22487234256162,55.56,22,TE3,DEPTH VALUE,"[""Strong fantasy production"", ""Strong projected opportunity"", ""Excellent durability profile"", ""High ceiling outcome"", ""Strong value over replacement""]",[],No major hidden edge identified yet.,11,gsis_id,1,STARTER,2026-08-21 07:40:57+00:00
00-0031381,Davante Adams,WR,LAR,14.0,0.0,0.0,0.0,0.0,0.0,0.0,0.0,0.0,60.0,114.0,789.0,14.0,1444.0,0.2514545508748328,0.3565452147482973,0.6267634766360572,222.9,0.0,0.0,0.0,0.0,0.0,0.0,1.0,0.0,0.0,0.0,0.0,0.0,0.0,1.0,1.0,ACT,12.0,2014.0,2014.0,GB,53.0,False,False,,,,,,True,True,789.0,14.0,0.5263157894736842,6.921052631578948,0.0,13.15,12.666666666666666,15.921428571428573,228.9,16.35,50.0,60.0,3.815,50.0,50.0,1.0,0.0,1.0,50.0,50.0,0.0,8.142857142857142,0.0,0.0,0.0,0.0,37.75,0.0,91.0,9.0,0.0,0.0,0.0,0.0,0.0,Very Low,94.25,1.0,1.0,277.95000000000005,1.0885,1.0,0.991,299.825637825,False,,,0.0,,0.0,,,False,False,,False,False,,,,,False,,,,1.0,,,,,299.825637825,1.0,299.825637825,0.0,0.0,1.0,0.0,252.153361410825,347.4979142391749,89.85,80.38,10,97.09660279046665,202.72903503453335,44.0,4,6.01,6.01,24.5,236.0,0.0,0.0,24.5,236.0,0.14,37.65091161556497,65.09239086227598,55.29,23,WR10,DEPTH VALUE,"[""Strong fantasy production"", ""Elite projected opportunity"", ""Elite target share"", ""Elite receiving opportunity profile"", ""Excellent durability profile"", ""High ceiling outcome"", ""Strong value over replacement""]",[],Opportunity profile may support more production than raw totals suggest.,11,gsis_id,2,BACKUP,2026-08-21 07:40:57+00:00
00-0026498,Matthew Stafford,QB,LAR,17.0,388.0,597.0,4707.0,46.0,8.0,29.0,1.0,0.0,0.0,0.0,0.0,0.0,0.0,0.0,0.0,0.0,350.38,4.0,1.0,0.0,0.0,0.0,0.0,0.0,0.0,0.0,8.0,3.0,0.0,0.0,0.0,0.0,ACT,17.0,2009.0,2009.0,DET,1.0,False,False,,,,,,True,True,1.0,46.0,0.0,0.0,0.034482758620689655,0.0,0.0,20.610588235294117,420.38,24.728235294117646,50.0,29.0,14.496,50.0,50.0,1.0,0.0,1.0,50.0,50.0,0.0,0.0,1.7058823529411764,35.11764705882353,0.058823529411764705,0.0,32.08333333333333,32.08333333333333,91.2,8.8,0.0,0.0,0.0,0.0,3.8,Very Low,80.35714285714286,1.0,1.0,420.38,1.0607142857142857,1.0,0.9912,441.9791244,False,,,0.0,,0.0,,,False,False,,False,False,,,,,False,,,,1.0,,,,,441.9791244,1.0,441.9791244,0.0,0.0,1.0,0.0,371.79283944528,512.1654093547199,96.92,88.57,2,63.6721691768297,378.3069552231703,3.0,2,46.98,46.98,18.0,61.0,28.97,28.97,22.5,61.0,22.72,24.690000938771195,57.54048909861999,54.26,24,QB2,DEPTH VALUE,"[""Elite fantasy production"", ""Strong projected opportunity"", ""Excellent durability profile"", ""Very high projection confidence"", ""High ceiling outcome"", ""Strong value over replacement""]",[],No major hidden edge identified yet.,11,gsis_id,1,STARTER,2026-08-21 07:40:57+00:00
00-0036997,Javonte Williams,RB,DAL,16.0,0.0,0.0,0.0,0.0,0.0,252.0,1201.0,11.0,35.0,51.0,137.0,2.0,-67.0,0.08597138564007101,-0.014612996204090855,0.1187279811172429,242.8,0.0,0.0,0.0,2.0,0.0,0.0,0.0,0.0,0.0,0.0,0.0,1.0,0.0,0.0,0.0,ACT,5.0,2021.0,2021.0,DEN,35.0,False,False,,,,,,True,True,1338.0,13.0,0.6862745098039216,2.6862745098039214,4.765873015873016,3.914285714285714,-1.3137254901960784,15.175,250.8,15.675,50.0,287.0,0.874,50.0,50.0,1.0,0.0,1.0,50.0,50.0,0.0,3.1875,15.75,0.0,75.0625,0.6875,94.96503496503497,0.0,88.0,12.0,0.0,0.0,0.0,0.0,0.0,Very Low,90.24475524475524,1.0,1.0,266.475,1.0804895104895105,1.0,0.988,288.3375147418874,False,,,0.0,,0.0,,,False,False,,False,False,,,,,False,,,,1.0135,0.9999,1.0001,1.0002,1.0002,284.468361,1.0001,288.3375147418874,0.0,0.0,1.0,3.8691537418873736,241.62683735370163,335.0481921300731,95.8,78.67,10,79.11685318581468,209.2206615560727,52.0,4,0.98,0.98,24.5,137.0,0.0,0.0,24.5,137.0,0.24,30.67894819171996,66.13188597777561,53.24,25,RB10,DEPTH VALUE,"[""Strong fantasy production"", ""Elite projected opportunity"", ""Strong durability profile"", ""Very high projection confidence"", ""High ceiling outcome"", ""Strong value over replacement""]",[],Opportunity profile may support more production than raw totals suggest.,14,gsis_id,1,STARTER,2026-08-21 07:40:57+00:00
00-0039064,Zay Flowers,WR,BAL,17.0,0.0,0.0,0.0,0.0,0.0,10.0,62.0,1.0,86.0,118.0,1211.0,5.0,1204.0,0.2988172538071384,0.36047907061019185,0.700561230137842,243.3,0.0,0.0,0.0,0.0,0.0,0.0,3.0,0.0,0.0,0.0,0.0,0.0,0.0,4.0,2.0,ACT,3.0,2023.0,2023.0,BAL,22.0,False,False,,,,,,True,True,1273.0,6.0,0.7288135593220338,10.26271186440678,6.2,14.081395348837209,10.203389830508474,14.311764705882354,263.3,15.488235294117647,50.0,96.0,2.743,50.0,50.0,1.0,0.0,1.0,50.0,50.0,0.0,6.9411764705882355,0.5882352941176471,0.0,3.6470588235294117,0.058823529411764705,94.27083333333333,0.0,91.0,9.0,0.0,0.0,0.0,0.0,0.0,Very Low,94.45833333333333,1.0,1.0,263.3,1.0889166666666668,1.0,0.991,284.3301194372941,False,,,0.0,,0.0,,,False,False,,False,False,,,,,False,,,,1.0011,1.0,1.0,0.9996,0.9997,284.13135250833335,0.9996,284.3301194372941,0.0,0.0,1.0,0.1987669289607652,239.12163044676433,329.5386084278238,96.85,80.4,12,81.60108440276076,202.72903503453335,58.0,4,14.54,14.54,24.5,236.0,0.0,0.0,24.5,236.0,0.14,31.642252440208544,61.728301163933196,53.22,26,WR12,DEPTH VALUE,"[""Strong fantasy production"", ""Elite projected opportunity"", ""Elite target share"", ""Elite receiving opportunity profile"", ""Hybrid rushing role adds extra fantasy upside"", ""Excellent durability profile"", ""Very high projection confidence"", ""High ceiling outcome"", ""Strong value over replacement""]",[],Opportunity profile may support more production than raw totals suggest.,13,gsis_id,1,STARTER,2026-08-21 07:40:57+00:00
00-0034844,Saquon Barkley,RB,PHI,16.0,0.0,0.0,0.0,0.0,0.0,280.0,1140.0,7.0,37.0,50.0,273.0,2.0,31.0,0.12053389243432173,-0.006874331338088208,0.17598880671482087,232.3,0.0,0.0,0.0,3.0,0.0,0.0,0.0,0.0,0.0,0.0,0.0,3.0,2.0,2.0,1.0,ACT,8.0,2018.0,2018.0,NYG,2.0,False,False,,,,,,True,True,1413.0,9.0,0.74,5.46,4.071428571428571,7.378378378378378,0.62,14.51875,250.3,15.64375,50.0,317.0,0.79,50.0,50.0,1.0,0.0,1.0,50.0,50.0,0.0,3.125,17.5,0.0,71.25,0.4375,93.63636363636363,0.0,88.0,12.0,0.0,0.0,0.0,0.0,0.0,Very Low,93.84615384615384,1.0,1.0,265.94375,1.0876923076923077,1.0,0.988,286.39423854006577,False,,,0.0,,0.0,,,False,False,,False,False,,,,,False,,,,1.0014,0.9984,1.0007,1.0019,1.0015,285.79379150000005,1.0007,286.39423854006577,0.0,0.0,1.0,0.6004470400657169,239.9983718965751,332.7901051835564,95.8,79.53,11,77.17357698399306,209.2206615560727,54.0,4,1.94,1.94,24.5,137.0,0.0,0.0,24.5,137.0,0.24,29.92540874320488,65.68678683589107,53.1,27,RB11,DEPTH VALUE,"[""Strong fantasy production"", ""Elite projected opportunity"", ""Strong durability profile"", ""Very high projection confidence"", ""High ceiling outcome"", ""Strong value over replacement""]",[],Opportunity profile may support more production than raw totals suggest.,10,gsis_id,1,STARTER,2026-08-21 07:40:57+00:00
00-0035676,A.J. Brown,WR,NE,15.0,0.0,0.0,0.0,0.0,0.0,0.0,0.0,0.0,78.0,121.0,1003.0,7.0,1425.0,0.28656218396082017,0.3552099675629426,0.6784902532352901,220.3,0.0,0.0,0.0,0.0,0.0,0.0,5.0,0.0,0.0,0.0,0.0,0.0,0.0,1.0,0.0,ACT,7.0,2019.0,2019.0,TEN,51.0,False,False,,,,,,True,True,1003.0,7.0,0.6446280991735537,8.289256198347108,0.0,12.85897435897436,11.776859504132231,14.686666666666667,230.3,15.353333333333333,50.0,78.0,2.953,50.0,50.0,1.0,0.0,1.0,50.0,50.0,0.0,8.066666666666666,0.0,0.0,0.0,0.0,37.75,0.0,91.0,9.0,0.0,0.0,0.0,0.0,0.0,Very Low,94.75,1.0,1.0,261.00666666666666,1.0895000000000001,1.0,0.991,283.35810802553783,False,,,0.0,,0.0,,,False,False,,False,False,,,,,False,,,,1.005,0.9997,1.0002,1.0005,1.0004,281.80746246333337,1.0005,283.35810802553783,0.0,0.0,1.0,1.5506455622044655,238.30416884947732,328.4120472015983,96.85,80.3,13,80.62907299100448,202.72903503453335,60.0,4,0.97,0.97,24.5,236.0,0.0,0.0,24.5,236.0,0.14,31.265337958119684,61.517276692525044,53.02,28,WR13,DEPTH VALUE,"[""Strong fantasy production"", ""Elite projected opportunity"", ""Elite target share"", ""Elite receiving opportunity profile"", ""Excellent durability profile"", ""Very high projection confidence"", ""High ceiling outcome"", ""Strong value over replacement""]",[],Opportunity profile may support more production than raw totals suggest.,11,gsis_id,1,STARTER,2026-08-21 07:40:57+00:00
00-0036973,Travis Etienne,RB,NO,17.0,0.0,0.0,0.0,0.0,0.0,260.0,1107.0,7.0,36.0,52.0,292.0,6.0,-76.0,0.09763392791344377,-0.016619806430224343,0.1348170273690086,253.9,0.0,0.0,0.0,2.0,0.0,0.0,0.0,0.0,0.0,0.0,0.0,3.0,1.0,1.0,1.0,ACT,5.0,2021.0,2021.0,JAX,25.0,False,False,,,,,,True,True,1399.0,13.0,0.6923076923076923,5.615384615384615,4.257692307692308,8.11111111111111,-1.4615384615384615,14.935294117647059,265.9,15.641176470588235,50.0,296.0,0.898,50.0,50.0,1.0,0.0,1.0,50.0,50.0,0.0,3.0588235294117645,15.294117647058824,0.0,65.11764705882354,0.4117647058823529,89.65034965034964,0.0,88.0,12.0,0.0,0.0,0.0,0.0,0.0,Very Low,88.95104895104895,1.0,1.0,265.9,1.077902097902098,1.0,0.988,286.347578868872,False,,,0.0,,0.0,,,False,False,,False,False,,,,,False,,,,1.0108,0.9991,1.0004,1.0011,1.0009,283.1747978181818,1.0004,286.347578868872,0.0,0.0,1.0,3.1727810506902188,239.95927109211473,332.73588664562925,95.8,78.31,12,77.12691731279929,209.2206615560727,55.0,4,0.05,0.05,24.5,137.0,0.0,0.0,24.5,137.0,0.24,29.907315636900027,65.67609963682514,52.78,29,RB12,DEPTH VALUE,"[""Strong fantasy production"", ""Strong projected opportunity"", ""Strong durability profile"", ""Very high projection confidence"", ""High ceiling outcome"", ""Strong value over replacement""]",[],No major hidden edge identified yet.,8,gsis_id,1,STARTER,2026-08-21 07:40:57+00:00
00-0040122,Ashton Jeanty,RB,LV,17.0,0.0,0.0,0.0,0.0,0.0,266.0,975.0,5.0,55.0,73.0,346.0,5.0,-104.0,0.147596031639186,-0.058066702008564855,0.1807473560527836,245.1,0.0,0.0,0.0,2.0,0.0,0.0,0.0,0.0,0.0,0.0,0.0,2.0,2.0,1.0,1.0,ACT,1.0,2025.0,2025.0,LV,6.0,False,False,,,,,,True,True,1321.0,10.0,0.7534246575342466,4.739726027397261,3.6654135338345863,6.290909090909091,-1.4246575342465753,14.41764705882353,263.1,15.476470588235296,50.0,321.0,0.82,50.0,50.0,1.0,0.0,1.0,50.0,50.0,0.0,4.294117647058823,15.647058823529411,0.0,57.35294117647059,0.29411764705882354,86.64335664335664,0.0,88.0,12.0,0.0,0.0,0.0,0.0,0.0,Very Low,94.65034965034965,1.0,1.0,263.1,1.0893006993006993,1.0,0.988,284.06214250792425,False,,,0.0,,0.0,,,False,False,,False,False,,,,,False,,,,1.003,0.9994,1.0002,1.0007,1.0006,283.1558738181818,1.0002,284.06214250792425,0.0,0.0,1.0,0.9062686897424328,238.0440754216405,330.08020959420793,95.8,79.53,15,74.84148095185154,209.2206615560727,59.0,4,0.95,0.95,24.5,137.0,0.0,0.0,24.5,137.0,0.24,29.02109758234322,65.15263016700094,52.67,30,RB15,DEPTH VALUE,"[""Strong fantasy production"", ""Elite projected opportunity"", ""Strong durability profile"", ""Very high projection confidence"", ""High ceiling outcome"", ""Strong value over replacement""]",[],Opportunity profile may support more production than raw totals suggest.,13,gsis_id,1,STARTER,2026-08-21 07:40:57+00:00
00-0037840,Kyren Williams,RB,LAR,17.0,0.0,0.0,0.0,0.0,0.0,259.0,1252.0,10.0,36.0,50.0,281.0,3.0,125.0,0.0807717465545122,0.02096086949090061,0.13583022847539872,263.3,0.0,0.0,0.0,1.0,0.0,0.0,0.0,0.0,0.0,0.0,0.0,0.0,0.0,0.0,0.0,ACT,4.0,2022.0,2022.0,LAR,164.0,False,False,,,,,,True,True,1533.0,13.0,0.72,5.62,4.833976833976834,7.805555555555555,2.5,15.488235294117647,269.29999999999995,15.841176470588232,50.0,295.0,0.913,50.0,50.0,1.0,0.0,1.0,50.0,50.0,0.0,2.9411764705882355,15.235294117647058,0.0,73.6470588235294,0.5882352941176471,92.65734265734267,0.0,88.0,12.0,0.0,0.0,0.0,0.0,0.0,Very Low,86.38111888111888,1.0,1.0,269.29999999999995,1.072762237762238,1.0,0.988,285.42813218181817,False,,,0.0,,0.0,,,False,False,,False,False,,,,,False,,,,1.0,,,,,285.42813218181817,1.0,285.42813218181817,0.0,0.0,1.0,0.0,239.18877476836363,331.6674895952727,95.8,77.92,13,76.20747062574546,209.2206615560727,56.0,4,0.92,0.92,24.5,137.0,0.0,0.0,24.5,137.0,0.24,29.550784049237862,65.46550428705828,52.52,31,RB13,DEPTH VALUE,"[""Strong fantasy production"", ""Strong projected opportunity"", ""Strong durability profile"", ""Very high projection confidence"", ""High ceiling outcome"", ""Strong value over replacement""]",[],No major hidden edge identified yet.,11,gsis_id,1,STARTER,2026-08-21 07:40:57+00:00
00-0035700,Josh Jacobs,RB,GB,15.0,0.0,0.0,0.0,0.0,0.0,234.0,929.0,13.0,36.0,44.0,282.0,1.0,-39.0,0.10153887946691545,-0.040054476644523364,0.12427018554920681,237.1,0.0,0.0,0.0,0.0,0.0,0.0,0.0,0.0,0.0,0.0,0.0,1.0,1.0,0.0,0.0,ACT,7.0,2019.0,2019.0,OAK,24.0,False,False,,,,,,True,True,1211.0,14.0,0.8181818181818182,6.409090909090909,3.97008547008547,7.833333333333333,-0.8863636363636364,15.806666666666667,245.10000000000002,16.34,50.0,270.0,0.908,50.0,50.0,1.0,0.0,1.0,50.0,50.0,0.0,2.933333333333333,15.6,0.0,61.93333333333333,0.8666666666666667,92.72727272727273,0.0,88.0,12.0,0.0,0.0,0.0,0.0,0.0,Very Low,89.16083916083917,1.0,1.0,277.78,1.0783216783216785,1.0,0.988,279.960906336,True,Questionable,Groin,0.45,UNKNOWN,0.45,,,False,False,D,True,False,D,Sleeper,0.0,Returned to practice,False,https://www.reuters.com/sports/packers-rb-josh-jacobs-groin-returning-practice--flm-2026-08-18/,2026-08-18,Returned after nearly two weeks out; no regular-season absence currently projected.,1.0,0.998,1.0008,1.0025,1.0021,295.9417614545455,1.0,295.9417614545455,0.054,0.0,0.946,-15.980855118545492,234.607239509568,325.314573162432,95.8,79.24,16,70.74024477992728,209.2206615560727,61.0,4,4.1,4.1,24.5,137.0,0.0,0.0,24.5,137.0,0.24,27.430771286819734,64.21325947997347,51.86,32,RB16,DEPTH VALUE,"[""Strong fantasy production"", ""Strong projected opportunity"", ""Strong durability profile"", ""Very high projection confidence"", ""High ceiling outcome"", ""Strong value over replacement""]",[],No major hidden edge identified yet.,11,gsis_id,1,STARTER,2026-08-21 07:40:57+00:00
00-0040715,Cam Skattebo,RB,NYG,8.0,0.0,0.0,0.0,0.0,0.0,101.0,410.0,5.0,24.0,32.0,207.0,2.0,-5.0,0.12916302447552447,-0.006867460464103128,0.18893731438841452,127.7,0.0,0.0,0.0,0.0,0.0,0.0,0.0,0.0,0.0,0.0,0.0,0.0,0.0,0.0,0.0,ACT,1.0,2025.0,2025.0,NYG,105.0,False,False,,,,,,True,True,617.0,7.0,0.75,6.46875,4.0594059405940595,8.625,-0.15625,15.9625,127.7,15.9625,50.0,125.0,1.022,50.0,50.0,1.0,0.0,1.0,50.0,50.0,0.0,4.0,12.625,0.0,51.25,0.625,85.24475524475524,0.0,88.0,12.0,0.0,0.0,0.0,0.0,0.0,Very Low,87.67482517482517,1.0,1.0,271.3625,1.0753496503496505,1.0,0.988,289.3173646121797,False,,,0.0,,0.0,,,False,False,,False,False,,,,,False,,,,1.003,0.9987,1.0005,1.0015,1.0013,288.30785465909094,1.0005,289.3173646121797,0.0,0.0,1.0,1.0095099530887524,242.44795154500656,336.18677767935276,80.8,76.14,9,80.09670305610697,209.2206615560727,50.0,4,16.42,16.42,24.5,137.0,0.0,0.0,24.5,137.0,0.24,31.058902173658048,66.35631641953881,51.28,33,RB9,DEPTH VALUE,"[""Strong fantasy production"", ""Strong projected opportunity"", ""Strong durability profile"", ""High ceiling outcome"", ""Strong value over replacement""]",[],No major hidden edge identified yet.,8,gsis_id,1,STARTER,2026-08-21 07:40:57+00:00
00-0040666,Omarion Hampton,RB,LAC,9.0,0.0,0.0,0.0,0.0,0.0,124.0,545.0,4.0,32.0,35.0,192.0,1.0,-54.0,0.11804925046312088,-0.029757021343324166,0.1562439607543544,135.7,0.0,0.0,0.0,1.0,0.0,0.0,0.0,0.0,0.0,0.0,0.0,1.0,1.0,0.0,0.0,ACT,1.0,2025.0,2025.0,LAC,22.0,False,False,,,,,,True,True,737.0,5.0,0.9142857142857143,5.485714285714286,4.395161290322581,6.0,-1.542857142857143,15.077777777777776,141.7,15.744444444444444,50.0,156.0,0.908,50.0,50.0,1.0,0.0,1.0,50.0,50.0,0.0,3.888888888888889,13.777777777777779,0.0,60.55555555555556,0.4444444444444444,86.5034965034965,0.0,88.0,12.0,0.0,0.0,0.0,0.0,0.0,Very Low,88.77622377622379,1.0,1.0,267.65555555555557,1.0775524475524476,1.0,0.988,285.00893459086063,False,,,0.0,,0.0,,,False,False,,False,False,,,,,False,,,,1.0,0.9995,1.0002,1.0006,1.0005,284.95194420202023,1.0002,285.00893459086063,0.0,0.0,1.0,0.056990388840404194,238.8374871871412,331.18038199458005,80.8,76.14,14,75.78827303478792,209.2206615560727,57.0,4,0.42,0.42,24.5,137.0,0.0,0.0,24.5,137.0,0.24,29.388232827124973,65.36948886329074,50.5,34,RB14,DEPTH VALUE,"[""Strong fantasy production"", ""Strong projected opportunity"", ""Strong durability profile"", ""High ceiling outcome"", ""Strong value over replacement""]",[],No major hidden edge identified yet.,7,gsis_id,1,STARTER,2026-08-21 07:40:57+00:00
00-0036275,D'Andre Swift,RB,CHI,16.0,0.0,0.0,0.0,0.0,0.0,223.0,1087.0,9.0,34.0,48.0,299.0,1.0,-25.0,0.09353756184606844,-0.007046693544673058,0.13537365728783152,228.60000000000002,0.0,0.0,0.0,3.0,0.0,0.0,0.0,0.0,0.0,0.0,0.0,0.0,0.0,2.0,1.0,ACT,6.0,2020.0,2020.0,DET,35.0,False,False,,,,,,True,True,1386.0,10.0,0.7083333333333334,6.229166666666667,4.874439461883408,8.794117647058824,-0.5208333333333334,14.287500000000001,242.6,15.1625,50.0,257.0,0.944,50.0,50.0,1.0,0.0,1.0,50.0,50.0,0.0,3.0,13.9375,0.0,67.9375,0.5625,89.86013986013987,0.0,88.0,12.0,0.0,0.0,0.0,0.0,0.0,Very Low,85.87412587412587,1.0,1.0,257.7625,1.0717482517482517,1.0,0.988,275.56218150036227,False,,,0.0,,0.0,,,False,False,,False,False,,,,,False,,,,1.0094,0.9996,1.0002,0.999,0.9992,272.9414306363636,1.0002,275.56218150036227,0.0,0.0,1.0,2.620750863998694,230.92110809730357,320.20325490342094,95.8,76.94,17,66.34151994428956,209.2206615560727,62.0,4,4.4,4.4,24.5,137.0,0.0,0.0,24.5,137.0,0.24,25.725088541511088,63.20575028087288,50.48,35,RB17,DEPTH VALUE,"[""Strong fantasy production"", ""Strong projected opportunity"", ""Strong durability profile"", ""Very high projection confidence"", ""High ceiling outcome"", ""Strong value over replacement""]",[],No major hidden edge identified yet.,10,gsis_id,1,STARTER,2026-08-21 07:40:57+00:00
00-0036410,Tee Higgins,WR,CIN,15.0,0.0,0.0,0.0,0.0,0.0,0.0,0.0,0.0,59.0,98.0,846.0,11.0,1314.0,0.18264826578870344,0.3299325402843764,0.5049251768821186,211.6,0.0,0.0,0.0,0.0,0.0,0.0,1.0,0.0,0.0,0.0,0.0,0.0,0.0,3.0,3.0,ACT,6.0,2020.0,2020.0,CIN,33.0,False,False,,,,,,True,True,846.0,11.0,0.6020408163265306,8.63265306122449,0.0,14.338983050847459,13.408163265306122,14.106666666666666,223.60000000000002,14.906666666666668,50.0,59.0,3.79,50.0,50.0,1.0,0.0,1.0,50.0,50.0,0.0,6.533333333333333,0.0,0.0,0.0,0.0,37.75,0.0,91.0,9.0,0.0,0.0,0.0,0.0,0.0,Very Low,86.58333333333334,1.0,1.0,253.41333333333336,1.0731666666666668,1.0,0.991,269.5071495422223,False,,,0.0,,0.0,,,False,False,,False,False,,,,,False,,,,1.0,,,,,269.5071495422223,1.0,269.5071495422223,0.0,0.0,1.0,0.0,226.65551276500895,312.3587863194356,96.85,77.7,15,66.77811450768894,202.72903503453335,65.0,4,5.29,5.29,24.5,236.0,0.0,0.0,24.5,236.0,0.14,25.894385744976173,58.51022229266293,49.89,36,WR15,LATE / WATCH,"[""Strong projected opportunity"", ""Excellent durability profile"", ""Very high projection confidence"", ""High ceiling outcome"", ""Strong value over replacement""]",[],No major hidden edge identified yet.,6,gsis_id,2,BACKUP,2026-08-21 07:40:57+00:00
00-0039337,Malik Nabers,WR,NYG,4.0,0.0,0.0,0.0,0.0,0.0,0.0,0.0,0.0,18.0,35.0,271.0,2.0,555.0,0.2708333333333333,0.4386150612479355,0.7132805428735548,57.1,0.0,0.0,0.0,0.0,0.0,0.0,1.0,0.0,0.0,0.0,0.0,0.0,0.0,1.0,1.0,ACT,2.0,2024.0,2024.0,NYG,6.0,False,False,,,,,,True,True,271.0,2.0,0.5142857142857142,7.742857142857143,0.0,15.055555555555555,15.857142857142858,14.275,63.1,15.775,50.0,18.0,3.506,50.0,50.0,1.0,0.0,1.0,50.0,50.0,0.0,8.75,0.0,0.0,0.0,0.0,37.75,0.0,91.0,9.0,0.0,0.0,0.0,0.0,0.0,Very Low,96.52083333333334,1.0,1.0,268.175,1.0930416666666667,1.0,0.991,274.8019421281521,True,Questionable,Knee - ACL,0.45,UNKNOWN,0.45,,,False,False,D,False,False,D,Sleeper,,,False,,,,1.0,0.9987,1.0005,1.0015,1.0013,290.48831091770836,1.0,290.48831091770836,0.054,0.0,0.946,-15.68636878955624,231.10843332977592,318.49545092652824,81.85,79.03,14,72.07290709361877,202.72903503453335,63.0,4,8.56,8.56,24.5,236.0,0.0,0.0,24.5,236.0,0.14,27.94753448495625,59.65972608772927,49.67,37,WR14,LATE / WATCH,"[""Strong fantasy production"", ""Elite projected opportunity"", ""Elite target share"", ""Elite receiving opportunity profile"", ""Excellent durability profile"", ""High ceiling outcome"", ""Strong value over replacement""]",[],Opportunity profile may support more production than raw totals suggest.,8,gsis_id,1,STARTER,2026-08-21 07:40:57+00:00
00-0038117,Wan'Dale Robinson,WR,TEN,16.0,0.0,0.0,0.0,0.0,0.0,3.0,5.0,0.0,92.0,140.0,1014.0,4.0,1187.0,0.30265772214460096,0.284523664461736,0.6531531483401166,217.9,0.0,0.0,0.0,0.0,0.0,0.0,3.0,0.0,0.0,0.0,0.0,0.0,0.0,2.0,0.0,ACT,4.0,2022.0,2022.0,NYG,43.0,False,False,,,,,,True,True,1019.0,4.0,0.6571428571428571,7.242857142857143,1.6666666666666667,11.021739130434783,8.478571428571428,13.61875,223.9,13.99375,50.0,95.0,2.357,50.0,50.0,1.0,0.0,1.0,50.0,50.0,0.0,8.75,0.1875,0.0,0.3125,0.0,72.13541666666667,0.0,91.0,9.0,0.0,0.0,0.0,0.0,0.0,Very Low,94.0625,1.0,1.0,237.89375,1.088125,1.0,0.991,262.4052229128843,False,,,0.0,,0.0,,,False,False,,False,False,,,,,False,,,,1.0225,0.9985,1.0006,1.0004,1.0003,256.5284134882813,1.0004,262.4052229128843,0.0,0.0,1.0,5.876809424603039,220.6827924697357,304.12765335603285,96.85,78.42,17,59.67618787835096,202.72903503453335,69.0,4,2.93,2.93,24.5,236.0,0.0,0.0,24.5,236.0,0.14,23.140489067473823,56.96838822074846,48.8,38,WR17,LATE / WATCH,"[""Elite projected opportunity"", ""Elite target share"", ""Elite receiving opportunity profile"", ""Adds meaningful rushing production"", ""Excellent durability profile"", ""Very high projection confidence"", ""High ceiling outcome"", ""Strong value over replacement""]",[],Opportunity profile may support more production than raw totals suggest.,9,gsis_id,2,BACKUP,2026-08-21 07:40:57+00:00
00-0039361,Bucky Irving,RB,TB,10.0,0.0,0.0,0.0,0.0,0.0,173.0,588.0,1.0,30.0,35.0,277.0,3.0,-56.0,0.1071224824026548,-0.020599732131749822,0.14626391111175735,138.5,0.0,0.0,0.0,0.0,0.0,0.0,1.0,0.0,0.0,0.0,0.0,0.0,0.0,1.0,1.0,ACT,2.0,2024.0,2024.0,TB,125.0,False,False,,,,,,True,True,865.0,4.0,0.8571428571428571,7.914285714285715,3.398843930635838,9.233333333333333,-1.6,13.85,146.5,14.65,50.0,203.0,0.722,50.0,50.0,1.0,0.0,1.0,50.0,50.0,0.0,3.5,17.3,0.0,58.8,0.1,84.1958041958042,0.0,88.0,12.0,0.0,0.0,0.0,0.0,0.0,Very Low,94.02097902097901,1.0,1.0,249.05,1.088041958041958,1.0,0.988,268.79683113974596,False,,,0.0,,0.0,,,False,False,,False,False,,,,,False,,,,1.003,0.9977,1.001,1.0029,1.0024,267.7251274545455,1.001,268.79683113974596,0.0,0.0,1.0,1.0717036852004753,225.25174449510712,312.3419177843848,88.8,77.28,18,59.57616958367325,209.2206615560727,66.0,4,6.77,6.77,24.5,137.0,0.0,0.0,24.5,137.0,0.24,23.101705218558156,61.65617557953305,48.64,39,RB18,LATE / WATCH,"[""Elite projected opportunity"", ""Strong durability profile"", ""High ceiling outcome"", ""Strong value over replacement""]",[],Opportunity profile may support more production than raw totals suggest.,10,gsis_id,1,STARTER,2026-08-21 07:40:57+00:00
00-0033288,George Kittle,TE,SF,11.0,0.0,0.0,0.0,0.0,0.0,1.0,-3.0,0.0,57.0,69.0,628.0,7.0,460.0,0.21454148785862717,0.18492459051943272,0.45125944515154365,161.5,0.0,0.0,0.0,0.0,0.0,0.0,1.0,0.0,0.0,0.0,0.0,0.0,0.0,0.0,0.0,ACT,9.0,2017.0,2017.0,SF,146.0,False,False,,,,,,True,True,625.0,7.0,0.8260869565217391,9.101449275362318,-3.0,11.017543859649123,6.666666666666667,14.681818181818182,163.5,14.863636363636363,50.0,58.0,2.819,50.0,50.0,1.0,0.0,1.0,50.0,50.0,0.0,6.2727272727272725,0.09090909090909091,0.0,-0.2727272727272727,0.0,0.0,0.0,90.0,10.0,0.0,0.0,0.0,0.0,0.0,Very Low,96.12676056338027,1.0,1.0,252.6818181818182,1.0922535211267606,1.0,0.99,240.44475802816902,True,PUP,Achilles,1.0,UNKNOWN,1.0,,,False,False,D,True,False,D,Sleeper,,Week 1 target; availability not guaranteed,False,https://www.49ers.com/news/day-13-of-2026-training-camp-cowing-shines-defense-delivers-in-red-zone,2026-08-17,Official team report describes Week 1 as Kittle's goal; preserve uncertainty and do not treat it as a guaranteed return.,1.0,0.9961,1.0015,1.0047,1.0039,273.2326795774648,1.0,273.2326795774648,0.12,0.0,0.88,-32.78792154929579,201.97359674366197,278.91591931267607,89.5,78.68,4,44.94787071236624,195.49688731580278,88.0,3,19.65,19.65,15.0,139.0,0.0,0.0,18.0,139.0,0.3,17.429325628942628,68.61725043992948,48.47,40,TE4,LATE / WATCH,"[""Elite projected opportunity"", ""Strong target share"", ""Excellent durability profile"", ""High ceiling outcome""]",[],Opportunity profile may support more production than raw totals suggest.,8,gsis_id,1,STARTER,2026-08-21 07:40:57+00:00
00-0033077,Dak Prescott,QB,DAL,17.0,404.0,600.0,4552.0,30.0,10.0,53.0,177.0,2.0,0.0,0.0,0.0,0.0,0.0,0.0,0.0,0.0,313.78,6.0,0.0,0.0,0.0,0.0,0.0,0.0,0.0,0.0,12.0,4.0,0.0,0.0,0.0,0.0,ACT,10.0,2016.0,2016.0,DAL,135.0,False,False,,,,,,True,True,177.0,32.0,0.0,0.0,3.339622641509434,0.0,0.0,18.45764705882353,397.78,23.398823529411764,50.0,53.0,7.505,50.0,50.0,1.0,0.0,1.0,50.0,50.0,0.0,0.0,3.1176470588235294,35.294117647058826,10.411764705882353,0.11764705882352941,65.11904761904762,65.11904761904762,87.2,12.8,0.0,0.0,0.0,0.0,7.8,Very Low,87.97619047619047,1.0,1.0,397.78,1.075952380952381,1.0,0.9872,422.4717847640023,False,,,0.0,,0.0,,,False,False,,False,False,,,,,False,,,,1.0,0.9999,1.0001,1.0002,1.0002,422.51403616761905,0.9999,422.4717847640023,0.0,0.0,1.0,-0.04225140361677404,353.6933782044227,491.25019132358176,95.52,87.59,3,44.16482954083199,378.3069552231703,9.0,2,19.51,19.51,22.5,61.0,28.97,28.97,22.5,61.0,22.72,17.12568767361265,39.911721645277645,47.7,41,QB3,LATE / WATCH,"[""Elite fantasy production"", ""Strong projected opportunity"", ""Above-average quarterback rushing floor"", ""Strong durability profile"", ""Very high projection confidence"", ""High ceiling outcome""]","[""Elevated rushing contact exposure""]",No major hidden edge identified yet.,14,gsis_id,1,STARTER,2026-08-21 07:40:57+00:00
00-0037740,Garrett Wilson,WR,NYJ,7.0,0.0,0.0,0.0,0.0,0.0,0.0,0.0,0.0,36.0,59.0,395.0,4.0,535.0,0.35389266817838244,0.5625681628051125,0.9246367162311524,99.5,0.0,0.0,0.0,0.0,0.0,0.0,0.0,0.0,0.0,0.0,0.0,0.0,0.0,0.0,0.0,ACT,4.0,2022.0,2022.0,NYJ,10.0,False,False,,,,,,True,True,395.0,4.0,0.6101694915254238,6.694915254237288,0.0,10.972222222222221,9.067796610169491,14.214285714285714,99.5,14.214285714285714,50.0,36.0,2.764,50.0,50.0,1.0,0.0,1.0,50.0,50.0,0.0,8.428571428571429,0.0,0.0,0.0,0.0,37.75,0.0,91.0,9.0,0.0,0.0,0.0,0.0,0.0,Very Low,98.625,1.0,1.0,241.64285714285714,1.09725,1.0,0.991,265.3349716752958,False,,,0.0,,0.0,,,False,False,,False,False,,,,,False,,,,1.0081,0.9986,1.0006,1.0017,1.0014,262.75634137500003,1.0017,265.3349716752958,0.0,0.0,1.0,2.5786303002957425,223.14671117892374,307.52323217166776,81.85,77.59,16,62.60593664076242,202.72903503453335,68.0,4,4.17,4.17,24.5,236.0,0.0,0.0,24.5,236.0,0.14,24.276550562307044,57.60443907001728,47.61,42,WR16,LATE / WATCH,"[""Elite projected opportunity"", ""Elite target share"", ""Elite receiving opportunity profile"", ""Excellent durability profile"", ""High ceiling outcome"", ""Strong value over replacement""]",[],Opportunity profile may support more production than raw totals suggest.,13,gsis_id,1,STARTER,2026-08-21 07:40:57+00:00
00-0036970,Kyle Pitts,TE,ATL,17.0,0.0,0.0,0.0,0.0,0.0,0.0,0.0,0.0,88.0,118.0,928.0,5.0,869.0,0.22682102537608195,0.2161630737607579,0.49154568969665347,210.8,0.0,0.0,0.0,0.0,0.0,0.0,1.0,0.0,0.0,0.0,0.0,0.0,0.0,0.0,0.0,ACT,5.0,2021.0,2021.0,ATL,4.0,False,False,,,,,,True,True,928.0,5.0,0.7457627118644068,7.864406779661017,0.0,10.545454545454545,7.364406779661017,12.4,212.8,12.51764705882353,50.0,88.0,2.418,50.0,50.0,1.0,0.0,1.0,50.0,50.0,0.0,6.9411764705882355,0.0,0.0,0.0,0.0,0.0,0.0,90.0,10.0,0.0,0.0,0.0,0.0,0.0,Very Low,98.34507042253522,1.0,1.0,212.8,1.0966901408450704,1.0,0.99,230.83396763729579,False,,,0.0,,0.0,,,False,False,,False,False,,,,,False,,,,1.0,1.0,1.0,0.999,0.9991,231.04190535211268,0.9991,230.83396763729579,0.0,0.0,1.0,-0.20793771481689305,193.90053281532846,267.7674024592631,96.5,77.33,5,35.337080321493005,195.49688731580278,98.0,3,9.61,9.61,18.0,139.0,0.0,0.0,18.0,139.0,0.3,13.702573001527144,65.87455803696615,46.98,43,TE5,LATE / WATCH,"[""Elite projected opportunity"", ""Strong target share"", ""Excellent durability profile"", ""Very high projection confidence"", ""High ceiling outcome""]",[],Opportunity profile may support more production than raw totals suggest.,11,gsis_id,1,STARTER,2026-08-21 07:40:57+00:00
00-0037228,Jaylen Warren,RB,PIT,16.0,0.0,0.0,0.0,0.0,0.0,211.0,958.0,6.0,40.0,45.0,333.0,2.0,-113.0,0.09578743681403892,-0.04503439890410338,0.11215707598818601,217.1,0.0,0.0,0.0,2.0,0.0,0.0,0.0,0.0,0.0,0.0,0.0,2.0,2.0,1.0,0.0,ACT,4.0,2022.0,2022.0,,0.0,False,False,,,,,,True,True,1291.0,8.0,0.8888888888888888,7.4,4.540284360189573,8.325,-2.511111111111111,13.56875,229.10000000000002,14.318750000000001,50.0,251.0,0.913,50.0,50.0,1.0,0.0,1.0,50.0,50.0,0.0,2.8125,13.1875,0.0,59.875,0.375,84.12587412587412,0.0,88.0,12.0,0.0,0.0,0.0,0.0,0.0,Very Low,83.42657342657341,1.0,1.0,243.41875000000002,1.0668531468531468,1.0,0.988,256.7553577555818,False,,,0.0,,0.0,,,False,False,,False,False,,,,,False,,,,1.0,0.9984,1.0007,1.0019,1.0016,256.57575472727274,1.0007,256.7553577555818,0.0,0.0,1.0,0.17960302830908859,215.16098979917757,298.3497257119861,95.8,75.26,19,47.53469619950911,209.2206615560727,73.0,4,12.04,12.04,24.5,137.0,0.0,0.0,24.5,137.0,0.24,18.432412606058474,58.89812735906248,46.65,44,RB19,LATE / WATCH,"[""Strong projected opportunity"", ""Strong durability profile"", ""Very high projection confidence"", ""High ceiling outcome""]",[],No major hidden edge identified yet.,9,gsis_id,1,STARTER,2026-08-21 07:40:57+00:00
00-0038124,Christian Watson,WR,GB,10.0,0.0,0.0,0.0,0.0,0.0,1.0,3.0,0.0,35.0,55.0,611.0,6.0,977.0,0.20307464016909296,0.3475040833137693,0.547864818573278,132.4,0.0,0.0,0.0,0.0,0.0,0.0,1.0,0.0,0.0,0.0,0.0,0.0,0.0,3.0,2.0,ACT,4.0,2022.0,2022.0,GB,34.0,False,False,,,,,,True,True,614.0,6.0,0.6363636363636364,11.10909090909091,3.0,17.457142857142856,17.763636363636362,13.24,142.4,14.24,50.0,36.0,3.956,50.0,50.0,1.0,0.0,1.0,50.0,50.0,0.0,5.5,0.1,0.0,0.3,0.0,68.35416666666667,0.0,91.0,9.0,0.0,0.0,0.0,0.0,0.0,Very Low,86.27083333333334,1.0,1.0,242.08,1.0725416666666667,1.0,0.991,257.9473789833834,False,,,0.0,,0.0,,,False,False,,False,False,,,,,False,,,,1.0,0.998,1.0008,1.0025,1.0021,257.3041186866667,1.0025,257.9473789833834,0.0,0.0,1.0,0.6432602967166758,216.9337457250254,298.9610122417413,89.85,75.73,18,55.21834394885002,202.72903503453335,72.0,4,4.46,4.46,24.5,236.0,0.0,0.0,24.5,236.0,0.14,21.41188185607814,56.00058666259263,46.63,45,WR18,LATE / WATCH,"[""Strong projected opportunity"", ""Strong target share"", ""Adds meaningful rushing production"", ""Excellent durability profile"", ""High ceiling outcome"", ""Strong value over replacement""]",[],No major hidden edge identified yet.,11,gsis_id,1,STARTER,2026-08-21 07:40:57+00:00
00-0034351,Dallas Goedert,TE,PHI,15.0,0.0,0.0,0.0,0.0,0.0,0.0,0.0,0.0,60.0,82.0,591.0,11.0,583.0,0.20759515537945403,0.1520029258818682,0.4177947811864888,185.1,0.0,0.0,0.0,0.0,0.0,0.0,1.0,0.0,0.0,0.0,0.0,0.0,0.0,0.0,0.0,ACT,8.0,2018.0,2018.0,PHI,49.0,False,False,,,,,,True,True,591.0,11.0,0.7317073170731707,7.2073170731707314,0.0,9.85,7.109756097560975,12.34,187.1,12.473333333333333,50.0,60.0,3.118,50.0,50.0,1.0,0.0,1.0,50.0,50.0,0.0,5.466666666666667,0.0,0.0,0.0,0.0,0.0,0.0,90.0,10.0,0.0,0.0,0.0,0.0,0.0,Very Low,92.95774647887325,1.0,1.0,212.04666666666665,1.0859154929577466,1.0,0.99,228.5323601833103,False,,,0.0,,0.0,,,False,False,,False,False,,,,,False,,,,1.001,0.9984,1.0007,1.0019,1.0015,227.96211295774648,1.0015,228.5323601833103,0.0,0.0,1.0,0.5702472255638042,191.96718255398065,265.0975378126399,96.5,75.92,6,33.03547286750751,195.49688731580278,101.0,3,2.3,2.3,18.0,139.0,0.0,0.0,18.0,139.0,0.3,12.810084321869219,65.21773367373329,46.19,46,TE6,LATE / WATCH,"[""Elite projected opportunity"", ""Strong target share"", ""Excellent durability profile"", ""Very high projection confidence"", ""High ceiling outcome""]",[],Opportunity profile may support more production than raw totals suggest.,10,gsis_id,1,STARTER,2026-08-21 07:40:57+00:00
00-0037240,Jameson Williams,WR,DET,17.0,0.0,0.0,0.0,0.0,0.0,6.0,12.0,0.0,65.0,102.0,1117.0,7.0,1289.0,0.18619962021254863,0.3194567738683965,0.5029191720267004,219.9,0.0,0.0,0.0,0.0,0.0,0.0,4.0,0.0,0.0,0.0,0.0,0.0,0.0,5.0,2.0,ACT,4.0,2022.0,2022.0,DET,12.0,False,False,,,,,,True,True,1129.0,7.0,0.6372549019607843,10.950980392156863,2.0,17.184615384615384,12.637254901960784,12.935294117647059,235.9,13.876470588235295,50.0,71.0,3.323,50.0,50.0,1.0,0.0,1.0,50.0,50.0,0.0,6.0,0.35294117647058826,0.0,0.7058823529411765,0.0,77.42708333333333,0.0,91.0,9.0,0.0,0.0,0.0,0.0,0.0,Very Low,85.04166666666667,1.0,1.0,235.9,1.0700833333333333,1.0,0.991,251.11218833556933,False,,,0.0,,0.0,,,False,False,,False,False,,,,,False,,,,1.0025,0.9989,1.0005,1.0013,1.0011,250.16076440833334,1.0013,251.11218833556933,0.0,0.0,1.0,0.951423927235993,211.18535039021378,291.0390262809248,96.85,76.02,19,48.383153301035975,202.72903503453335,75.0,4,6.84,6.84,24.5,236.0,0.0,0.0,24.5,236.0,0.14,18.76141673618364,54.51666119013062,46.17,47,WR19,LATE / WATCH,"[""Strong projected opportunity"", ""Adds meaningful rushing production"", ""Excellent durability profile"", ""Very high projection confidence"", ""High ceiling outcome""]",[],No major hidden edge identified yet.,6,gsis_id,2,BACKUP,2026-08-21 07:40:57+00:00
00-0038559,Michael Wilson,WR,ARI,17.0,0.0,0.0,0.0,0.0,0.0,0.0,0.0,0.0,78.0,126.0,1006.0,7.0,1502.0,0.1922149200063066,0.3124362128546307,0.5070277290077013,220.6,0.0,0.0,0.0,0.0,0.0,0.0,3.0,0.0,0.0,0.0,0.0,0.0,0.0,2.0,1.0,ACT,3.0,2023.0,2023.0,ARI,94.0,False,False,,,,,,True,True,1006.0,7.0,0.6190476190476191,7.984126984126984,0.0,12.897435897435898,11.920634920634921,12.976470588235294,230.60000000000002,13.564705882352943,50.0,78.0,2.956,50.0,50.0,1.0,0.0,1.0,50.0,50.0,0.0,7.411764705882353,0.0,0.0,0.0,0.0,37.75,0.0,91.0,9.0,0.0,0.0,0.0,0.0,0.0,Very Low,87.45833333333334,1.0,1.0,230.60000000000002,1.0749166666666667,1.0,0.991,245.64490128333338,False,,,0.0,,0.0,,,False,False,,False,False,,,,,False,,,,1.0,,,,,245.64490128333338,1.0,245.64490128333338,0.0,0.0,1.0,0.0,206.58736197928337,284.70244058738336,96.85,76.23,20,42.91586624880003,202.72903503453335,80.0,4,5.47,5.47,24.5,236.0,0.0,0.0,24.5,236.0,0.14,16.641380239902954,53.329708705539836,45.25,48,WR20,LATE / WATCH,"[""Strong projected opportunity"", ""Excellent durability profile"", ""Very high projection confidence"", ""High ceiling outcome""]",[],No major hidden edge identified yet.,14,gsis_id,2,BACKUP,2026-08-21 07:40:57+00:00
00-0034348,Courtland Sutton,WR,DEN,17.0,0.0,0.0,0.0,0.0,0.0,0.0,0.0,0.0,74.0,124.0,1017.0,7.0,1542.0,0.2106750606917107,0.3444532420970438,0.5571298605054967,219.70000000000002,0.0,0.0,0.0,0.0,0.0,0.0,2.0,0.0,0.0,0.0,0.0,0.0,0.0,2.0,1.0,ACT,8.0,2018.0,2018.0,DEN,40.0,False,False,,,,,,True,True,1017.0,7.0,0.5967741935483871,8.201612903225806,0.0,13.743243243243244,12.435483870967742,12.923529411764706,225.7,13.276470588235293,50.0,74.0,3.05,50.0,50.0,1.0,0.0,1.0,50.0,50.0,0.0,7.294117647058823,0.0,0.0,0.0,0.0,37.75,0.0,91.0,9.0,0.0,0.0,0.0,0.0,0.0,Very Low,90.0,1.0,1.0,225.7,1.08,1.0,0.991,244.46310674927616,False,,,0.0,,0.0,,,False,False,,False,False,,,,,False,,,,1.0112,0.9994,1.0003,1.0008,1.0006,241.562196,1.0008,244.46310674927616,0.0,0.0,1.0,2.9009107492761643,205.59347277614125,283.332740722411,96.85,76.5,21,41.73407171474281,202.72903503453335,83.0,4,1.18,1.18,24.5,236.0,0.0,0.0,24.5,236.0,0.14,16.18311867079773,53.07314014693427,45.1,49,WR21,LATE / WATCH,"[""Elite projected opportunity"", ""Strong target share"", ""Excellent durability profile"", ""Very high projection confidence"", ""High ceiling outcome""]",[],Opportunity profile may support more production than raw totals suggest.,10,gsis_id,1,STARTER,2026-08-21 07:40:57+00:00
00-0040124,Tetairoa McMillan,WR,CAR,17.0,0.0,0.0,0.0,0.0,0.0,0.0,0.0,0.0,70.0,122.0,1014.0,7.0,1410.0,0.25740246205305123,0.459450865920246,0.707719299223749,213.4,0.0,0.0,0.0,0.0,0.0,0.0,2.0,0.0,0.0,0.0,0.0,0.0,0.0,3.0,1.0,ACT,1.0,2025.0,2025.0,CAR,8.0,False,False,,,,,,True,True,1014.0,7.0,0.5737704918032787,8.311475409836065,0.0,14.485714285714286,11.557377049180328,12.552941176470588,221.4,13.023529411764706,50.0,70.0,3.163,50.0,50.0,1.0,0.0,1.0,50.0,50.0,0.0,7.176470588235294,0.0,0.0,0.0,0.0,37.75,0.0,91.0,9.0,0.0,0.0,0.0,0.0,0.0,Very Low,94.83333333333334,1.0,1.0,221.4,1.0896666666666668,1.0,0.991,242.7399442962459,False,,,0.0,,0.0,,,False,False,,False,False,,,,,False,,,,1.015,0.9992,1.0003,1.0003,1.0003,239.08093020000004,1.0003,242.7399442962459,0.0,0.0,1.0,3.659014096245869,204.1442931531428,281.33559543934894,96.85,77.39,22,40.010909261712555,202.72903503453335,85.0,4,1.72,1.72,24.5,236.0,0.0,0.0,24.5,236.0,0.14,15.514932191005954,52.69904017094319,45.02,50,WR22,LATE / WATCH,"[""Elite projected opportunity"", ""Elite target share"", ""Elite receiving opportunity profile"", ""Excellent durability profile"", ""Very high projection confidence"", ""High ceiling outcome""]",[],Opportunity profile may support more production than raw totals suggest.,5,gsis_id,1,STARTER,2026-08-21 07:40:57+00:00
00-0040663,Harold Fannin Jr.,TE,CLE,16.0,0.0,0.0,0.0,0.0,0.0,7.0,13.0,1.0,72.0,107.0,731.0,6.0,646.0,0.21843375399367118,0.18652515282571022,0.45821823796850386,186.4,0.0,0.0,0.0,0.0,0.0,0.0,1.0,0.0,0.0,0.0,0.0,0.0,0.0,0.0,0.0,ACT,1.0,2025.0,2025.0,CLE,67.0,False,False,,,,,,True,True,744.0,7.0,0.6728971962616822,6.831775700934579,1.8571428571428572,10.152777777777779,6.037383177570093,11.65,190.4,11.9,50.0,79.0,2.41,50.0,50.0,1.0,0.0,1.0,50.0,50.0,0.0,6.6875,0.4375,0.0,0.8125,0.0625,0.0,0.0,90.0,10.0,0.0,0.0,0.0,0.0,0.0,Very Low,97.53521126760562,1.0,1.0,202.3,1.0950704225352113,1.0,0.99,221.33627094689615,False,,,0.0,,0.0,,,False,False,,False,False,,,,,False,,,,1.0086,0.9994,1.0003,1.0008,1.0006,219.3174190140845,1.0006,221.33627094689615,0.0,0.0,1.0,2.018851932811657,185.92246759539276,256.7500742983995,96.5,76.35,7,25.83938363109337,195.49688731580278,106.0,3,7.2,7.2,18.0,139.0,0.0,0.0,18.0,139.0,0.3,10.019674441076262,63.16413990287112,44.91,51,TE7,LATE / WATCH,"[""Elite projected opportunity"", ""Strong target share"", ""Excellent durability profile"", ""Very high projection confidence"", ""High ceiling outcome""]",[],Opportunity profile may support more production than raw totals suggest.,11,gsis_id,1,STARTER,2026-08-21 07:40:57+00:00
00-0038120,Breece Hall,RB,NYJ,16.0,1.0,1.0,4.0,1.0,0.0,243.0,1065.0,4.0,36.0,48.0,350.0,1.0,14.0,0.10585165145619367,-0.007493881785908096,0.15353175993415483,207.66,0.0,0.0,0.0,4.0,0.0,0.0,0.0,0.0,0.0,0.0,0.0,1.0,1.0,2.0,1.0,ACT,4.0,2022.0,2022.0,NYJ,36.0,False,False,,,,,,True,True,1415.0,6.0,0.75,7.291666666666667,4.382716049382716,9.722222222222221,0.2916666666666667,12.97875,227.66,14.22875,50.0,279.0,0.816,50.0,50.0,1.0,0.0,1.0,50.0,50.0,0.0,3.0,15.1875,0.0625,66.5625,0.25,86.57342657342657,0.0,88.0,12.0,0.0,0.0,0.0,0.0,0.0,Very Low,88.39160839160839,1.0,1.0,241.88875,1.0767832167832168,1.0,0.988,243.44005028259997,True,Questionable,Groin,0.45,UNKNOWN,0.45,,,False,False,D,True,False,D,Sleeper,0.0,Expected ready Week 1,False,https://www.reuters.com/sports/jets-coach-rb-breece-hall-groin-be-ready-week-1--flm-2026-08-18/,2026-08-18,Reported 2-3 week absence but coach expects readiness for the Sep 13 opener.,1.0,0.9986,1.0006,1.0017,1.0014,257.33620537272725,1.0,257.33620537272725,0.054,0.0,0.946,-13.89615509012728,204.00276213681877,282.87733842838117,95.8,76.39,22,34.21938872652726,209.2206615560727,84.0,4,2.36,2.36,24.5,137.0,0.0,0.0,24.5,137.0,0.24,13.269168471954384,55.84831286300817,44.52,52,RB22,LATE / WATCH,"[""Strong projected opportunity"", ""Strong durability profile"", ""Very high projection confidence"", ""High ceiling outcome""]",[],No major hidden edge identified yet.,13,gsis_id,1,STARTER,2026-08-21 07:40:57+00:00
00-0036139,Rico Dowdle,RB,PIT,17.0,0.0,0.0,0.0,0.0,0.0,236.0,1076.0,6.0,39.0,50.0,297.0,1.0,-52.0,0.1102740158315763,-0.03152579245399229,0.14334296902956983,216.3,0.0,0.0,0.0,3.0,1.0,0.0,0.0,0.0,0.0,0.0,0.0,2.0,0.0,0.0,0.0,ACT,6.0,2020.0,2020.0,,0.0,False,False,,,,,,True,True,1373.0,7.0,0.78,5.94,4.559322033898305,7.615384615384615,-1.04,12.723529411764707,228.3,13.429411764705883,50.0,275.0,0.83,50.0,50.0,1.0,0.0,1.0,50.0,50.0,0.0,2.9411764705882355,13.882352941176471,0.0,63.294117647058826,0.35294117647058826,85.87412587412587,0.0,88.0,12.0,0.0,0.0,0.0,0.0,0.0,Very Low,86.27622377622377,1.0,1.0,228.3,1.0725524475524475,1.0,0.988,242.0947068422727,False,,,0.0,,0.0,,,False,False,,False,False,,,,,False,,,,1.0,0.9984,1.0007,1.0019,1.0016,241.92535909090907,1.0007,242.0947068422727,0.0,0.0,1.0,0.169347751363631,202.8753643338245,281.31404935072084,95.8,74.85,23,32.87404528619999,209.2206615560727,86.0,4,1.35,1.35,24.5,137.0,0.0,0.0,24.5,137.0,0.24,12.747487944432207,55.54016767486233,43.89,53,RB23,LATE / WATCH,"[""Strong projected opportunity"", ""Strong durability profile"", ""Very high projection confidence"", ""High ceiling outcome""]",[],No major hidden edge identified yet.,9,gsis_id,2,BACKUP,2026-08-21 07:40:57+00:00
00-0036613,Jaylen Waddle,WR,DEN,16.0,1.0,1.0,8.0,0.0,0.0,2.0,28.0,0.0,64.0,100.0,910.0,6.0,1306.0,0.2329432528606754,0.42705269912849214,0.6483517686809576,194.12,0.0,0.0,0.0,0.0,0.0,0.0,1.0,0.0,0.0,0.0,0.0,0.0,0.0,3.0,2.0,ACT,5.0,2021.0,2021.0,MIA,6.0,False,False,,,,,,True,True,938.0,6.0,0.64,9.1,14.0,14.21875,13.06,12.1325,204.12,12.7575,50.0,66.0,3.093,50.0,50.0,1.0,0.0,1.0,50.0,50.0,0.0,6.25,0.125,0.0625,1.75,0.0,75.0625,0.0,91.0,9.0,0.0,0.0,0.0,0.0,0.0,Very Low,91.91666666666666,1.0,1.0,216.8775,1.0838333333333334,1.0,0.991,235.7409417364133,False,,,0.0,,0.0,,,False,False,,False,False,,,,,False,,,,1.0112,0.9994,1.0003,1.0008,1.0006,232.94353217625002,1.0008,235.7409417364133,0.0,0.0,1.0,2.7974095601632882,198.25813200032357,273.22375147250295,96.85,76.32,23,33.01190670187995,202.72903503453335,94.0,4,7.0,7.0,24.5,236.0,0.0,0.0,24.5,236.0,0.14,12.800946127600202,51.17955099858427,43.5,54,WR23,LATE / WATCH,"[""Elite projected opportunity"", ""Strong target share"", ""Elite receiving opportunity profile"", ""Adds meaningful rushing production"", ""Excellent durability profile"", ""Very high projection confidence"", ""High ceiling outcome""]",[],Opportunity profile may support more production than raw totals suggest.,10,gsis_id,2,BACKUP,2026-08-21 07:40:57+00:00
00-0041512,Jadarian Price,RB,SEA,0.0,0.0,0.0,0.0,0.0,0.0,0.0,0.0,0.0,0.0,0.0,0.0,0.0,0.0,0.0,0.0,0.0,0.0,0.0,0.0,0.0,0.0,0.0,0.0,0.0,0.0,0.0,0.0,0.0,0.0,0.0,0.0,0.0,ACT,0.0,2026.0,2026.0,SEA,32.0,True,False,,,,,,True,True,0.0,0.0,0.0,0.0,0.0,0.0,0.0,0.0,0.0,0.0,91.52,0.0,0.0,89.53,85.0,1.0,0.0,1.0,50.0,87.54,262.59,0.0,0.0,0.0,0.0,0.0,11.433566433566433,0.0,88.0,12.0,0.0,0.0,0.0,0.0,0.0,Very Low,9.44055944055944,1.0,1.0,262.59,0.9188811188811189,1.0,0.988,252.69713659636363,False,,,0.0,,0.0,,,False,False,,False,False,,,,,False,,,,1.06,1.0,1.0,1.0001,1.0001,238.39352509090907,1.0,252.69713659636363,0.0,0.0,1.0,14.303611505454569,211.76020046775272,293.63407272497454,80.8,69.77,20,43.47647504029092,209.2206615560727,74.0,4,4.06,4.06,24.5,137.0,0.0,0.0,24.5,137.0,0.24,16.85876613655355,57.96860907758893,43.04,55,RB20,LATE / WATCH,"[""Strong durability profile"", ""High ceiling outcome""]","[""Limited recent fantasy production"", ""Limited projected opportunity""]",No major hidden edge identified yet.,11,gsis_id,2,BACKUP,2026-08-21 07:40:57+00:00
00-0039851,Drake Maye,QB,NE,17.0,354.0,492.0,4394.0,31.0,8.0,103.0,450.0,4.0,1.0,1.0,2.0,0.0,-8.0,0.0013071895424836603,-0.0013331111481419764,0.0010276065100261068,351.96000000000004,1.0,0.0,0.0,0.0,0.0,0.0,0.0,0.0,0.0,6.0,2.0,0.0,0.0,0.0,0.0,ACT,2.0,2024.0,2024.0,NE,3.0,False,False,,,,,,True,True,452.0,35.0,1.0,2.0,4.368932038834951,2.0,-8.0,20.70352941176471,395.96,23.29176470588235,50.0,104.0,3.807,50.0,50.0,1.0,0.0,1.0,50.0,50.0,0.0,0.058823529411764705,6.0588235294117645,28.941176470588236,26.470588235294116,0.23529411764705882,87.61904761904762,87.61904761904762,84.5,15.5,0.0,0.0,0.0,0.0,10.5,Low,76.54761904761905,1.0,1.0,395.96,1.053095238095238,1.0,0.9845,410.3971887203624,False,,,0.0,,0.0,,,False,False,,False,False,,,,,False,,,,1.0,0.9997,1.0002,1.0005,1.0004,410.5203448238095,0.9997,410.3971887203624,0.0,0.0,1.0,-0.12315610344711558,342.47645398714246,478.31792345358235,94.575,83.78,4,32.090233497192116,378.3069552231703,10.0,2,12.07,12.07,22.5,61.0,28.97,28.97,22.5,61.0,22.72,12.443551168653777,28.999918717851543,42.83,56,QB4,LATE / WATCH,"[""Elite fantasy production"", ""Strong projected opportunity"", ""Elite quarterback rushing upside"", ""Strong durability profile"", ""High projection confidence"", ""High ceiling outcome""]","[""Very high rushing contact exposure""]",Rushing usage creates additional fantasy scoring paths.,11,gsis_id,1,STARTER,2026-08-21 07:40:57+00:00
00-0033873,Patrick Mahomes,QB,KC,14.0,315.0,502.0,3587.0,22.0,11.0,64.0,422.0,5.0,1.0,1.0,-10.0,0.0,-8.0,0.0024630541871921183,-0.0019772614928324273,0.0023104982358054782,285.68,2.0,0.0,0.0,0.0,0.0,0.0,0.0,0.0,0.0,8.0,1.0,0.0,0.0,0.0,0.0,ACT,9.0,2017.0,2017.0,KC,10.0,False,False,,,,,,True,True,412.0,27.0,1.0,-10.0,6.59375,-10.0,-8.0,20.405714285714286,332.68,23.762857142857143,50.0,65.0,5.118,50.0,50.0,1.0,0.0,1.0,50.0,50.0,0.0,0.07142857142857142,4.571428571428571,35.857142857142854,30.142857142857142,0.35714285714285715,87.61904761904762,87.61904761904762,84.5,15.5,0.0,0.0,0.0,0.0,10.5,Low,94.16666666666666,1.0,1.0,403.9685714285714,1.0883333333333334,1.0,0.9845,409.1779796895561,True,Questionable,Knee - ACL,0.45,UNKNOWN,0.45,,,False,False,D,False,False,D,Sleeper,,,False,,,,1.0,0.9993,1.0003,0.9968,0.9973,432.8378487452381,0.9993,432.5348622511164,0.054,0.0,0.946,-23.65986905568201,341.45902405093454,476.8969353281776,87.575,87.73,5,30.87102446638579,378.3069552231703,11.0,2,1.22,1.22,22.5,61.0,28.97,28.97,22.5,61.0,22.72,11.970781471872021,27.8981204776939,42.73,57,QB5,LATE / WATCH,"[""Elite fantasy production"", ""Elite projected opportunity"", ""Elite quarterback rushing upside"", ""Strong durability profile"", ""High ceiling outcome""]","[""Very high rushing contact exposure""]",Opportunity profile may support more production than raw totals suggest.,5,gsis_id,1,STARTER,2026-08-21 07:40:57+00:00
00-0036971,Trevor Lawrence,QB,JAX,17.0,341.0,560.0,4007.0,29.0,12.0,82.0,359.0,9.0,0.0,0.0,0.0,0.0,0.0,0.0,0.0,0.0,338.18,1.0,0.0,0.0,0.0,0.0,0.0,0.0,0.0,0.0,6.0,1.0,0.0,0.0,0.0,0.0,ACT,5.0,2021.0,2021.0,JAX,1.0,False,False,,,,,,True,True,359.0,38.0,0.0,0.0,4.378048780487805,0.0,0.0,19.89294117647059,384.18,22.598823529411764,50.0,82.0,4.685,50.0,50.0,1.0,0.0,1.0,50.0,50.0,0.0,0.0,4.823529411764706,32.94117647058823,21.11764705882353,0.5294117647058824,86.78571428571428,86.78571428571428,84.6,15.4,0.0,0.0,0.0,0.0,10.4,Low,89.04761904761905,1.0,1.0,384.18,1.0780952380952382,1.0,0.9846,407.64109440499203,False,,,0.0,,0.0,,,False,False,,False,False,,,,,False,,,,1.0,0.9996,1.0002,1.0005,1.0004,407.8042160914286,0.9996,407.64109440499203,0.0,0.0,1.0,-0.16312168643656833,340.21725739040636,475.0649314195777,94.61,86.07,6,29.33413918182174,378.3069552231703,12.0,2,1.54,1.54,22.5,61.0,28.97,28.97,22.5,61.0,22.72,11.37482723300688,26.509238457408212,42.53,58,QB6,LATE / WATCH,"[""Elite fantasy production"", ""Strong projected opportunity"", ""Elite quarterback rushing upside"", ""Strong durability profile"", ""High projection confidence"", ""High ceiling outcome""]","[""Very high rushing contact exposure""]",Rushing usage creates additional fantasy scoring paths.,7,gsis_id,1,STARTER,2026-08-21 07:40:57+00:00
00-0040734,TreVeyon Henderson,RB,NE,17.0,0.0,0.0,0.0,0.0,0.0,180.0,911.0,9.0,35.0,42.0,221.0,1.0,-1.0,0.08392639275562866,-0.0002806618324964926,0.12569312585069545,206.20000000000002,0.0,0.0,0.0,2.0,0.0,0.0,0.0,0.0,0.0,0.0,0.0,4.0,4.0,0.0,0.0,ACT,1.0,2025.0,2025.0,NE,38.0,False,False,,,,,,True,True,1132.0,10.0,0.8333333333333334,5.261904761904762,5.061111111111111,6.314285714285714,-0.023809523809523808,12.129411764705884,228.20000000000002,13.423529411764706,50.0,215.0,1.061,50.0,50.0,1.0,0.0,1.0,50.0,50.0,0.0,2.4705882352941178,10.588235294117647,0.0,53.588235294117645,0.5294117647058824,81.74825174825175,0.0,88.0,12.0,0.0,0.0,0.0,0.0,0.0,Very Low,76.5034965034965,1.0,1.0,228.20000000000002,1.053006993006993,1.0,0.988,237.46012398283636,False,,,0.0,,0.0,,,False,False,,False,False,,,,,False,,,,1.0,0.9997,1.0002,1.0005,1.0004,237.41264145454545,1.0002,237.46012398283636,0.0,0.0,1.0,0.047482528290913706,198.99158389761686,275.9286640680558,95.8,72.4,24,28.23946242676365,209.2206615560727,91.0,4,4.63,4.63,24.5,137.0,0.0,0.0,24.5,137.0,0.24,10.9503471114804,54.47863619941165,42.43,59,RB24,LATE / WATCH,"[""Strong projected opportunity"", ""Strong durability profile"", ""Very high projection confidence"", ""High ceiling outcome""]",[],No major hidden edge identified yet.,11,gsis_id,2,BACKUP,2026-08-21 07:40:57+00:00
00-0041027,Jeremiyah Love,RB,ARI,0.0,0.0,0.0,0.0,0.0,0.0,0.0,0.0,0.0,0.0,0.0,0.0,0.0,0.0,0.0,0.0,0.0,0.0,0.0,0.0,0.0,0.0,0.0,0.0,0.0,0.0,0.0,0.0,0.0,0.0,0.0,0.0,0.0,ACT,0.0,2026.0,2026.0,ARI,3.0,True,False,,,,,,True,True,0.0,0.0,0.0,0.0,0.0,0.0,0.0,0.0,0.0,0.0,99.45,0.0,0.0,90.0,85.0,1.0,0.0,1.0,50.0,91.25,270.75,0.0,0.0,0.0,0.0,0.0,11.433566433566433,0.0,88.0,12.0,0.0,0.0,0.0,0.0,0.0,Very Low,9.44055944055944,1.0,1.0,270.75,0.9188811188811189,1.0,0.988,245.80161818181816,True,,High ankle sprain,0.0,,0.0,,,False,False,,True,False,,,0.0,Team hopeful for Week 1,False,https://www.reuters.com/sports/report-cardinals-rookie-rb-jeremiyah-love-sidelined-with-ankle-sprain--flm-2026-08-17/,2026-08-17,Expected to miss the rest of preseason; Week 1 remains a target rather than a guarantee.,1.0,,,,,245.80161818181816,1.0,245.80161818181816,0.0,0.0,1.0,0.0,205.9817560363636,285.6214803272727,80.8,72.3,21,36.58095662574544,209.2206615560727,79.0,4,6.9,6.9,24.5,137.0,0.0,0.0,24.5,137.0,0.24,14.18490786645717,56.3892199375963,42.42,60,RB21,LATE / WATCH,"[""Strong durability profile"", ""High ceiling outcome""]","[""Limited recent fantasy production"", ""Limited projected opportunity""]",No major hidden edge identified yet.,14,gsis_id,1,STARTER,2026-08-21 07:40:57+00:00
00-0038544,Quentin Johnston,WR,LAC,13.0,0.0,0.0,0.0,0.0,0.0,2.0,7.0,0.0,51.0,84.0,735.0,8.0,989.0,0.19966168261167372,0.2803882557137554,0.49576430291713935,171.2,0.0,0.0,0.0,0.0,0.0,0.0,1.0,0.0,0.0,0.0,0.0,0.0,0.0,3.0,1.0,ACT,3.0,2023.0,2023.0,LAC,21.0,False,False,,,,,,True,True,742.0,8.0,0.6071428571428571,8.75,3.5,14.411764705882353,11.773809523809524,13.169230769230769,179.2,13.784615384615384,50.0,53.0,3.381,50.0,50.0,1.0,0.0,1.0,50.0,50.0,0.0,6.461538461538462,0.15384615384615385,0.0,0.5384615384615384,0.0,72.4375,0.0,91.0,9.0,0.0,0.0,0.0,0.0,0.0,Very Low,85.45833333333334,1.0,1.0,234.33846153846153,1.0709166666666667,1.0,0.991,235.26864044865638,True,Questionable,Lower Body,0.45,UNKNOWN,0.45,,,False,False,F,False,False,F,Sleeper,,,False,,,,1.0,0.9995,1.0002,1.0006,1.0005,248.69835142564102,1.0,248.69835142564102,0.054,0.0,0.946,-13.429710976984637,197.86092661732002,272.6763542799927,89.85,74.95,24,32.53960541412303,202.72903503453335,95.0,4,0.47,0.47,24.5,236.0,0.0,0.0,24.5,236.0,0.14,12.617803015171974,51.077014003247754,42.37,61,WR24,LATE / WATCH,"[""Strong projected opportunity"", ""Adds meaningful rushing production"", ""Excellent durability profile"", ""High ceiling outcome""]",[],No major hidden edge identified yet.,7,gsis_id,2,BACKUP,2026-08-21 07:40:57+00:00
00-0036919,Kenneth Gainwell,RB,TB,17.0,0.0,0.0,0.0,0.0,0.0,114.0,537.0,5.0,73.0,85.0,486.0,3.0,-17.0,0.1630249670794807,-0.014407636041703567,0.23445210539002853,221.3,0.0,0.0,0.0,0.0,0.0,0.0,0.0,0.0,0.0,0.0,0.0,1.0,0.0,1.0,1.0,ACT,5.0,2021.0,2021.0,PHI,150.0,False,False,,,,,,True,True,1023.0,8.0,0.8588235294117647,5.7176470588235295,4.7105263157894735,6.657534246575342,-0.2,13.01764705882353,227.3,13.370588235294118,50.0,187.0,1.216,50.0,50.0,1.0,0.0,1.0,50.0,50.0,0.0,5.0,6.705882352941177,0.0,31.58823529411765,0.29411764705882354,64.61538461538461,0.0,88.0,12.0,0.0,0.0,0.0,0.0,0.0,Very Low,74.8951048951049,1.0,1.0,227.3,1.0497902097902099,1.0,0.988,236.69762979844796,False,,,0.0,,0.0,,,False,False,,False,False,,,,,False,,,,1.003,0.9977,1.001,1.0029,1.0024,235.75390690909094,1.001,236.69762979844796,0.0,0.0,1.0,0.9437228893570193,198.35261377109939,275.0426458257965,95.8,71.93,25,27.47696824237525,209.2206615560727,93.0,4,0.76,0.76,24.5,137.0,0.0,0.0,24.5,137.0,0.24,10.654676610981605,54.303990152264525,42.18,62,RB25,LATE / WATCH,"[""Strong durability profile"", ""Very high projection confidence"", ""High ceiling outcome""]",[],No major hidden edge identified yet.,10,gsis_id,2,BACKUP,2026-08-21 07:40:57+00:00
00-0036322,Justin Jefferson,WR,MIN,17.0,0.0,0.0,0.0,0.0,0.0,2.0,7.0,0.0,84.0,141.0,1048.0,2.0,1438.0,0.30669593764750314,0.4014692945076781,0.7410724126266294,201.5,0.0,0.0,0.0,0.0,0.0,0.0,3.0,0.0,0.0,0.0,0.0,0.0,0.0,2.0,0.0,ACT,6.0,2020.0,2020.0,MIN,22.0,False,False,,,,,,True,True,1055.0,2.0,0.5957446808510638,7.432624113475177,3.5,12.476190476190476,10.198581560283689,11.852941176470589,207.5,12.205882352941176,50.0,86.0,2.413,50.0,50.0,1.0,0.0,1.0,50.0,50.0,0.0,8.294117647058824,0.11764705882352941,0.0,0.4117647058823529,0.0,69.35416666666667,0.0,91.0,9.0,0.0,0.0,0.0,0.0,0.0,Very Low,97.125,1.0,1.0,207.5,1.09425,1.0,0.991,224.96836045237498,False,,,0.0,,0.0,,,False,False,,False,False,,,,,False,,,,1.0,1.0,1.0,0.9998,0.9999,225.01336312499998,0.9998,224.96836045237498,0.0,0.0,1.0,-0.045002672625003015,189.19839114044734,260.73832976430253,96.85,76.93,26,22.239325417841627,202.72903503453335,102.0,4,4.62,4.62,24.5,236.0,0.0,0.0,24.5,236.0,0.14,8.623688693865974,48.8408148030307,41.72,63,WR26,LATE / WATCH,"[""Elite projected opportunity"", ""Elite target share"", ""Elite receiving opportunity profile"", ""Adds meaningful rushing production"", ""Excellent durability profile"", ""Very high projection confidence"", ""High ceiling outcome""]",[],Opportunity profile may support more production than raw totals suggest.,6,gsis_id,1,STARTER,2026-08-21 07:40:57+00:00
00-0030506,Travis Kelce,TE,KC,17.0,0.0,0.0,0.0,0.0,0.0,1.0,1.0,0.0,76.0,108.0,851.0,5.0,735.0,0.19995637527853072,0.18105872263917264,0.4266756687652169,193.20000000000002,0.0,0.0,0.0,0.0,0.0,0.0,0.0,0.0,0.0,0.0,0.0,0.0,0.0,1.0,0.0,ACT,13.0,2013.0,2013.0,KC,63.0,False,False,,,,,,True,True,852.0,5.0,0.7037037037037037,7.87962962962963,1.0,11.197368421052632,6.805555555555555,11.364705882352942,191.2,11.24705882352941,50.0,77.0,2.483,50.0,50.0,1.0,0.0,1.0,50.0,50.0,0.0,6.352941176470588,0.058823529411764705,0.0,0.058823529411764705,0.0,0.0,0.0,90.0,10.0,0.0,0.0,0.0,0.0,0.0,Very Low,95.49295774647887,1.0,1.0,191.2,1.0909859154929578,1.0,0.99,206.4266553245766,False,,,0.0,,0.0,,,False,False,,False,False,,,,,False,,,,1.0023,0.9993,1.0003,0.9968,0.9973,206.51054197183097,0.9973,206.4266553245766,0.0,0.0,1.0,-0.08388664725438844,173.39839047264434,239.45492017650884,96.5,75.01,9,10.929768008773806,195.49688731580278,124.0,3,6.38,6.38,18.0,139.0,0.0,0.0,18.0,139.0,0.3,4.238209344615469,58.90928802957749,41.7,64,TE9,LATE / WATCH,"[""Elite projected opportunity"", ""Excellent durability profile"", ""Very high projection confidence"", ""High ceiling outcome""]",[],Opportunity profile may support more production than raw totals suggest.,5,gsis_id,1,STARTER,2026-08-21 07:40:57+00:00
00-0035640,DK Metcalf,WR,PIT,15.0,0.0,0.0,0.0,0.0,0.0,2.0,12.0,1.0,59.0,99.0,850.0,6.0,1044.0,0.2241135461531662,0.3717469050513669,0.5963931527657061,187.2,0.0,0.0,0.0,0.0,0.0,0.0,2.0,0.0,0.0,0.0,0.0,0.0,0.0,3.0,1.0,ACT,7.0,2019.0,2019.0,SEA,64.0,False,False,,,,,,True,True,862.0,7.0,0.5959595959595959,8.585858585858587,6.0,14.40677966101695,10.545454545454545,12.479999999999999,195.2,13.013333333333332,50.0,61.0,3.2,50.0,50.0,1.0,0.0,1.0,50.0,50.0,0.0,6.6,0.13333333333333333,0.0,0.8,0.06666666666666667,83.03125,0.0,91.0,9.0,0.0,0.0,0.0,0.0,0.0,Very Low,90.87500000000001,1.0,1.0,221.22666666666663,1.08175,1.0,0.991,224.3515996327466,True,Questionable,Undisclosed,0.45,UNKNOWN,0.45,,,False,False,F,False,False,F,Sleeper,,,False,,,,1.0,0.9984,1.0007,1.0019,1.0016,237.1581391466666,1.0,237.1581391466666,0.054,0.0,0.946,-12.80653951392,188.6796952911399,260.0235039743533,96.85,76.39,27,21.622564598213245,202.72903503453335,103.0,4,0.62,0.62,24.5,236.0,0.0,0.0,24.5,236.0,0.14,8.384528862930555,48.70691552533377,41.47,65,WR27,LATE / WATCH,"[""Elite projected opportunity"", ""Strong target share"", ""Adds meaningful rushing production"", ""Excellent durability profile"", ""Very high projection confidence"", ""High ceiling outcome""]",[],Opportunity profile may support more production than raw totals suggest.,9,gsis_id,1,STARTER,2026-08-21 07:40:57+00:00
00-0039919,Rome Odunze,WR,CHI,12.0,0.0,0.0,0.0,0.0,0.0,0.0,0.0,0.0,44.0,90.0,661.0,6.0,1252.0,0.23634902524228082,0.3533042605692824,0.6018365202619188,146.1,0.0,0.0,0.0,0.0,0.0,0.0,2.0,0.0,0.0,0.0,0.0,0.0,0.0,0.0,0.0,ACT,2.0,2024.0,2024.0,CHI,9.0,False,False,,,,,,True,True,661.0,6.0,0.4888888888888889,7.344444444444444,0.0,15.022727272727273,13.911111111111111,12.174999999999999,150.10000000000002,12.508333333333335,50.0,44.0,3.411,50.0,50.0,1.0,0.0,1.0,50.0,50.0,0.0,7.5,0.0,0.0,0.0,0.0,37.75,0.0,91.0,9.0,0.0,0.0,0.0,0.0,0.0,Very Low,92.25,1.0,1.0,212.64166666666668,1.0845,1.0,0.991,229.58437695302587,False,,,0.0,,0.0,,,False,False,,False,False,,,,,False,,,,1.0056,0.9996,1.0002,0.999,0.9992,228.53439851250002,0.999,229.58437695302587,0.0,0.0,1.0,1.049978440525848,193.08046101749474,266.08829288855696,89.85,75.04,25,26.855341918492513,202.72903503453335,100.0,4,5.68,5.68,24.5,236.0,0.0,0.0,24.5,236.0,0.14,10.413630095390069,49.842955755574785,41.37,66,WR25,LATE / WATCH,"[""Elite projected opportunity"", ""Strong target share"", ""Elite receiving opportunity profile"", ""Excellent durability profile"", ""High ceiling outcome""]",[],Opportunity profile may support more production than raw totals suggest.,10,gsis_id,1,STARTER,2026-08-21 07:40:57+00:00
00-0039065,Sam LaPorta,TE,DET,9.0,0.0,0.0,0.0,0.0,0.0,0.0,0.0,0.0,40.0,49.0,489.0,3.0,277.0,0.1846946965301275,0.17484141305840686,0.39943103393607604,106.9,0.0,0.0,0.0,0.0,0.0,0.0,0.0,0.0,0.0,0.0,0.0,0.0,0.0,1.0,1.0,ACT,3.0,2023.0,2023.0,DET,34.0,False,False,,,,,,True,True,489.0,3.0,0.8163265306122449,9.979591836734693,0.0,12.225,5.653061224489796,11.877777777777778,110.9,12.322222222222223,50.0,40.0,2.772,50.0,50.0,1.0,0.0,1.0,50.0,50.0,0.0,5.444444444444445,0.0,0.0,0.0,0.0,0.0,0.0,90.0,10.0,0.0,0.0,0.0,0.0,0.0,Very Low,92.35915492957746,1.0,1.0,209.4777777777778,1.0847183098591549,1.0,0.99,212.80472184183094,True,Questionable,Hip,0.45,UNKNOWN,0.45,,,False,False,D,True,False,D,Sleeper,,Week 1 uncertain,False,https://www.reuters.com/sports/lions-te-sam-laporta-nursing-hip-injury-week-1-status-uncertain--flm-2026-08-20/,2026-08-20,No reliable regular-season games-missed estimate yet; retain status-based penalty until timing clarifies.,1.0,0.9989,1.0005,1.0013,1.0011,224.9521372535211,1.0,224.9521372535211,0.054,0.0,0.946,-12.147415411690162,178.75596634713798,246.85347733652387,81.5,73.33,8,17.30783452602816,195.49688731580278,112.0,3,8.53,8.53,18.0,139.0,0.0,0.0,18.0,139.0,0.3,6.711416561118782,60.72943745236382,41.01,67,TE8,LATE / WATCH,"[""Elite projected opportunity"", ""Excellent durability profile"", ""High ceiling outcome""]",[],Opportunity profile may support more production than raw totals suggest.,6,gsis_id,1,STARTER,2026-08-21 07:40:57+00:00
00-0038041,Jake Ferguson,TE,DAL,17.0,0.0,0.0,0.0,0.0,0.0,1.0,1.0,0.0,82.0,102.0,600.0,8.0,475.0,0.16479808966849088,0.08937816070585188,0.3097618469968326,188.1,0.0,0.0,0.0,0.0,0.0,0.0,0.0,0.0,0.0,0.0,0.0,0.0,0.0,0.0,0.0,ACT,4.0,2022.0,2022.0,DAL,129.0,False,False,,,,,,True,True,601.0,8.0,0.803921568627451,5.882352941176471,1.0,7.317073170731708,4.6568627450980395,11.064705882352941,190.1,11.18235294117647,50.0,83.0,2.29,50.0,50.0,1.0,0.0,1.0,50.0,50.0,0.0,6.0,0.058823529411764705,0.0,0.058823529411764705,0.0,0.0,0.0,90.0,10.0,0.0,0.0,0.0,0.0,0.0,Very Low,86.51408450704226,1.0,1.0,190.1,1.0730281690140846,1.0,0.99,202.64976156187942,False,,,0.0,,0.0,,,False,False,,False,False,,,,,False,,,,1.0033,0.9999,1.0001,1.0002,1.0002,201.9428283802817,1.0002,202.64976156187942,0.0,0.0,1.0,0.7069331815977193,170.2257997119787,235.0737234117801,96.5,72.69,10,7.152874246076635,195.49688731580278,131.0,3,3.78,3.78,18.0,139.0,0.0,0.0,18.0,139.0,0.3,2.7736525099385303,57.83145182584691,40.39,68,TE10,LATE / WATCH,"[""Strong projected opportunity"", ""Excellent durability profile"", ""Very high projection confidence"", ""High ceiling outcome""]",[],No major hidden edge identified yet.,14,gsis_id,1,STARTER,2026-08-21 07:40:57+00:00
00-0036875,Rhamondre Stevenson,RB,NE,14.0,0.0,0.0,0.0,0.0,0.0,130.0,603.0,7.0,32.0,37.0,345.0,2.0,159.0,0.09842844252325436,0.04725062667354457,0.18071810245636274,178.8,0.0,0.0,0.0,1.0,0.0,0.0,0.0,0.0,0.0,0.0,0.0,1.0,0.0,1.0,0.0,ACT,5.0,2021.0,2021.0,NE,120.0,False,False,,,,,,True,True,948.0,9.0,0.8648648648648649,9.324324324324325,4.638461538461539,10.78125,4.297297297297297,12.771428571428572,182.8,13.057142857142859,50.0,162.0,1.128,50.0,50.0,1.0,0.0,1.0,50.0,50.0,0.0,2.642857142857143,9.285714285714286,0.0,43.07142857142857,0.5,76.71328671328672,0.0,88.0,12.0,0.0,0.0,0.0,0.0,0.0,Very Low,75.80419580419581,1.0,1.0,221.9714285714286,1.0516083916083916,1.0,0.988,230.67201795777663,False,,,0.0,,0.0,,,False,False,,False,False,,,,,False,,,,1.0,0.9997,1.0002,1.0005,1.0004,230.6258927792208,1.0002,230.67201795777663,0.0,0.0,1.0,0.046125178555826096,193.3031510486168,268.04088486693644,88.8,70.72,27,21.45135640170392,209.2206615560727,99.0,4,1.34,1.34,24.5,137.0,0.0,0.0,24.5,137.0,0.24,8.318139880315544,52.923849409997416,40.08,69,RB27,LATE / WATCH,"[""Strong projected opportunity"", ""Strong durability profile"", ""High ceiling outcome""]",[],No major hidden edge identified yet.,11,gsis_id,1,STARTER,2026-08-21 07:40:57+00:00
00-0036040,Juwan Johnson,TE,NO,17.0,0.0,0.0,0.0,0.0,0.0,0.0,0.0,0.0,77.0,102.0,889.0,3.0,773.0,0.17668354676965664,0.1553646136319327,0.3737805496968378,179.9,0.0,0.0,0.0,0.0,0.0,0.0,0.0,0.0,0.0,0.0,0.0,0.0,0.0,1.0,0.0,ACT,6.0,2020.0,2020.0,,0.0,False,False,,,,,,True,True,889.0,3.0,0.7549019607843137,8.715686274509803,0.0,11.545454545454545,7.578431372549019,10.58235294117647,183.9,10.81764705882353,50.0,77.0,2.388,50.0,50.0,1.0,0.0,1.0,50.0,50.0,0.0,6.0,0.0,0.0,0.0,0.0,0.0,0.0,90.0,10.0,0.0,0.0,0.0,0.0,0.0,Very Low,92.18309859154931,1.0,1.0,183.9,1.0843661971830987,1.0,0.99,197.59847294015492,False,,,0.0,,0.0,,,False,False,,False,False,,,,,False,,,,1.0,0.9991,1.0004,1.0011,1.0009,197.42079422535213,1.0009,197.59847294015492,0.0,0.0,1.0,0.17767871480279496,165.98271726973013,229.21422861057968,96.5,73.65,11,2.10158562435214,195.49688731580278,139.0,3,5.05,5.05,18.0,139.0,0.0,0.0,18.0,139.0,0.3,0.8149267051678283,56.389933452796626,39.66,70,TE11,LATE / WATCH,"[""Elite projected opportunity"", ""Excellent durability profile"", ""Very high projection confidence"", ""High ceiling outcome""]",[],Opportunity profile may support more production than raw totals suggest.,8,gsis_id,1,STARTER,2026-08-21 07:40:57+00:00
00-0040128,Tyler Warren,TE,IND,17.0,0.0,1.0,0.0,0.0,0.0,6.0,8.0,1.0,76.0,112.0,817.0,4.0,602.0,0.21484404875697488,0.14685350125377128,0.42506352401310227,188.5,0.0,0.0,0.0,0.0,0.0,0.0,0.0,0.0,0.0,0.0,0.0,0.0,0.0,1.0,0.0,ACT,1.0,2025.0,2025.0,IND,14.0,False,False,,,,,,True,True,825.0,5.0,0.6785714285714286,7.294642857142857,1.3333333333333333,10.75,5.375,11.088235294117647,188.5,11.088235294117647,50.0,82.0,2.299,50.0,50.0,1.0,0.0,1.0,50.0,50.0,0.0,6.588235294117647,0.35294117647058826,0.058823529411764705,0.47058823529411764,0.058823529411764705,0.0,0.0,90.0,10.0,0.0,0.0,0.0,0.0,0.0,Very Low,95.28169014084507,1.0,1.0,188.5,1.09056338028169,1.0,0.99,192.52564900985914,True,Questionable,Groin,0.45,UNKNOWN,0.45,,,False,False,D,True,False,D,Sleeper,0.0,Expected to miss about one week and be ready Week 1,False,https://www.reuters.com/sports/colts-te-tyler-warren-groin-miss-one-week--flm-2026-08-20/,2026-08-20,Minor groin injury should not affect opener readiness per report.,1.0,0.996,1.0015,1.0047,1.0039,203.5154852112676,1.0,203.5154852112676,0.054,0.0,0.946,-10.989836201408451,161.72154516828166,223.32975285143658,96.5,74.76,15,-2.9712383059436434,195.49688731580278,148.0,3,1.26,1.26,18.0,139.0,0.0,0.0,18.0,139.0,0.3,0.0,54.94226941171991,39.36,71,TE15,LATE / WATCH,"[""Elite projected opportunity"", ""Strong target share"", ""Excellent durability profile"", ""Very high projection confidence"", ""High ceiling outcome""]",[],Opportunity profile may support more production than raw totals suggest.,13,gsis_id,1,STARTER,2026-08-21 07:40:57+00:00
00-0040730,RJ Harvey,RB,DEN,17.0,0.0,1.0,0.0,0.0,0.0,146.0,540.0,7.0,47.0,58.0,356.0,5.0,28.0,0.10208370555093865,-0.009906108984170409,0.14619128203748868,206.6,0.0,0.0,0.0,0.0,0.0,0.0,0.0,0.0,0.0,0.0,0.0,2.0,1.0,0.0,0.0,ACT,1.0,2025.0,2025.0,DEN,60.0,False,False,,,,,,True,True,896.0,12.0,0.8103448275862069,6.137931034482759,3.6986301369863015,7.574468085106383,0.4827586206896552,12.152941176470588,212.6,12.505882352941176,50.0,193.0,1.102,50.0,50.0,1.0,0.0,1.0,50.0,50.0,0.0,3.411764705882353,8.588235294117647,0.058823529411764705,31.764705882352942,0.4117647058823529,71.8881118881119,0.0,88.0,12.0,0.0,0.0,0.0,0.0,0.0,Very Low,77.34265734265733,1.0,1.0,212.6,1.0546853146853148,1.0,0.988,221.6018453426909,False,,,0.0,,0.0,,,False,False,,False,False,,,,,False,,,,1.0,0.9994,1.0003,1.0008,1.0006,221.5353847272727,1.0003,221.6018453426909,0.0,0.0,1.0,0.06646061541817971,185.70234639717495,257.5013442882068,95.8,71.46,28,12.38118378661818,209.2206615560727,105.0,4,9.07,9.07,24.5,137.0,0.0,0.0,24.5,137.0,0.24,4.801021282402653,50.84636498244416,39.32,72,RB28,LATE / WATCH,"[""Strong projected opportunity"", ""Strong durability profile"", ""Very high projection confidence"", ""High ceiling outcome""]",[],No major hidden edge identified yet.,10,gsis_id,2,BACKUP,2026-08-21 07:40:57+00:00
00-0036912,DeVonta Smith,WR,PHI,17.0,0.0,0.0,0.0,0.0,0.0,0.0,0.0,0.0,77.0,113.0,1008.0,4.0,1355.0,0.2457648984905782,0.3212818056896132,0.5935446117185964,201.79999999999998,0.0,0.0,0.0,0.0,0.0,0.0,2.0,0.0,0.0,0.0,0.0,0.0,0.0,4.0,1.0,ACT,5.0,2021.0,2021.0,PHI,10.0,False,False,,,,,,True,True,1008.0,4.0,0.6814159292035398,8.920353982300885,0.0,13.090909090909092,11.991150442477876,11.870588235294116,209.8,12.341176470588236,50.0,77.0,2.725,50.0,50.0,1.0,0.0,1.0,50.0,50.0,0.0,6.647058823529412,0.0,0.0,0.0,0.0,37.75,0.0,91.0,9.0,0.0,0.0,0.0,0.0,0.0,Very Low,90.58333333333334,1.0,1.0,209.8,1.0811666666666668,1.0,0.991,212.6487931472667,True,Questionable,Hamstring,0.45,UNKNOWN,0.45,,,False,False,D,False,False,D,Sleeper,,,False,,,,1.0,0.9984,1.0007,1.0019,1.0015,224.78730776666671,1.0,224.78730776666671,0.054,0.0,0.946,-12.138514619400013,178.83763503685128,246.45995125768206,96.85,75.47,29,9.919758112733348,202.72903503453335,113.0,4,2.26,2.26,24.5,236.0,0.0,0.0,24.5,236.0,0.14,3.846560283435349,46.16622667876137,39.15,73,WR29,LATE / WATCH,"[""Elite projected opportunity"", ""Strong target share"", ""Excellent durability profile"", ""Very high projection confidence"", ""High ceiling outcome""]",[],Opportunity profile may support more production than raw totals suggest.,10,gsis_id,1,STARTER,2026-08-21 07:40:57+00:00
00-0034383,Dalton Schultz,TE,HOU,17.0,0.0,0.0,0.0,0.0,0.0,0.0,0.0,0.0,82.0,106.0,777.0,3.0,659.0,0.19064630188244297,0.15219342173509473,0.39250484803823077,177.70000000000002,0.0,0.0,0.0,0.0,0.0,0.0,0.0,0.0,0.0,0.0,0.0,0.0,0.0,1.0,0.0,ACT,8.0,2018.0,2018.0,DAL,137.0,False,False,,,,,,True,True,777.0,3.0,0.7735849056603774,7.330188679245283,0.0,9.475609756097562,6.216981132075472,10.452941176470588,177.7,10.452941176470588,50.0,82.0,2.167,50.0,50.0,1.0,0.0,1.0,50.0,50.0,0.0,6.235294117647059,0.0,0.0,0.0,0.0,0.0,0.0,90.0,10.0,0.0,0.0,0.0,0.0,0.0,Very Low,93.38028169014083,1.0,1.0,177.7,1.0867605633802817,1.0,0.99,191.5113289254799,False,,,0.0,,0.0,,,False,False,,False,False,,,,,False,,,,1.001,0.999,1.0004,1.0008,1.0007,191.1861785915493,1.0007,191.5113289254799,0.0,0.0,1.0,0.3251503339305941,160.8695162974031,222.15314155355665,96.5,73.49,16,-3.9855583903228933,195.49688731580278,150.0,3,1.01,1.01,18.0,139.0,0.0,0.0,18.0,139.0,0.3,0.0,54.65280643557988,38.98,74,TE16,LATE / WATCH,"[""Elite projected opportunity"", ""Excellent durability profile"", ""Very high projection confidence"", ""High ceiling outcome""]",[],Opportunity profile may support more production than raw totals suggest.,8,gsis_id,1,STARTER,2026-08-21 07:40:57+00:00
00-0033090,Hunter Henry,TE,NE,17.0,0.0,0.0,0.0,0.0,0.0,0.0,0.0,0.0,60.0,87.0,768.0,7.0,710.0,0.1741870263807565,0.15411097720004238,0.3691582236111644,178.8,0.0,0.0,0.0,0.0,0.0,0.0,1.0,0.0,0.0,0.0,0.0,0.0,0.0,0.0,0.0,ACT,10.0,2016.0,2016.0,SD,35.0,False,False,,,,,,True,True,768.0,7.0,0.6896551724137931,8.827586206896552,0.0,12.8,8.160919540229886,10.51764705882353,180.8,10.63529411764706,50.0,60.0,3.013,50.0,50.0,1.0,0.0,1.0,50.0,50.0,0.0,5.117647058823529,0.0,0.0,0.0,0.0,0.0,0.0,90.0,10.0,0.0,0.0,0.0,0.0,0.0,Very Low,89.85915492957747,1.0,1.0,180.8,1.079718309859155,1.0,0.99,193.78292205561382,False,,,0.0,,0.0,,,False,False,,False,False,,,,,False,,,,1.0023,0.9997,1.0002,1.0005,1.0004,193.26093971830986,1.0004,193.78292205561382,0.0,0.0,1.0,0.5219823373039674,162.7776545267156,224.78818958451203,96.5,72.83,14,-1.7139652601889566,195.49688731580278,146.0,3,0.44,0.44,18.0,139.0,0.0,0.0,18.0,139.0,0.3,0.0,55.30106542024764,38.95,75,TE14,LATE / WATCH,"[""Strong projected opportunity"", ""Excellent durability profile"", ""Very high projection confidence"", ""High ceiling outcome""]",[],No major hidden edge identified yet.,11,gsis_id,1,STARTER,2026-08-21 07:40:57+00:00
00-0040126,Colston Loveland,TE,CHI,16.0,0.0,0.0,0.0,0.0,0.0,1.0,-2.0,0.0,58.0,82.0,713.0,6.0,746.0,0.1660905396557653,0.1633039008868605,0.3634485401044503,165.1,0.0,0.0,0.0,0.0,0.0,0.0,1.0,0.0,0.0,0.0,0.0,0.0,0.0,1.0,1.0,ACT,1.0,2025.0,2025.0,CHI,10.0,False,False,,,,,,True,True,711.0,6.0,0.7073170731707317,8.695121951219512,-2.0,12.293103448275861,9.097560975609756,10.31875,171.1,10.69375,50.0,59.0,2.9,50.0,50.0,1.0,0.0,1.0,50.0,50.0,0.0,5.125,0.0625,0.0,-0.125,0.0,0.0,0.0,90.0,10.0,0.0,0.0,0.0,0.0,0.0,Very Low,88.76760563380282,1.0,1.0,181.79375,1.0775352112676058,1.0,0.99,194.22081372625806,False,,,0.0,,0.0,,,False,False,,False,False,,,,,False,,,,1.0023,0.9996,1.0002,0.999,0.9992,193.93027514524647,0.9992,194.22081372625806,0.0,0.0,1.0,0.2905385810115888,163.14548353005677,225.29614392245932,96.5,72.64,13,-1.2760735895447226,195.49688731580278,143.0,3,1.28,1.28,18.0,139.0,0.0,0.0,18.0,139.0,0.3,0.0,55.42602935240637,38.93,76,TE13,LATE / WATCH,"[""Strong projected opportunity"", ""Excellent durability profile"", ""Very high projection confidence"", ""High ceiling outcome""]",[],No major hidden edge identified yet.,10,gsis_id,1,STARTER,2026-08-21 07:40:57+00:00
00-0036259,Jauan Jennings,WR,MIN,15.0,0.0,0.0,0.0,0.0,0.0,0.0,0.0,0.0,55.0,90.0,643.0,9.0,905.0,0.19923220532622768,0.25576664226005935,0.477884957571383,173.3,0.0,0.0,0.0,0.0,0.0,0.0,0.0,0.0,0.0,0.0,0.0,0.0,0.0,1.0,1.0,ACT,6.0,2020.0,2020.0,SF,217.0,False,False,,,,,,True,True,643.0,9.0,0.6111111111111112,7.144444444444445,0.0,11.690909090909091,10.055555555555555,11.553333333333335,177.3,11.82,50.0,55.0,3.224,50.0,50.0,1.0,0.0,1.0,50.0,50.0,0.0,6.0,0.0,0.0,0.0,0.0,37.75,0.0,91.0,9.0,0.0,0.0,0.0,0.0,0.0,Very Low,83.75,1.0,1.0,200.94,1.0675000000000001,1.0,0.991,212.53040436621,False,,,0.0,,0.0,,,False,False,,False,False,,,,,False,,,,1.0,1.0,1.0,0.9998,0.9999,212.57291895,0.9998,212.53040436621,0.0,0.0,1.0,-0.04251458378999473,178.7380700719826,246.32273866043735,96.85,73.1,30,9.801369331676653,202.72903503453335,115.0,4,0.12,0.12,24.5,236.0,0.0,0.0,24.5,236.0,0.14,3.8006529560548103,46.14052437769681,38.53,77,WR30,LATE / WATCH,"[""Strong projected opportunity"", ""Excellent durability profile"", ""Very high projection confidence"", ""High ceiling outcome""]",[],No major hidden edge identified yet.,6,gsis_id,3,DEPTH,2026-08-21 07:40:57+00:00
00-0036389,Jalen Hurts,QB,PHI,16.0,294.0,454.0,3224.0,25.0,6.0,105.0,421.0,8.0,0.0,0.0,0.0,0.0,0.0,0.0,0.0,0.0,301.06,1.0,0.0,0.0,0.0,0.0,0.0,0.0,0.0,0.0,9.0,3.0,0.0,0.0,0.0,0.0,ACT,6.0,2020.0,2020.0,PHI,53.0,False,False,,,,,,True,True,421.0,33.0,0.0,0.0,4.0095238095238095,0.0,0.0,18.81625,363.06,22.69125,50.0,105.0,3.458,50.0,50.0,1.0,0.0,1.0,50.0,50.0,0.0,0.0,6.5625,28.375,26.3125,0.5,92.5,92.5,83.9,16.1,0.0,0.0,0.0,0.0,11.1,Low,74.76190476190476,1.0,1.0,385.75125,1.0495238095238095,1.0,0.9839,397.6996148472137,False,,,0.0,,0.0,,,False,False,,False,False,,,,,False,,,,1.0,0.9984,1.0007,1.0019,1.0015,398.33695397357144,0.9984,397.6996148472137,0.0,0.0,1.0,-0.6373391263577446,331.64170882109147,463.75752087333586,94.365,82.4,7,19.392659624043404,378.3069552231703,13.0,2,9.94,9.94,22.5,61.0,28.97,28.97,22.5,61.0,22.72,7.519844078080175,17.525131216930177,38.45,78,QB7,LATE / WATCH,"[""Elite fantasy production"", ""Elite quarterback rushing upside"", ""Strong durability profile"", ""High projection confidence"", ""High ceiling outcome""]","[""Very high rushing contact exposure""]",Rushing usage creates additional fantasy scoring paths.,10,gsis_id,1,STARTER,2026-08-21 07:40:57+00:00
00-0035659,Terry McLaurin,WR,WAS,10.0,0.0,0.0,0.0,0.0,0.0,0.0,0.0,0.0,38.0,60.0,582.0,3.0,839.0,0.23234573502722325,0.3713463687382351,0.6084610606575994,114.2,0.0,0.0,0.0,0.0,0.0,0.0,0.0,0.0,0.0,0.0,0.0,0.0,0.0,3.0,1.0,ACT,7.0,2019.0,2019.0,WAS,76.0,False,False,,,,,,True,True,582.0,3.0,0.6333333333333333,9.7,0.0,15.31578947368421,13.983333333333333,11.42,118.2,11.82,50.0,38.0,3.111,50.0,50.0,1.0,0.0,1.0,50.0,50.0,0.0,6.0,0.0,0.0,0.0,0.0,37.75,0.0,91.0,9.0,0.0,0.0,0.0,0.0,0.0,Very Low,90.16666666666667,1.0,1.0,200.94,1.0803333333333334,1.0,0.991,214.91331193962,False,,,0.0,,0.0,,,False,False,,False,False,,,,,False,,,,1.0,0.9997,1.0002,0.999,0.9992,215.12844038,0.999,214.91331193962,0.0,0.0,1.0,-0.21512844037999912,180.74209534122042,249.08452853801953,89.85,73.66,28,12.184276905086648,202.72903503453335,110.0,4,9.44,9.44,24.5,236.0,0.0,0.0,24.5,236.0,0.14,4.724667183701188,46.6578555581865,38.4,79,WR28,LATE / WATCH,"[""Elite projected opportunity"", ""Strong target share"", ""Elite receiving opportunity profile"", ""Excellent durability profile"", ""High ceiling outcome""]",[],Opportunity profile may support more production than raw totals suggest.,7,gsis_id,1,STARTER,2026-08-21 07:40:57+00:00
00-0039915,Ladd McConkey,WR,LAC,16.0,0.0,0.0,0.0,0.0,0.0,0.0,0.0,0.0,66.0,106.0,789.0,6.0,1046.0,0.21084003257366574,0.26042944933331363,0.4985606633938181,180.9,0.0,0.0,0.0,0.0,0.0,0.0,2.0,0.0,0.0,0.0,0.0,0.0,0.0,2.0,0.0,ACT,2.0,2024.0,2024.0,LAC,34.0,False,False,,,,,,True,True,789.0,6.0,0.6226415094339622,7.443396226415095,0.0,11.954545454545455,9.867924528301886,11.30625,184.9,11.55625,50.0,66.0,2.802,50.0,50.0,1.0,0.0,1.0,50.0,50.0,0.0,6.625,0.0,0.0,0.0,0.0,37.75,0.0,91.0,9.0,0.0,0.0,0.0,0.0,0.0,Very Low,86.41666666666669,1.0,1.0,196.45625,1.0728333333333335,1.0,0.991,211.16678078809397,False,,,0.0,,0.0,,,False,False,,False,False,,,,,False,,,,1.0104,0.9995,1.0002,1.0006,1.0005,208.8679302197917,1.0006,211.16678078809397,0.0,0.0,1.0,2.298850568302271,177.59126264278703,244.74229893340086,96.85,73.44,31,8.43774575356062,202.72903503453335,119.0,4,1.36,1.36,24.5,236.0,0.0,0.0,24.5,236.0,0.14,3.2718839843190843,45.84448058511243,38.37,80,WR31,LATE / WATCH,"[""Strong projected opportunity"", ""Strong target share"", ""Excellent durability profile"", ""Very high projection confidence"", ""High ceiling outcome""]",[],No major hidden edge identified yet.,7,gsis_id,1,STARTER,2026-08-21 07:40:57+00:00
00-0039918,Caleb Williams,QB,CHI,17.0,330.0,568.0,3942.0,27.0,7.0,77.0,388.0,3.0,2.0,2.0,22.0,1.0,-3.0,0.0034602076124567475,-0.0005982053838484546,0.004771567649991202,318.68,1.0,0.0,0.0,0.0,0.0,0.0,0.0,0.0,0.0,7.0,4.0,0.0,0.0,0.0,0.0,ACT,2.0,2024.0,2024.0,CHI,1.0,False,False,,,,,,True,True,410.0,31.0,1.0,11.0,5.038961038961039,11.0,-1.5,18.745882352941177,371.68,21.863529411764706,50.0,79.0,4.705,50.0,50.0,1.0,0.0,1.0,50.0,50.0,0.0,0.11764705882352941,4.529411764705882,33.411764705882355,22.823529411764707,0.17647058823529413,81.13095238095238,81.13095238095238,85.3,14.7,0.0,0.0,0.0,0.0,9.7,Very Low,88.8095238095238,1.0,1.0,371.68,1.0776190476190477,1.0,0.9853,394.483808073152,False,,,0.0,,0.0,,,False,False,,False,False,,,,,False,,,,1.0,0.9996,1.0002,0.999,0.9992,394.6416647390476,0.9996,394.483808073152,0.0,0.0,1.0,-0.15785666589562197,329.5123248835038,459.4552912628001,94.855,85.29,8,16.176852849981685,378.3069552231703,14.0,2,3.22,3.22,22.5,61.0,28.97,28.97,22.5,61.0,22.72,6.272858569388198,14.619009169913404,38.2,81,QB8,LATE / WATCH,"[""Elite fantasy production"", ""Strong projected opportunity"", ""Above-average quarterback rushing floor"", ""Strong durability profile"", ""High projection confidence"", ""High ceiling outcome""]","[""Very high rushing contact exposure""]",Rushing usage creates additional fantasy scoring paths.,10,gsis_id,1,STARTER,2026-08-21 07:40:57+00:00
00-0040129,Emeka Egbuka,WR,TB,17.0,0.0,0.0,0.0,0.0,0.0,2.0,9.0,0.0,63.0,127.0,938.0,6.0,1572.0,0.2356455366633572,0.3534680641582661,0.6008959499058221,195.7,0.0,0.0,0.0,0.0,0.0,0.0,3.0,0.0,0.0,0.0,0.0,0.0,0.0,3.0,1.0,ACT,1.0,2025.0,2025.0,TB,19.0,False,False,,,,,,True,True,947.0,6.0,0.49606299212598426,7.3858267716535435,4.5,14.88888888888889,12.377952755905511,11.511764705882353,203.70000000000002,11.982352941176472,50.0,65.0,3.134,50.0,50.0,1.0,0.0,1.0,50.0,50.0,0.0,7.470588235294118,0.11764705882352941,0.0,0.5294117647058824,0.0,70.15625,0.0,91.0,9.0,0.0,0.0,0.0,0.0,0.0,Very Low,92.0,1.0,1.0,203.70000000000005,1.084,1.0,0.991,207.00703364880005,True,Questionable,Undisclosed,0.45,UNKNOWN,0.45,,,False,False,F,False,False,F,Sleeper,,,False,,,,1.0,0.9977,1.001,1.0029,1.0024,218.82350280000006,1.0,218.82350280000006,0.054,0.0,0.946,-11.81646915120001,174.09291529864083,239.9211519989592,96.85,75.37,33,4.277998614266693,202.72903503453335,123.0,4,1.91,1.91,24.5,236.0,0.0,0.0,24.5,236.0,0.14,1.6588690344280435,44.94139608358893,38.11,82,WR33,LATE / WATCH,"[""Elite projected opportunity"", ""Strong target share"", ""Elite receiving opportunity profile"", ""Adds meaningful rushing production"", ""Excellent durability profile"", ""Very high projection confidence"", ""High ceiling outcome""]",[],Opportunity profile may support more production than raw totals suggest.,10,gsis_id,1,STARTER,2026-08-21 07:40:57+00:00
00-0038933,Dalton Kincaid,TE,BUF,12.0,0.0,0.0,0.0,0.0,0.0,0.0,0.0,0.0,39.0,49.0,571.0,5.0,465.0,0.14925898444014388,0.2071427414464535,0.3688883956727332,126.10000000000001,0.0,0.0,0.0,0.0,0.0,0.0,2.0,0.0,0.0,0.0,0.0,0.0,0.0,1.0,0.0,ACT,3.0,2023.0,2023.0,BUF,25.0,False,False,,,,,,True,True,571.0,5.0,0.7959183673469388,11.653061224489797,0.0,14.64102564102564,9.489795918367347,10.508333333333335,130.1,10.841666666666667,50.0,39.0,3.336,50.0,50.0,1.0,0.0,1.0,50.0,50.0,0.0,4.083333333333333,0.0,0.0,0.0,0.0,0.0,0.0,90.0,10.0,0.0,0.0,0.0,0.0,0.0,Very Low,85.28169014084507,1.0,1.0,184.30833333333334,1.07056338028169,1.0,0.99,195.49688731580278,False,,,0.0,,0.0,,,False,False,,False,False,,,,,False,,,,1.0,0.9992,1.0003,1.0009,1.0008,195.34061482394364,1.0008,195.49688731580278,0.0,0.0,1.0,0.15627249185914138,164.21738534527432,226.7763892863312,89.5,70.9,12,0.0,195.49688731580278,142.0,3,2.1,2.1,18.0,139.0,0.0,0.0,18.0,139.0,0.3,0.0,55.790190591734834,37.86,83,TE12,LATE / WATCH,"[""Strong projected opportunity"", ""Excellent durability profile"", ""High ceiling outcome""]",[],No major hidden edge identified yet.,7,gsis_id,1,STARTER,2026-08-21 07:40:57+00:00
00-0035261,Tony Pollard,RB,TEN,17.0,0.0,0.0,0.0,0.0,0.0,242.0,1082.0,5.0,33.0,41.0,206.0,0.0,12.0,0.0759539897472931,0.0005278029587134489,0.11430044669203908,185.8,0.0,0.0,0.0,3.0,0.0,0.0,0.0,0.0,0.0,0.0,0.0,1.0,1.0,0.0,0.0,ACT,7.0,2019.0,2019.0,DAL,128.0,False,False,,,,,,True,True,1288.0,5.0,0.8048780487804879,5.024390243902439,4.471074380165289,6.242424242424242,0.2926829268292683,10.929411764705883,201.79999999999998,11.870588235294116,50.0,275.0,0.734,50.0,50.0,1.0,0.0,1.0,50.0,50.0,0.0,2.411764705882353,14.235294117647058,0.0,63.64705882352941,0.29411764705882354,85.73426573426573,0.0,88.0,12.0,0.0,0.0,0.0,0.0,0.0,Very Low,82.13286713286713,1.0,1.0,201.79999999999998,1.0642657342657342,1.0,0.988,212.6161607122161,False,,,0.0,,0.0,,,False,False,,False,False,,,,,False,,,,1.0014,0.9985,1.0006,1.0004,1.0003,212.19159927272725,1.0006,212.6161607122161,0.0,0.0,1.0,0.42456143948885483,178.17234267683708,247.0599787475951,95.8,71.85,31,3.395499156143387,209.2206615560727,114.0,4,0.7,0.7,24.5,137.0,0.0,0.0,24.5,137.0,0.24,1.3166643831459812,48.78823216811738,37.78,84,RB31,LATE / WATCH,"[""Strong projected opportunity"", ""Strong durability profile"", ""Very high projection confidence"", ""High ceiling outcome""]",[],No major hidden edge identified yet.,9,gsis_id,1,STARTER,2026-08-21 07:40:57+00:00
00-0036355,Justin Herbert,QB,LAC,16.0,340.0,512.0,3727.0,26.0,13.0,83.0,498.0,2.0,0.0,0.0,0.0,0.0,0.0,0.0,0.0,0.0,286.88,4.0,1.0,0.0,0.0,0.0,0.0,0.0,0.0,0.0,8.0,1.0,1.0,0.0,0.0,0.0,ACT,6.0,2020.0,2020.0,LAC,6.0,False,False,,,,,,True,True,498.0,28.0,0.0,0.0,6.0,0.0,0.0,17.93,349.88,21.8675,50.0,83.0,4.215,50.0,50.0,1.0,0.0,1.0,50.0,50.0,0.0,0.0,5.1875,32.0,31.125,0.125,86.01190476190476,86.01190476190476,84.7,15.3,0.0,0.0,0.0,0.0,10.3,Low,87.55952380952381,1.0,1.0,371.7475,1.0751190476190478,1.0,0.9847,393.3610451249756,False,,,0.0,,0.0,,,False,False,,False,False,,,,,False,,,,1.0,0.9995,1.0002,1.0006,1.0005,393.5578240369941,0.9995,393.3610451249756,0.0,0.0,1.0,-0.19677891201848752,328.3384643658171,458.38362588413406,94.645,84.8,9,15.054089901805298,378.3069552231703,15.0,2,1.12,1.12,22.5,61.0,28.97,28.97,22.5,61.0,22.72,5.837487533614217,13.604369178609524,37.7,85,QB9,LATE / WATCH,"[""Elite fantasy production"", ""Strong projected opportunity"", ""Elite quarterback rushing upside"", ""Strong durability profile"", ""High projection confidence"", ""High ceiling outcome""]","[""Very high rushing contact exposure""]",Rushing usage creates additional fantasy scoring paths.,7,gsis_id,1,STARTER,2026-08-21 07:40:57+00:00
00-0041052,Kaelon Black,RB,SF,0.0,0.0,0.0,0.0,0.0,0.0,0.0,0.0,0.0,0.0,0.0,0.0,0.0,0.0,0.0,0.0,0.0,0.0,0.0,0.0,0.0,0.0,0.0,0.0,0.0,0.0,0.0,0.0,0.0,0.0,0.0,0.0,0.0,ACT,0.0,2026.0,2026.0,SF,90.0,True,False,,,,,,True,True,0.0,0.0,0.0,0.0,0.0,0.0,0.0,0.0,0.0,0.0,75.66,0.0,0.0,83.98,85.0,1.0,0.0,1.0,50.0,78.74,243.23,0.0,0.0,0.0,0.0,0.0,11.433566433566433,0.0,88.0,12.0,0.0,0.0,0.0,0.0,0.0,Very Low,9.44055944055944,1.0,1.0,243.23,0.9188811188811189,1.0,0.988,232.00708782811844,False,,,0.0,,0.0,,,False,False,,False,False,,,,,False,,,,1.0491,0.9961,1.0015,1.0047,1.0039,220.8174610909091,1.0015,232.00708782811844,0.0,0.0,1.0,11.189626737209352,194.42193959996325,269.59223605627363,80.8,61.89,26,22.78642627204573,209.2206615560727,96.0,4,4.69,4.69,24.5,137.0,0.0,0.0,24.5,137.0,0.24,8.83583665079183,53.229641480670644,37.31,86,RB26,LATE / WATCH,"[""Strong durability profile"", ""High ceiling outcome""]","[""Limited recent fantasy production"", ""Limited projected opportunity""]",No major hidden edge identified yet.,8,gsis_id,2,BACKUP,2026-08-21 07:40:57+00:00
00-0040784,Quinshon Judkins,RB,CLE,14.0,0.0,0.0,0.0,0.0,0.0,230.0,827.0,7.0,26.0,36.0,171.0,0.0,-15.0,0.08277338689283853,-0.007418599839964408,0.11896706045128272,169.8,0.0,0.0,0.0,1.0,0.0,0.0,0.0,0.0,0.0,0.0,0.0,1.0,1.0,1.0,0.0,ACT,1.0,2025.0,2025.0,CLE,36.0,False,False,,,,,,True,True,998.0,7.0,0.7222222222222222,4.75,3.5956521739130434,6.576923076923077,-0.4166666666666667,12.12857142857143,173.8,12.414285714285715,50.0,256.0,0.679,50.0,50.0,1.0,0.0,1.0,50.0,50.0,0.0,2.5714285714285716,16.428571428571427,0.0,59.07142857142857,0.5,91.04895104895105,0.0,88.0,12.0,0.0,0.0,0.0,0.0,0.0,Very Low,87.4825174825175,1.0,1.0,211.04285714285714,1.074965034965035,1.0,0.988,212.037696288,True,Questionable,Undisclosed,0.45,UNKNOWN,0.45,,,False,False,F,False,False,F,Sleeper,,,False,,,,1.0,0.9994,1.0003,1.0008,1.0006,224.14132800000002,1.0,224.14132800000002,0.054,0.0,0.946,-12.10363171200001,177.687589489344,246.387803086656,88.8,72.83,32,2.8170347319272935,209.2206615560727,116.0,4,0.58,0.58,24.5,137.0,0.0,0.0,24.5,137.0,0.24,1.0923546515695923,48.655737354159406,37.22,87,RB32,LATE / WATCH,"[""Strong projected opportunity"", ""Strong durability profile"", ""High ceiling outcome""]",[],No major hidden edge identified yet.,11,gsis_id,1,STARTER,2026-08-21 07:40:57+00:00
00-0037664,Alec Pierce,WR,IND,15.0,0.0,0.0,0.0,0.0,0.0,0.0,0.0,0.0,47.0,84.0,1003.0,6.0,1593.0,0.17601855319319168,0.40593852136443187,0.5481847947448898,183.3,0.0,0.0,0.0,0.0,0.0,0.0,2.0,0.0,0.0,0.0,0.0,0.0,0.0,5.0,1.0,ACT,4.0,2022.0,2022.0,IND,53.0,False,False,,,,,,True,True,1003.0,6.0,0.5595238095238095,11.94047619047619,0.0,21.340425531914892,18.964285714285715,12.22,191.3,12.753333333333334,50.0,47.0,4.07,50.0,50.0,1.0,0.0,1.0,50.0,50.0,0.0,5.6,0.0,0.0,0.0,0.0,37.75,0.0,91.0,9.0,0.0,0.0,0.0,0.0,0.0,Very Low,85.79166666666667,1.0,1.0,216.80666666666667,1.0715833333333333,1.0,0.991,202.60721611728889,True,PUP,Ankle / foot,1.0,UNKNOWN,1.0,,,False,False,D,True,False,D,Sleeper,0.0,On target for Week 1,False,https://www.reuters.com/sports/colts-gm-wr-alec-pierce-ankle-target-week-1--flm-2026-08-11/,2026-08-11,GM says recovery from offseason foot surgery is on target for Week 1.,1.0,0.996,1.0015,1.0047,1.0039,230.23547286055555,1.0,230.23547286055555,0.12,0.0,0.88,-27.62825674326666,170.39266875463994,234.82176347993777,96.85,74.79,39,-0.12181891724446814,202.72903503453335,132.0,4,0.12,0.12,24.5,236.0,0.0,0.0,24.5,236.0,0.14,0.0,43.98619210383127,37.19,88,WR39,LATE / WATCH,"[""Strong projected opportunity"", ""Excellent durability profile"", ""Very high projection confidence"", ""High ceiling outcome""]",[],No major hidden edge identified yet.,13,gsis_id,1,STARTER,2026-08-21 07:40:57+00:00
00-0034960,Jakobi Meyers,WR,JAX,16.0,0.0,0.0,0.0,0.0,0.0,5.0,13.0,0.0,75.0,110.0,835.0,3.0,1008.0,0.22873927656350307,0.2824858995008834,0.5408490444958729,175.8,0.0,0.0,0.0,0.0,0.0,0.0,0.0,0.0,0.0,0.0,0.0,0.0,0.0,2.0,0.0,ACT,7.0,2019.0,2019.0,,0.0,False,False,,,,,,True,True,848.0,3.0,0.6818181818181818,7.590909090909091,2.6,11.133333333333333,9.163636363636364,10.9875,177.8,11.1125,50.0,80.0,2.222,50.0,50.0,1.0,0.0,1.0,50.0,50.0,0.0,6.875,0.3125,0.0,0.8125,0.0,77.60416666666667,0.0,91.0,9.0,0.0,0.0,0.0,0.0,0.0,Very Low,88.58333333333334,1.0,1.0,188.91250000000002,1.0771666666666668,1.0,0.991,203.3535664575752,False,,,0.0,,0.0,,,False,False,,False,False,,,,,False,,,,1.0079,0.9996,1.0002,1.0005,1.0004,201.65883568541673,1.0005,203.3535664575752,0.0,0.0,1.0,1.694730772158465,171.02034939082074,235.68678352432963,96.85,73.42,37,0.6245314230418444,202.72903503453335,128.0,4,1.13,1.13,24.5,236.0,0.0,0.0,24.5,236.0,0.14,0.24217301877012964,44.14822537230868,36.97,89,WR37,LATE / WATCH,"[""Strong projected opportunity"", ""Strong target share"", ""Adds meaningful rushing production"", ""Excellent durability profile"", ""Very high projection confidence"", ""High ceiling outcome""]",[],No major hidden edge identified yet.,7,gsis_id,3,DEPTH,2026-08-21 07:40:57+00:00
00-0038134,Kenneth Walker III,RB,KC,17.0,0.0,0.0,0.0,0.0,0.0,221.0,1027.0,5.0,31.0,36.0,282.0,0.0,-41.0,0.08258608650570584,-0.02126790213513828,0.10899159826396194,191.9,0.0,0.0,0.0,2.0,0.0,0.0,0.0,0.0,0.0,0.0,0.0,1.0,1.0,1.0,0.0,ACT,4.0,2022.0,2022.0,SEA,41.0,False,False,,,,,,True,True,1309.0,5.0,0.8611111111111112,7.833333333333333,4.647058823529412,9.096774193548388,-1.1388888888888888,11.288235294117648,199.89999999999998,11.758823529411764,50.0,252.0,0.793,50.0,50.0,1.0,0.0,1.0,50.0,50.0,0.0,2.1176470588235294,13.0,0.0,60.411764705882355,0.29411764705882354,82.7972027972028,0.0,88.0,12.0,0.0,0.0,0.0,0.0,0.0,Very Low,79.51048951048952,1.0,1.0,199.89999999999998,1.059020979020979,1.0,0.988,209.2206615560727,False,,,0.0,,0.0,,,False,False,,False,False,,,,,False,,,,1.0,0.9993,1.0003,0.9968,0.9973,209.15791418181817,1.0003,209.2206615560727,0.0,0.0,1.0,0.06274737425454191,175.32691438398894,243.11440872815646,95.8,71.06,34,0.0,209.2206615560727,121.0,4,2.59,2.59,24.5,137.0,0.0,0.0,24.5,137.0,0.24,0.0,48.01050754037154,36.97,90,RB34,LATE / WATCH,"[""Strong projected opportunity"", ""Strong durability profile"", ""Very high projection confidence"", ""High ceiling outcome""]",[],No major hidden edge identified yet.,5,gsis_id,1,STARTER,2026-08-21 07:40:57+00:00
00-0036252,Michael Pittman,WR,PIT,17.0,0.0,0.0,0.0,0.0,0.0,0.0,0.0,0.0,80.0,111.0,784.0,7.0,907.0,0.20648718139189579,0.20988291429328165,0.4566488120931408,202.4,0.0,0.0,0.0,0.0,0.0,0.0,1.0,0.0,0.0,0.0,0.0,0.0,0.0,0.0,0.0,ACT,6.0,2020.0,2020.0,IND,34.0,False,False,,,,,,True,True,784.0,7.0,0.7207207207207207,7.063063063063063,0.0,9.8,8.17117117117117,11.905882352941177,202.4,11.905882352941177,50.0,80.0,2.53,50.0,50.0,1.0,0.0,1.0,50.0,50.0,0.0,6.529411764705882,0.0,0.0,0.0,0.0,37.75,0.0,91.0,9.0,0.0,0.0,0.0,0.0,0.0,Very Low,84.20833333333334,1.0,1.0,202.4,1.0684166666666668,1.0,0.991,202.72903503453335,True,Questionable,Leg,0.45,UNKNOWN,0.45,,,False,False,D,False,False,D,Sleeper,,,False,,,,1.0,0.9984,1.0007,1.0019,1.0016,214.30130553333336,1.0,214.30130553333336,0.054,0.0,0.946,-11.572270498800009,170.49511846404255,234.96295160502413,96.85,73.33,38,0.0,202.72903503453335,130.0,4,0.62,0.62,24.5,236.0,0.0,0.0,24.5,236.0,0.14,0.0,44.012639090263846,36.83,91,WR38,LATE / WATCH,"[""Strong projected opportunity"", ""Strong target share"", ""Excellent durability profile"", ""Very high projection confidence"", ""High ceiling outcome""]",[],No major hidden edge identified yet.,9,gsis_id,2,BACKUP,2026-08-21 07:40:57+00:00
00-0036158,J.K. Dobbins,RB,DEN,10.0,0.0,0.0,0.0,0.0,0.0,153.0,772.0,4.0,11.0,14.0,37.0,0.0,-30.0,0.04586571215909908,-0.011381572813170034,0.0608314672694296,115.9,0.0,0.0,0.0,2.0,0.0,0.0,0.0,0.0,0.0,0.0,0.0,1.0,0.0,0.0,0.0,ACT,6.0,2020.0,2020.0,BAL,55.0,False,False,,,,,,True,True,809.0,4.0,0.7857142857142857,2.642857142857143,5.045751633986928,3.3636363636363638,-2.142857142857143,11.59,119.9,11.99,50.0,164.0,0.731,50.0,50.0,1.0,0.0,1.0,50.0,50.0,0.0,1.4,15.3,0.0,77.2,0.4,91.32867132867133,0.0,88.0,12.0,0.0,0.0,0.0,0.0,0.0,Very Low,79.45804195804195,1.0,1.0,203.83,1.0589160839160838,1.0,0.988,213.3127736397,False,,,0.0,,0.0,,,False,False,,False,False,,,,,False,,,,1.0,0.9994,1.0003,1.0008,1.0006,213.248799,1.0003,213.3127736397,0.0,0.0,1.0,0.06397463970000672,178.7561043100686,247.86944296933137,88.8,70.29,30,4.092112083627285,209.2206615560727,111.0,4,2.11,2.11,24.5,137.0,0.0,0.0,24.5,137.0,0.24,1.5867882701737916,48.947788393814015,36.82,92,RB30,LATE / WATCH,"[""Strong projected opportunity"", ""Strong durability profile"", ""High ceiling outcome""]",[],No major hidden edge identified yet.,10,gsis_id,1,STARTER,2026-08-21 07:40:57+00:00
00-0038935,Brenton Strange,TE,JAX,12.0,0.0,0.0,0.0,0.0,0.0,0.0,0.0,0.0,46.0,60.0,540.0,3.0,414.0,0.15612229556519033,0.12327396080899337,0.32047521591408085,118.0,0.0,0.0,0.0,0.0,0.0,0.0,0.0,0.0,0.0,0.0,0.0,0.0,0.0,0.0,0.0,ACT,3.0,2023.0,2023.0,JAX,61.0,False,False,,,,,,True,True,540.0,3.0,0.7666666666666667,9.0,0.0,11.73913043478261,6.9,9.833333333333334,118.0,9.833333333333334,50.0,46.0,2.565,50.0,50.0,1.0,0.0,1.0,50.0,50.0,0.0,5.0,0.0,0.0,0.0,0.0,0.0,0.0,90.0,10.0,0.0,0.0,0.0,0.0,0.0,Very Low,85.31690140845069,1.0,1.0,167.16666666666669,1.0706338028169013,1.0,0.99,177.25541501366197,False,,,0.0,,0.0,,,False,False,,False,False,,,,,False,,,,1.0,0.9996,1.0002,1.0005,1.0004,177.1845411971831,1.0004,177.25541501366197,0.0,0.0,1.0,0.07087381647886559,148.89454861147604,205.61628141584788,89.5,69.64,17,-18.241472302140807,195.49688731580278,177.0,3,14.26,14.26,18.0,139.0,0.0,0.0,18.0,139.0,0.3,0.0,50.584505578620956,36.51,93,TE17,LATE / WATCH,"[""Strong projected opportunity"", ""Excellent durability profile"", ""High ceiling outcome""]",[],No major hidden edge identified yet.,7,gsis_id,1,STARTER,2026-08-21 07:40:57+00:00
00-0039384,Tyrone Tracy Jr.,RB,NYG,15.0,0.0,0.0,0.0,0.0,0.0,176.0,740.0,2.0,36.0,48.0,288.0,2.0,19.0,0.10783541190234902,0.002423306602345021,0.16344943247516505,160.8,0.0,0.0,0.0,1.0,0.0,0.0,0.0,0.0,0.0,0.0,0.0,0.0,0.0,1.0,0.0,ACT,2.0,2024.0,2024.0,NYG,166.0,False,False,,,,,,True,True,1028.0,4.0,0.75,6.0,4.204545454545454,8.0,0.3958333333333333,10.72,164.8,10.986666666666668,50.0,212.0,0.777,50.0,50.0,1.0,0.0,1.0,50.0,50.0,0.0,3.2,11.733333333333333,0.0,49.333333333333336,0.13333333333333333,75.80419580419581,0.0,88.0,12.0,0.0,0.0,0.0,0.0,0.0,Very Low,83.6013986013986,1.0,1.0,186.77333333333337,1.0672027972027973,1.0,0.988,197.62268482281257,False,,,0.0,,0.0,,,False,False,,False,False,,,,,False,,,,1.003,0.9987,1.0005,1.0015,1.0013,196.93312349090917,1.0005,197.62268482281257,0.0,0.0,1.0,0.6895613319034055,165.60780988151694,229.6375597641082,95.8,71.11,38,-11.59797673326014,209.2206615560727,138.0,4,0.86,0.86,24.5,137.0,0.0,0.0,24.5,137.0,0.24,0.0,45.35404033991295,36.45,94,RB38,LATE / WATCH,"[""Strong projected opportunity"", ""Strong durability profile"", ""Very high projection confidence"", ""High ceiling outcome""]",[],No major hidden edge identified yet.,8,gsis_id,2,BACKUP,2026-08-21 07:40:57+00:00
00-0039847,Theo Johnson,TE,NYG,15.0,0.0,0.0,0.0,0.0,0.0,0.0,0.0,0.0,45.0,74.0,528.0,5.0,616.0,0.1722313233494775,0.16603658343004524,0.3745725934252479,127.8,0.0,0.0,0.0,0.0,0.0,0.0,0.0,0.0,0.0,0.0,0.0,0.0,0.0,2.0,1.0,ACT,2.0,2024.0,2024.0,NYG,107.0,False,False,,,,,,True,True,528.0,5.0,0.6081081081081081,7.135135135135135,0.0,11.733333333333333,8.324324324324325,8.52,131.8,8.786666666666667,50.0,45.0,2.929,50.0,50.0,1.0,0.0,1.0,50.0,50.0,0.0,4.933333333333334,0.0,0.0,0.0,0.0,0.0,0.0,90.0,10.0,0.0,0.0,0.0,0.0,0.0,Very Low,89.29577464788731,1.0,1.0,149.37333333333333,1.0785915492957747,1.0,0.99,159.70903906617465,False,,,0.0,,0.0,,,False,False,,False,False,,,,,False,,,,1.0,0.9987,1.0005,1.0015,1.0013,159.50168687323944,1.0013,159.70903906617465,0.0,0.0,1.0,0.20735219293521823,134.15559281558672,185.2624853167626,96.5,70.37,21,-35.78784824962813,195.49688731580278,202.0,3,2.91,2.91,18.0,139.0,0.0,0.0,18.0,139.0,0.3,0.0,45.57718463481879,36.39,95,TE21,LATE / WATCH,"[""Strong projected opportunity"", ""Excellent durability profile"", ""Very high projection confidence"", ""High ceiling outcome""]",[],No major hidden edge identified yet.,8,gsis_id,2,BACKUP,2026-08-21 07:40:57+00:00
00-0040189,Oronde Gadsden II,TE,LAC,15.0,0.0,0.0,0.0,0.0,0.0,0.0,0.0,0.0,49.0,69.0,664.0,3.0,624.0,0.14422368441810016,0.16699375510916967,0.333231155203569,131.4,0.0,0.0,0.0,0.0,0.0,0.0,1.0,0.0,0.0,0.0,0.0,0.0,0.0,2.0,0.0,ACT,1.0,2025.0,2025.0,LAC,165.0,False,False,,,,,,True,True,664.0,3.0,0.7101449275362319,9.623188405797102,0.0,13.551020408163266,9.043478260869565,8.76,135.4,9.026666666666667,50.0,49.0,2.763,50.0,50.0,1.0,0.0,1.0,50.0,50.0,0.0,4.6,0.0,0.0,0.0,0.0,0.0,0.0,90.0,10.0,0.0,0.0,0.0,0.0,0.0,Very Low,84.94718309859155,1.0,1.0,153.45333333333335,1.0698943661971831,1.0,0.99,162.61833677355634,False,,,0.0,,0.0,,,False,False,,False,False,,,,,False,,,,1.0,0.9995,1.0002,1.0006,1.0005,162.53706823943662,1.0005,162.61833677355634,0.0,0.0,1.0,0.08126853411971524,136.5994028897873,188.63727065732533,96.5,69.58,20,-32.878550542246444,195.49688731580278,197.0,3,3.44,3.44,18.0,139.0,0.0,0.0,18.0,139.0,0.3,0.0,46.40742943212202,36.36,96,TE20,LATE / WATCH,"[""Strong projected opportunity"", ""Excellent durability profile"", ""Very high projection confidence"", ""High ceiling outcome""]",[],No major hidden edge identified yet.,7,gsis_id,1,STARTER,2026-08-21 07:40:57+00:00
00-0037112,Jake Tonges,TE,SF,10.0,0.0,0.0,0.0,0.0,0.0,0.0,0.0,0.0,34.0,46.0,293.0,5.0,233.0,0.12178439987475742,0.07868815376269864,0.23775830744602516,93.30000000000001,0.0,0.0,0.0,0.0,0.0,0.0,0.0,0.0,0.0,0.0,0.0,0.0,0.0,0.0,0.0,ACT,4.0,2022.0,2022.0,,0.0,False,False,,,,,,True,True,293.0,5.0,0.7391304347826086,6.369565217391305,0.0,8.617647058823529,5.065217391304348,9.330000000000002,93.3,9.33,50.0,34.0,2.744,50.0,50.0,1.0,0.0,1.0,50.0,50.0,0.0,4.6,0.0,0.0,0.0,0.0,0.0,0.0,90.0,10.0,0.0,0.0,0.0,0.0,0.0,Very Low,78.36267605633802,1.0,1.0,158.61,1.056725352112676,1.0,0.99,174.45741949836824,False,,,0.0,,0.0,,,False,False,,False,False,,,,,False,,,,1.0473,0.9961,1.0015,1.0047,1.0039,165.93113601760567,1.0039,174.45741949836824,0.0,0.0,1.0,8.526283480762572,146.54423237862932,202.37060661810713,89.5,67.27,18,-21.03946781743454,195.49688731580278,184.0,3,2.8,2.8,18.0,139.0,0.0,0.0,18.0,139.0,0.3,0.0,49.786023796039444,35.75,97,TE18,LATE / WATCH,"[""Strong projected opportunity"", ""Excellent durability profile"", ""High ceiling outcome""]",[],No major hidden edge identified yet.,8,gsis_id,2,BACKUP,2026-08-21 07:40:57+00:00
00-0038606,Parker Washington,WR,JAX,16.0,0.0,0.0,0.0,0.0,0.0,7.0,0.0,0.0,58.0,95.0,847.0,5.0,1187.0,0.18005394624396998,0.24201223439408537,0.4394894834418147,184.7,0.0,0.0,0.0,0.0,0.0,0.0,2.0,0.0,0.0,0.0,0.0,0.0,0.0,2.0,0.0,ACT,3.0,2023.0,2023.0,JAX,185.0,False,False,,,,,,True,True,847.0,5.0,0.6105263157894737,8.91578947368421,0.0,14.60344827586207,12.494736842105263,11.54375,176.7,11.04375,50.0,65.0,2.718,50.0,50.0,1.0,0.0,1.0,50.0,50.0,0.0,5.9375,0.4375,0.0,0.0,0.0,63.15625,0.0,91.0,9.0,0.0,0.0,0.0,0.0,0.0,Very Low,81.22916666666669,1.0,1.0,187.74374999999998,1.0624583333333333,1.0,0.991,187.000249657564,True,Questionable,Undisclosed,0.45,UNKNOWN,0.45,,,False,False,F,False,False,F,Sleeper,,,False,,,,1.0,0.9996,1.0002,1.0005,1.0004,197.6746825132812,1.0,197.6746825132812,0.054,0.0,0.946,-10.674432855717185,157.26720996201132,216.73328935311665,96.85,71.49,53,-15.728785376969341,202.72903503453335,161.0,4,0.1,0.1,24.5,236.0,0.0,0.0,24.5,236.0,0.14,0.0,40.597906938025034,35.69,98,WR53,LATE / WATCH,"[""Strong projected opportunity"", ""Excellent durability profile"", ""Very high projection confidence"", ""High ceiling outcome""]",[],No major hidden edge identified yet.,7,gsis_id,2,BACKUP,2026-08-21 07:40:57+00:00
00-0039868,Troy Franklin,WR,DEN,17.0,0.0,0.0,0.0,0.0,0.0,5.0,12.0,0.0,65.0,104.0,709.0,6.0,1321.0,0.1822351849728562,0.28000817091495595,0.46935849709975347,177.1,0.0,0.0,0.0,0.0,0.0,0.0,0.0,0.0,0.0,0.0,0.0,0.0,0.0,2.0,0.0,ACT,2.0,2024.0,2024.0,DEN,102.0,False,False,,,,,,True,True,721.0,6.0,0.625,6.8173076923076925,2.4,10.907692307692308,12.701923076923077,10.41764705882353,173.10000000000002,10.182352941176472,50.0,70.0,2.473,50.0,50.0,1.0,0.0,1.0,50.0,50.0,0.0,6.117647058823529,0.29411764705882354,0.0,0.7058823529411765,0.0,76.20833333333333,0.0,91.0,9.0,0.0,0.0,0.0,0.0,0.0,Very Low,83.54166666666667,1.0,1.0,173.10000000000002,1.0670833333333334,1.0,0.991,185.24795259095427,False,,,0.0,,0.0,,,False,False,,False,False,,,,,False,,,,1.0112,0.9994,1.0003,1.0008,1.0006,183.04971587500003,1.0008,185.24795259095427,0.0,0.0,1.0,2.1982367159542378,155.79352812899253,214.70237705291598,96.85,70.99,55,-17.481082443579083,202.72903503453335,163.0,4,1.57,1.57,24.5,236.0,0.0,0.0,24.5,236.0,0.14,0.0,40.21748181362938,35.49,99,WR55,LATE / WATCH,"[""Strong projected opportunity"", ""Adds meaningful rushing production"", ""Excellent durability profile"", ""Very high projection confidence"", ""High ceiling outcome""]",[],No major hidden edge identified yet.,10,gsis_id,3,DEPTH,2026-08-21 07:40:57+00:00
00-0037261,Khalil Shakir,WR,BUF,16.0,0.0,0.0,0.0,0.0,0.0,1.0,5.0,0.0,72.0,95.0,719.0,4.0,349.0,0.21141102883630059,0.08619023513141559,0.3774497078464418,166.4,0.0,0.0,0.0,0.0,0.0,0.0,1.0,0.0,0.0,0.0,0.0,0.0,0.0,3.0,2.0,ACT,4.0,2022.0,2022.0,BUF,148.0,False,False,,,,,,True,True,724.0,4.0,0.7578947368421053,7.568421052631579,5.0,9.98611111111111,3.6736842105263157,10.4,178.4,11.15,50.0,73.0,2.444,50.0,50.0,1.0,0.0,1.0,50.0,50.0,0.0,5.9375,0.0625,0.0,0.3125,0.0,66.69791666666667,0.0,91.0,9.0,0.0,0.0,0.0,0.0,0.0,Very Low,76.4375,1.0,1.0,189.55,1.052875,1.0,0.991,187.0963837199875,True,Questionable,Undisclosed,0.45,UNKNOWN,0.45,,,False,False,F,False,False,F,Sleeper,,,False,,,,1.0,0.9992,1.0003,1.0009,1.0008,197.77630414375002,1.0,197.77630414375002,0.054,0.0,0.946,-10.679920423762525,157.34805870850948,216.8447087314655,96.85,70.43,52,-15.632651314545853,202.72903503453335,160.0,4,0.56,0.56,24.5,236.0,0.0,0.0,24.5,236.0,0.14,0.0,40.61877772149719,35.43,100,WR52,LATE / WATCH,"[""Strong projected opportunity"", ""Strong target share"", ""Adds meaningful rushing production"", ""Excellent durability profile"", ""Very high projection confidence"", ""High ceiling outcome""]",[],No major hidden edge identified yet.,7,gsis_id,2,BACKUP,2026-08-21 07:40:57+00:00
00-0037816,Romeo Doubs,WR,NE,16.0,0.0,0.0,0.0,0.0,0.0,0.0,0.0,0.0,55.0,85.0,724.0,6.0,1085.0,0.18878292074131653,0.2804375784612782,0.4794806860348695,165.4,0.0,0.0,0.0,0.0,0.0,0.0,0.0,0.0,0.0,0.0,0.0,0.0,0.0,2.0,0.0,ACT,4.0,2022.0,2022.0,GB,132.0,False,False,,,,,,True,True,724.0,6.0,0.6470588235294118,8.51764705882353,0.0,13.163636363636364,12.764705882352942,10.3375,163.4,10.2125,50.0,55.0,2.971,50.0,50.0,1.0,0.0,1.0,50.0,50.0,0.0,5.3125,0.0,0.0,0.0,0.0,37.75,0.0,91.0,9.0,0.0,0.0,0.0,0.0,0.0,Very Low,82.5,1.0,1.0,173.6125,1.065,1.0,0.991,184.24147757237296,False,,,0.0,,0.0,,,False,False,,False,False,,,,,False,,,,1.005,0.9997,1.0002,1.0005,1.0004,183.2332366875,1.0005,184.24147757237296,0.0,0.0,1.0,1.0082408848729472,154.94708263836566,213.53587250638023,96.85,70.77,57,-18.487557462160396,202.72903503453335,165.0,4,0.08,0.08,24.5,236.0,0.0,0.0,24.5,236.0,0.14,0.0,39.99897526503046,35.39,101,WR57,LATE / WATCH,"[""Strong projected opportunity"", ""Excellent durability profile"", ""Very high projection confidence"", ""High ceiling outcome""]",[],No major hidden edge identified yet.,11,gsis_id,2,BACKUP,2026-08-21 07:40:57+00:00
00-0039793,AJ Barner,TE,SEA,17.0,0.0,0.0,0.0,0.0,0.0,10.0,14.0,1.0,52.0,68.0,519.0,6.0,297.0,0.13798068150877124,0.07711320114409508,0.2609502630640234,147.3,0.0,0.0,0.0,0.0,0.0,0.0,0.0,0.0,0.0,0.0,0.0,0.0,0.0,1.0,0.0,ACT,2.0,2024.0,2024.0,SEA,121.0,False,False,,,,,,True,True,533.0,7.0,0.7647058823529411,7.632352941176471,1.4,9.98076923076923,4.367647058823529,8.664705882352942,147.3,8.664705882352942,50.0,62.0,2.376,50.0,50.0,1.0,0.0,1.0,50.0,50.0,0.0,4.0,0.5882352941176471,0.0,0.8235294117647058,0.058823529411764705,0.0,0.0,90.0,10.0,0.0,0.0,0.0,0.0,0.0,Very Low,78.46830985915493,1.0,1.0,147.3,1.0569366197183099,1.0,0.99,154.14530943330635,False,,,0.0,,0.0,,,False,False,,False,False,,,,,False,,,,1.0,1.0,1.0,1.0001,1.0001,154.12989644366198,1.0001,154.14530943330635,0.0,0.0,1.0,0.015412989644374875,129.48205992397732,178.80855894263536,96.5,67.51,23,-41.35157788249643,195.49688731580278,215.0,3,1.11,1.11,18.0,139.0,0.0,0.0,18.0,139.0,0.3,0.0,43.98942770998762,35.36,102,TE23,LATE / WATCH,"[""Strong projected opportunity"", ""Excellent durability profile"", ""Very high projection confidence"", ""High ceiling outcome""]",[],No major hidden edge identified yet.,11,gsis_id,1,STARTER,2026-08-21 07:40:57+00:00
00-0034827,DJ Moore,WR,BUF,17.0,1.0,1.0,2.0,1.0,0.0,15.0,79.0,1.0,50.0,85.0,682.0,6.0,988.0,0.1613399256960586,0.19883139273007192,0.3811918634551383,172.18,0.0,0.0,0.0,0.0,0.0,0.0,0.0,0.0,0.0,0.0,0.0,0.0,0.0,2.0,1.0,ACT,8.0,2018.0,2018.0,CAR,24.0,False,False,,,,,,True,True,761.0,8.0,0.5882352941176471,8.023529411764706,5.266666666666667,13.64,11.623529411764705,10.128235294117648,176.18,10.363529411764706,50.0,65.0,2.71,50.0,50.0,1.0,0.0,1.0,50.0,50.0,0.0,5.0,0.8823529411764706,0.058823529411764705,4.647058823529412,0.058823529411764705,96.91666666666667,0.0,91.0,9.0,0.0,0.0,0.0,0.0,0.0,Very Low,76.66666666666667,1.0,1.0,176.18,1.0533333333333335,1.0,0.991,186.81426251541635,False,,,0.0,,0.0,,,False,False,,False,False,,,,,False,,,,1.0149,0.9992,1.0003,1.0009,1.0008,183.9060802666667,1.0009,186.81426251541635,0.0,0.0,1.0,2.908182248749654,157.11079477546514,216.5177302553675,96.85,69.5,54,-15.914772519117008,202.72903503453335,162.0,4,0.19,0.19,24.5,236.0,0.0,0.0,24.5,236.0,0.14,0.0,40.55752897755489,35.19,103,WR54,LATE / WATCH,"[""Strong projected opportunity"", ""Hybrid rushing role adds extra fantasy upside"", ""Excellent durability profile"", ""Very high projection confidence"", ""High ceiling outcome""]",[],Rushing usage creates additional fantasy scoring paths.,7,gsis_id,1,STARTER,2026-08-21 07:40:57+00:00
00-0036244,Colby Parkinson,TE,LAR,14.0,0.0,0.0,0.0,0.0,0.0,0.0,0.0,0.0,43.0,56.0,408.0,8.0,248.0,0.11678756280573607,0.04457604312047187,0.20638457439293442,129.8,0.0,0.0,0.0,0.0,0.0,0.0,0.0,0.0,0.0,0.0,0.0,0.0,0.0,0.0,0.0,ACT,6.0,2020.0,2020.0,SEA,133.0,False,False,,,,,,True,True,408.0,8.0,0.7678571428571429,7.285714285714286,0.0,9.488372093023257,4.428571428571429,9.271428571428572,131.8,9.414285714285715,50.0,43.0,3.065,50.0,50.0,1.0,0.0,1.0,50.0,50.0,0.0,4.0,0.0,0.0,0.0,0.0,0.0,0.0,90.0,10.0,0.0,0.0,0.0,0.0,0.0,Very Low,74.03169014084506,1.0,1.0,160.04285714285714,1.04806338028169,1.0,0.99,166.05770726861167,False,,,0.0,,0.0,,,False,False,,False,False,,,,,False,,,,1.0,,,,,166.05770726861167,1.0,166.05770726861167,0.0,0.0,1.0,0.0,139.4884741056338,192.62694043158953,89.5,66.29,19,-29.439180047191115,195.49688731580278,193.0,3,8.4,8.4,18.0,139.0,0.0,0.0,18.0,139.0,0.3,0.0,47.38894447345749,35.03,104,TE19,LATE / WATCH,"[""Excellent durability profile"", ""High ceiling outcome""]",[],No major hidden edge identified yet.,11,gsis_id,1,STARTER,2026-08-21 07:40:57+00:00
00-0038563,Tre Tucker,WR,LV,17.0,0.0,0.0,0.0,0.0,0.0,11.0,51.0,0.0,57.0,92.0,696.0,5.0,935.0,0.18959043657272526,0.2639591973045314,0.4691570929722598,161.7,0.0,0.0,0.0,0.0,0.0,0.0,1.0,0.0,0.0,0.0,0.0,0.0,0.0,1.0,1.0,ACT,3.0,2023.0,2023.0,LV,100.0,False,False,,,,,,True,True,747.0,5.0,0.6195652173913043,7.565217391304348,4.636363636363637,12.210526315789474,10.16304347826087,9.511764705882353,167.70000000000002,9.864705882352942,50.0,68.0,2.466,50.0,50.0,1.0,0.0,1.0,50.0,50.0,0.0,5.411764705882353,0.6470588235294118,0.0,3.0,0.0,85.05208333333333,0.0,91.0,9.0,0.0,0.0,0.0,0.0,0.0,Very Low,82.0,1.0,1.0,167.70000000000002,1.064,1.0,0.991,178.82636087987362,False,,,0.0,,0.0,,,False,False,,False,False,,,,,False,,,,1.0106,0.9994,1.0002,1.0007,1.0006,176.82690480000002,1.0007,178.82636087987362,0.0,0.0,1.0,1.999456079873596,150.3929694999737,207.25975225977348,96.85,70.2,61,-23.902674154659735,202.72903503453335,173.0,4,1.2,1.2,24.5,236.0,0.0,0.0,24.5,236.0,0.14,0.0,38.82334900815,35.01,105,WR61,LATE / WATCH,"[""Strong projected opportunity"", ""Hybrid rushing role adds extra fantasy upside"", ""Excellent durability profile"", ""Very high projection confidence"", ""High ceiling outcome""]",[],Rushing usage creates additional fantasy scoring paths.,13,gsis_id,1,STARTER,2026-08-21 07:40:57+00:00
00-0033106,Jared Goff,QB,DET,17.0,393.0,578.0,4564.0,34.0,8.0,19.0,45.0,0.0,0.0,0.0,0.0,0.0,0.0,0.0,0.0,0.0,297.06,6.0,0.0,0.0,0.0,0.0,0.0,0.0,0.0,0.0,8.0,3.0,0.0,0.0,0.0,0.0,ACT,10.0,2016.0,2016.0,LAR,1.0,False,False,,,,,,True,True,45.0,34.0,0.0,0.0,2.3684210526315788,0.0,0.0,17.474117647058822,371.06,21.827058823529413,50.0,19.0,19.529,50.0,50.0,1.0,0.0,1.0,50.0,50.0,0.0,0.0,1.1176470588235294,34.0,2.6470588235294117,0.0,30.833333333333336,30.833333333333336,91.3,8.7,0.0,0.0,0.0,0.0,3.7,Very Low,74.04761904761904,1.0,1.0,371.06,1.0480952380952382,1.0,0.9913,385.0986599334687,False,,,0.0,,0.0,,,False,False,,False,False,,,,,False,,,,1.0,0.9989,1.0005,1.0013,1.0011,385.5227349419048,0.9989,385.0986599334687,0.0,0.0,1.0,-0.42407500843609114,323.9835026020272,446.2138172649101,96.955,83.37,11,6.791704710298404,378.3069552231703,19.0,2,2.93,2.93,22.5,61.0,28.97,28.97,22.5,61.0,22.72,2.6336026845170797,6.137658193466775,34.96,106,QB11,LATE / WATCH,"[""Elite fantasy production"", ""Excellent durability profile"", ""Very high projection confidence"", ""High ceiling outcome""]",[],No major hidden edge identified yet.,6,gsis_id,1,STARTER,2026-08-21 07:40:57+00:00
00-0038129,Cade Otton,TE,TB,15.0,0.0,0.0,0.0,0.0,0.0,0.0,0.0,0.0,59.0,81.0,572.0,1.0,419.0,0.17393131574974047,0.11607617527769727,0.3421502963189988,122.2,0.0,0.0,0.0,0.0,0.0,0.0,0.0,0.0,0.0,0.0,0.0,0.0,0.0,0.0,0.0,ACT,4.0,2022.0,2022.0,TB,106.0,False,False,,,,,,True,True,572.0,1.0,0.7283950617283951,7.061728395061729,0.0,9.694915254237289,5.172839506172839,8.146666666666667,122.2,8.146666666666667,50.0,59.0,2.071,50.0,50.0,1.0,0.0,1.0,50.0,50.0,0.0,5.4,0.0,0.0,0.0,0.0,0.0,0.0,90.0,10.0,0.0,0.0,0.0,0.0,0.0,Very Low,87.74647887323945,1.0,1.0,138.49333333333334,1.075492957746479,1.0,0.99,139.4963262409014,True,Questionable,Undisclosed,0.45,UNKNOWN,0.45,,,False,False,F,False,False,F,Sleeper,,,False,,,,1.0,0.9977,1.001,1.0029,1.0024,147.45911864788732,1.0,147.45911864788732,0.054,0.0,0.946,-7.962792406985926,117.17691404235717,161.8157384394456,96.5,69.17,26,-56.000561074901384,195.49688731580278,233.0,3,0.21,0.21,18.0,139.0,0.0,0.0,18.0,139.0,0.3,0.0,39.8089541715052,34.93,107,TE26,LATE / WATCH,"[""Strong projected opportunity"", ""Excellent durability profile"", ""Very high projection confidence"", ""High ceiling outcome""]",[],No major hidden edge identified yet.,10,gsis_id,1,STARTER,2026-08-21 07:40:57+00:00
00-0039849,Marvin Harrison Jr.,WR,ARI,12.0,0.0,0.0,0.0,0.0,0.0,0.0,0.0,0.0,41.0,73.0,608.0,4.0,946.0,0.18054584989169167,0.3304431512354945,0.5021289807023837,127.80000000000001,0.0,0.0,0.0,0.0,0.0,0.0,0.0,0.0,0.0,0.0,0.0,0.0,0.0,2.0,0.0,ACT,2.0,2024.0,2024.0,ARI,4.0,False,False,,,,,,True,True,608.0,4.0,0.5616438356164384,8.32876712328767,0.0,14.829268292682928,12.95890410958904,10.65,125.80000000000001,10.483333333333334,50.0,41.0,3.068,50.0,50.0,1.0,0.0,1.0,50.0,50.0,0.0,6.083333333333333,0.0,0.0,0.0,0.0,37.75,0.0,91.0,9.0,0.0,0.0,0.0,0.0,0.0,Very Low,85.08333333333334,1.0,1.0,178.2166666666667,1.0701666666666667,1.0,0.991,189.00504228611115,False,,,0.0,,0.0,,,False,False,,False,False,,,,,False,,,,1.0,,,,,189.00504228611115,1.0,189.00504228611115,0.0,0.0,1.0,0.0,158.95324056261947,219.0568440096028,89.85,70.7,49,-13.723992748422205,202.72903503453335,155.0,4,0.27,0.27,24.5,236.0,0.0,0.0,24.5,236.0,0.14,0.0,41.03314905514967,34.88,108,WR49,LATE / WATCH,"[""Strong projected opportunity"", ""Excellent durability profile"", ""High ceiling outcome""]",[],No major hidden edge identified yet.,14,gsis_id,1,STARTER,2026-08-21 07:40:57+00:00
00-0039165,Zach Charbonnet,RB,SEA,16.0,0.0,0.0,0.0,0.0,0.0,184.0,730.0,12.0,20.0,24.0,144.0,0.0,40.0,0.052011205004727216,0.012205948186563854,0.08656097123768552,181.4,0.0,0.0,0.0,1.0,0.0,0.0,0.0,0.0,0.0,0.0,0.0,0.0,0.0,0.0,0.0,ACT,3.0,2023.0,2023.0,SEA,52.0,False,False,,,,,,True,True,874.0,12.0,0.8333333333333334,6.0,3.967391304347826,7.2,1.6666666666666667,11.3375,181.4,11.3375,50.0,204.0,0.889,50.0,50.0,1.0,0.0,1.0,50.0,50.0,0.0,1.5,11.5,0.0,45.625,0.75,82.23776223776224,0.0,88.0,12.0,0.0,0.0,0.0,0.0,0.0,Very Low,72.55244755244756,1.0,1.0,192.7375,1.0451048951048951,1.0,0.988,175.1320858,True,PUP,Knee - ACL,1.0,UNKNOWN,1.0,,,False,False,D,True,False,D,Sleeper,,Unknown; no return timetable announced,False,https://www.seahawks.com/news/seahawks-rb-zach-charbonnet-placed-on-pup-list,2026-07-22,Official PUP announcement explicitly says no timetable has been set; no missed-games estimate is inferred.,1.0,1.0,1.0,1.0001,1.0001,199.01373386363636,1.0,199.01373386363636,0.12,0.0,0.88,-23.881648063636362,146.7606879004,203.5034836996,95.8,68.79,48,-34.088575756072714,209.2206615560727,183.0,4,1.82,1.82,24.5,137.0,0.0,0.0,24.5,137.0,0.24,0.0,40.20266437177256,34.84,109,RB48,LATE / WATCH,"[""Strong durability profile"", ""Very high projection confidence"", ""High ceiling outcome""]",[],No major hidden edge identified yet.,11,gsis_id,1,STARTER,2026-08-21 07:40:57+00:00
00-0041035,De'Zhaun Stribling,WR,SF,0.0,0.0,0.0,0.0,0.0,0.0,0.0,0.0,0.0,0.0,0.0,0.0,0.0,0.0,0.0,0.0,0.0,0.0,0.0,0.0,0.0,0.0,0.0,0.0,0.0,0.0,0.0,0.0,0.0,0.0,0.0,0.0,0.0,ACT,0.0,2026.0,2026.0,SF,33.0,True,False,,,,,,True,True,0.0,0.0,0.0,0.0,0.0,0.0,0.0,0.0,0.0,0.0,91.25,0.0,0.0,84.44,75.0,1.0,6.0,0.96,50.0,80.54,221.08,0.0,0.0,0.0,0.0,0.0,37.75,0.0,91.0,9.0,0.0,0.0,0.0,0.0,0.0,Very Low,10.333333333333334,1.0,1.0,221.08,0.9206666666666667,1.0,0.991,208.91925659504815,False,,,0.0,,0.0,,,False,False,,False,False,,,,,False,,,,1.0309,0.9961,1.0015,1.0047,1.0039,201.7091177866667,1.0047,208.91925659504815,0.0,0.0,1.0,7.210138808381458,175.70109479643548,242.13741839366077,81.85,66.49,32,6.1902215605148,202.72903503453335,122.0,4,2.25,2.25,24.5,236.0,0.0,0.0,24.5,236.0,0.14,2.400367038161617,45.356541247077736,34.73,110,WR32,LATE / WATCH,"[""Excellent durability profile"", ""High ceiling outcome""]","[""Limited recent fantasy production"", ""Limited projected opportunity""]",No major hidden edge identified yet.,8,gsis_id,4,DEEP_DEPTH,2026-08-21 07:40:57+00:00
00-0034753,Mark Andrews,TE,BAL,17.0,0.0,0.0,0.0,0.0,0.0,10.0,48.0,1.0,48.0,70.0,422.0,5.0,508.0,0.17068131790216545,0.16348348628656031,0.3704604172538404,131.0,0.0,0.0,0.0,0.0,0.0,0.0,0.0,0.0,0.0,0.0,0.0,0.0,0.0,0.0,0.0,ACT,8.0,2018.0,2018.0,BAL,86.0,False,False,,,,,,True,True,470.0,6.0,0.6857142857142857,6.0285714285714285,4.8,8.791666666666666,7.257142857142857,7.705882352941177,131.0,7.705882352941177,50.0,58.0,2.259,50.0,50.0,1.0,0.0,1.0,50.0,50.0,0.0,4.117647058823529,0.5882352941176471,0.0,2.823529411764706,0.058823529411764705,0.0,0.0,90.0,10.0,0.0,0.0,0.0,0.0,0.0,Very Low,86.76056338028168,1.0,1.0,131.0,1.0735211267605633,1.0,0.99,139.1831874430986,False,,,0.0,,0.0,,,False,False,,False,False,,,,,False,,,,1.0,1.0,1.0,0.9996,0.9997,139.22495492957748,0.9997,139.1831874430986,0.0,0.0,1.0,-0.04176748647887507,116.91387745220283,161.45249743399438,96.5,68.37,27,-56.31369987270418,195.49688731580278,235.0,3,0.31,0.31,18.0,139.0,0.0,0.0,18.0,139.0,0.3,0.0,39.71959176041543,34.72,111,TE27,LATE / WATCH,"[""Strong projected opportunity"", ""Excellent durability profile"", ""Very high projection confidence"", ""High ceiling outcome""]","[""Limited recent fantasy production""]",No major hidden edge identified yet.,13,gsis_id,1,STARTER,2026-08-21 07:40:57+00:00
00-0038994,Jordan Addison,WR,MIN,14.0,0.0,0.0,0.0,0.0,0.0,2.0,81.0,1.0,42.0,79.0,610.0,3.0,1083.0,0.1822259638335655,0.3298140495745093,0.5042087804525048,135.1,0.0,0.0,0.0,0.0,0.0,0.0,2.0,0.0,0.0,0.0,0.0,1.0,1.0,2.0,0.0,ACT,3.0,2023.0,2023.0,MIN,23.0,False,False,,,,,,True,True,691.0,4.0,0.5316455696202531,7.7215189873417724,40.5,14.523809523809524,13.708860759493671,9.65,143.1,10.221428571428572,50.0,44.0,3.252,50.0,50.0,1.0,0.0,1.0,50.0,50.0,0.0,5.642857142857143,0.14285714285714285,0.0,5.785714285714286,0.07142857142857142,89.17708333333334,0.0,91.0,9.0,0.0,0.0,0.0,0.0,0.0,Very Low,84.20833333333333,1.0,1.0,173.7642857142857,1.0684166666666668,1.0,0.991,183.94498864121465,False,,,0.0,,0.0,,,False,False,,False,False,,,,,False,,,,1.0,1.0,1.0,0.9998,0.9999,183.9817849982143,0.9998,183.94498864121465,0.0,0.0,1.0,-0.036796356999644786,154.69773544726152,213.19224183516775,89.85,70.15,58,-18.784046393318704,202.72903503453335,166.0,4,0.3,0.3,24.5,236.0,0.0,0.0,24.5,236.0,0.14,0.0,39.934607275910864,34.52,112,WR58,LATE / WATCH,"[""Strong projected opportunity"", ""Hybrid rushing role adds extra fantasy upside"", ""Excellent durability profile"", ""High ceiling outcome""]",[],Rushing usage creates additional fantasy scoring paths.,6,gsis_id,2,BACKUP,2026-08-21 07:40:57+00:00
00-0033293,Aaron Jones,RB,MIN,12.0,0.0,0.0,0.0,0.0,0.0,132.0,548.0,2.0,28.0,41.0,199.0,1.0,-25.0,0.1413775793336394,-0.012545499552659553,0.2032845193135974,118.7,0.0,0.0,0.0,0.0,0.0,0.0,0.0,0.0,0.0,0.0,0.0,0.0,0.0,0.0,0.0,ACT,9.0,2017.0,2017.0,GB,182.0,False,False,,,,,,True,True,747.0,3.0,0.6829268292682927,4.853658536585366,4.151515151515151,7.107142857142857,-0.6097560975609756,9.891666666666667,120.70000000000002,10.058333333333335,50.0,160.0,0.754,50.0,50.0,1.0,0.0,1.0,50.0,50.0,0.0,3.4166666666666665,11.0,0.0,45.666666666666664,0.16666666666666666,74.6853146853147,0.0,88.0,12.0,0.0,0.0,0.0,0.0,0.0,Very Low,84.23076923076923,1.0,1.0,170.9916666666667,1.0684615384615386,1.0,0.988,180.50564300000005,False,,,0.0,,0.0,,,False,False,,False,False,,,,,False,,,,1.0,1.0,1.0,0.9998,0.9999,180.50564300000005,1.0,180.50564300000005,0.0,0.0,1.0,0.0,151.26372883400003,209.74755716600004,88.8,69.05,43,-28.715018556072664,209.2206615560727,171.0,4,6.59,6.59,24.5,137.0,0.0,0.0,24.5,137.0,0.24,0.0,41.43345477426164,34.45,113,RB43,LATE / WATCH,"[""Strong projected opportunity"", ""Strong durability profile"", ""High ceiling outcome""]",[],No major hidden edge identified yet.,6,gsis_id,1,STARTER,2026-08-21 07:40:57+00:00
00-0039893,Brian Thomas Jr.,WR,JAX,14.0,0.0,0.0,0.0,0.0,0.0,3.0,21.0,1.0,48.0,91.0,707.0,2.0,1315.0,0.19311278941097032,0.31604028440632176,0.5108973832008806,138.8,0.0,0.0,0.0,0.0,0.0,0.0,0.0,0.0,0.0,0.0,0.0,0.0,0.0,1.0,0.0,ACT,2.0,2024.0,2024.0,JAX,23.0,False,False,,,,,,True,True,728.0,3.0,0.5274725274725275,7.769230769230769,7.0,14.729166666666666,14.45054945054945,9.914285714285715,138.8,9.914285714285715,50.0,51.0,2.722,50.0,50.0,1.0,0.0,1.0,50.0,50.0,0.0,6.5,0.21428571428571427,0.0,1.5,0.07142857142857142,88.125,0.0,91.0,9.0,0.0,0.0,0.0,0.0,0.0,Very Low,86.58333333333334,1.0,1.0,168.54285714285714,1.0731666666666668,1.0,0.991,180.75308535128667,False,,,0.0,,0.0,,,False,False,,False,False,,,,,False,,,,1.0079,0.9996,1.0002,1.0005,1.0004,179.2467050047619,1.0005,180.75308535128667,0.0,0.0,1.0,1.5063803465247645,152.01334478043208,209.4928259221412,89.85,70.36,59,-21.975949683246682,202.72903503453335,170.0,4,3.19,3.19,24.5,236.0,0.0,0.0,24.5,236.0,0.14,0.0,39.24164246459661,34.44,114,WR59,LATE / WATCH,"[""Strong projected opportunity"", ""Hybrid rushing role adds extra fantasy upside"", ""Excellent durability profile"", ""High ceiling outcome""]",[],Rushing usage creates additional fantasy scoring paths.,7,gsis_id,1,STARTER,2026-08-21 07:40:57+00:00
00-0036894,Pat Freiermuth,TE,PIT,15.0,0.0,0.0,0.0,0.0,0.0,0.0,0.0,0.0,41.0,54.0,486.0,4.0,323.0,0.11286397113915018,0.12574934122518397,0.25732049556635406,113.60000000000001,0.0,0.0,0.0,0.0,0.0,0.0,1.0,0.0,0.0,0.0,0.0,0.0,0.0,1.0,1.0,ACT,5.0,2021.0,2021.0,PIT,55.0,False,False,,,,,,True,True,486.0,4.0,0.7592592592592593,9.0,0.0,11.853658536585366,5.981481481481482,7.573333333333334,119.6,7.973333333333333,50.0,41.0,2.917,50.0,50.0,1.0,0.0,1.0,50.0,50.0,0.0,3.6,0.0,0.0,0.0,0.0,0.0,0.0,90.0,10.0,0.0,0.0,0.0,0.0,0.0,Very Low,77.76408450704224,1.0,1.0,135.54666666666665,1.0555281690140845,1.0,0.99,141.8692197804169,False,,,0.0,,0.0,,,False,False,,False,False,,,,,False,,,,1.0,0.9984,1.0007,1.0019,1.0016,141.6425916338028,1.0016,141.8692197804169,0.0,0.0,1.0,0.2266281466141038,119.17014461555019,164.56829494528358,96.5,66.46,24,-53.62766753538588,195.49688731580278,229.0,3,12.28,12.28,18.0,139.0,0.0,0.0,18.0,139.0,0.3,0.0,40.48612189852693,34.39,115,TE24,LATE / WATCH,"[""Strong projected opportunity"", ""Excellent durability profile"", ""Very high projection confidence"", ""High ceiling outcome""]","[""Limited recent fantasy production""]",No major hidden edge identified yet.,9,gsis_id,1,STARTER,2026-08-21 07:40:57+00:00
00-0031408,Mike Evans,WR,SF,8.0,0.0,0.0,0.0,0.0,0.0,0.0,0.0,0.0,30.0,62.0,368.0,3.0,824.0,0.24344588122605365,0.34794504416303484,0.6087303527532049,84.80000000000001,0.0,0.0,0.0,0.0,0.0,0.0,1.0,0.0,0.0,0.0,0.0,0.0,0.0,1.0,0.0,ACT,12.0,2014.0,2014.0,TB,7.0,False,False,,,,,,True,True,368.0,3.0,0.4838709677419355,5.935483870967742,0.0,12.266666666666667,13.290322580645162,10.600000000000001,86.80000000000001,10.850000000000001,50.0,30.0,2.893,50.0,50.0,1.0,0.0,1.0,50.0,50.0,0.0,7.75,0.0,0.0,0.0,0.0,37.75,0.0,91.0,9.0,0.0,0.0,0.0,0.0,0.0,Very Low,92.625,1.0,1.0,184.45000000000002,1.08525,1.0,0.991,187.660662402675,True,Questionable,Foot,0.45,UNKNOWN,0.45,,,False,False,D,False,False,D,Sleeper,,,False,,,,1.0,0.9961,1.0015,1.0047,1.0039,198.37279323750002,1.0,198.37279323750002,0.054,0.0,0.946,-10.712130834825018,157.82261708064968,217.4987077247003,81.85,71.85,51,-15.068372631858352,202.72903503453335,158.0,4,0.02,0.02,24.5,236.0,0.0,0.0,24.5,236.0,0.14,0.0,40.74128308439809,34.31,116,WR51,LATE / WATCH,"[""Elite projected opportunity"", ""Strong target share"", ""Elite receiving opportunity profile"", ""Excellent durability profile"", ""High ceiling outcome""]",[],Opportunity profile may support more production than raw totals suggest.,8,gsis_id,1,STARTER,2026-08-21 07:40:57+00:00
00-0035685,David Montgomery,RB,HOU,17.0,1.0,2.0,3.0,1.0,0.0,158.0,716.0,8.0,24.0,29.0,192.0,0.0,12.0,0.05427127379706137,0.0018495066547368696,0.08270156535390787,166.92000000000002,0.0,0.0,0.0,1.0,0.0,0.0,0.0,0.0,0.0,0.0,0.0,1.0,0.0,0.0,0.0,ACT,7.0,2019.0,2019.0,CHI,73.0,False,False,,,,,,True,True,908.0,9.0,0.8275862068965517,6.620689655172414,4.531645569620253,8.0,0.41379310344827586,9.818823529411766,168.92000000000002,9.936470588235295,50.0,182.0,0.928,50.0,50.0,1.0,0.0,1.0,50.0,50.0,0.0,1.7058823529411764,9.294117647058824,0.11764705882352941,42.11764705882353,0.47058823529411764,76.08391608391608,0.0,88.0,12.0,0.0,0.0,0.0,0.0,0.0,Very Low,69.61538461538461,1.0,1.0,168.92000000000002,1.0392307692307692,1.0,0.988,177.06662366373342,False,,,0.0,,0.0,,,False,False,,False,False,,,,,False,,,,1.0205,0.999,1.0004,1.0008,1.0007,173.4402992,1.0004,177.06662366373342,0.0,0.0,1.0,3.6263244637334253,148.3818306302086,205.75141669725824,95.8,66.29,46,-32.15403789233929,209.2206615560727,178.0,4,1.12,1.12,24.5,137.0,0.0,0.0,24.5,137.0,0.24,0.0,40.64576203451537,34.31,117,RB46,LATE / WATCH,"[""Strong durability profile"", ""Very high projection confidence"", ""High ceiling outcome""]",[],No major hidden edge identified yet.,8,gsis_id,1,STARTER,2026-08-21 07:40:57+00:00
00-0041547,K.C. Concepcion,WR,CLE,0.0,0.0,0.0,0.0,0.0,0.0,0.0,0.0,0.0,0.0,0.0,0.0,0.0,0.0,0.0,0.0,0.0,0.0,0.0,0.0,0.0,0.0,0.0,0.0,0.0,0.0,0.0,0.0,0.0,0.0,0.0,0.0,0.0,ACT,0.0,2026.0,2026.0,CLE,24.0,True,False,,,,,,True,True,0.0,0.0,0.0,0.0,0.0,0.0,0.0,0.0,0.0,0.0,93.71,0.0,0.0,85.3,75.0,1.0,6.0,0.96,50.0,81.85,223.7,0.0,0.0,0.0,0.0,0.0,37.75,0.0,91.0,9.0,0.0,0.0,0.0,0.0,0.0,Very Low,10.333333333333334,1.0,1.0,223.7,0.9206666666666667,1.0,0.991,204.99818098263876,False,,,0.0,,0.0,,,False,False,,False,False,,,,,False,,,,1.0036,0.9994,1.0003,1.0008,1.0006,204.09955513333333,1.0008,204.99818098263876,0.0,0.0,1.0,0.8986258493054322,172.4034702063992,237.59289175887827,81.85,67.13,34,2.269145948105404,202.72903503453335,125.0,4,2.01,2.01,24.5,236.0,0.0,0.0,24.5,236.0,0.14,0.8799011611075889,44.50527252898212,34.19,118,WR34,LATE / WATCH,"[""Excellent durability profile"", ""High ceiling outcome""]","[""Limited recent fantasy production"", ""Limited projected opportunity""]",No major hidden edge identified yet.,11,gsis_id,2,BACKUP,2026-08-21 07:40:57+00:00
00-0035229,T.J. Hockenson,TE,MIN,15.0,0.0,0.0,0.0,0.0,0.0,1.0,0.0,0.0,51.0,66.0,438.0,3.0,329.0,0.1594303847541056,0.1019626852050062,0.31051945677466275,112.8,0.0,0.0,0.0,0.0,0.0,0.0,0.0,0.0,0.0,0.0,0.0,0.0,0.0,0.0,0.0,ACT,7.0,2019.0,2019.0,DET,8.0,False,False,,,,,,True,True,438.0,3.0,0.7727272727272727,6.636363636363637,0.0,8.588235294117647,4.984848484848484,7.52,112.80000000000001,7.5200000000000005,50.0,52.0,2.169,50.0,50.0,1.0,0.0,1.0,50.0,50.0,0.0,4.4,0.06666666666666667,0.0,0.0,0.0,0.0,0.0,90.0,10.0,0.0,0.0,0.0,0.0,0.0,Very Low,83.02816901408451,1.0,1.0,127.84,1.0660563380281691,1.0,0.99,134.90830365140286,False,,,0.0,,0.0,,,False,False,,False,False,,,,,False,,,,1.0,1.0,1.0,0.9998,0.9999,134.92179583098596,0.9999,134.90830365140286,0.0,0.0,1.0,-0.013492179583096231,113.3229750671784,156.4936322356273,96.5,67.2,33,-60.58858366439992,195.49688731580278,244.0,3,0.55,0.55,18.0,139.0,0.0,0.0,18.0,139.0,0.3,0.0,38.499640973623826,34.18,119,TE33,LATE / WATCH,"[""Strong projected opportunity"", ""Excellent durability profile"", ""Very high projection confidence"", ""High ceiling outcome""]","[""Limited recent fantasy production""]",No major hidden edge identified yet.,6,gsis_id,1,STARTER,2026-08-21 07:40:57+00:00
00-0037809,Chig Okonkwo,TE,WAS,17.0,0.0,0.0,0.0,0.0,0.0,0.0,0.0,0.0,56.0,79.0,560.0,2.0,366.0,0.14978941269431215,0.08703081027512587,0.2856056862340563,124.0,0.0,0.0,0.0,0.0,0.0,0.0,0.0,0.0,0.0,0.0,0.0,0.0,0.0,1.0,1.0,ACT,4.0,2022.0,2022.0,TEN,143.0,False,False,,,,,,True,True,560.0,2.0,0.7088607594936709,7.0886075949367084,0.0,10.0,4.632911392405063,7.294117647058823,128.0,7.529411764705882,50.0,56.0,2.286,50.0,50.0,1.0,0.0,1.0,50.0,50.0,0.0,4.647058823529412,0.0,0.0,0.0,0.0,0.0,0.0,90.0,10.0,0.0,0.0,0.0,0.0,0.0,Very Low,81.6549295774648,1.0,1.0,128.0,1.0633098591549297,1.0,0.99,135.590738553719,False,,,0.0,,0.0,,,False,False,,False,False,,,,,False,,,,1.0071,0.9997,1.0002,0.999,0.9992,134.7426253521127,0.9992,135.590738553719,0.0,0.0,1.0,0.84811320160631,113.89622038512397,157.28525672231405,96.5,66.87,31,-59.906148762083774,195.49688731580278,241.0,3,0.33,0.33,18.0,139.0,0.0,0.0,18.0,139.0,0.3,0.0,38.69439176372294,34.14,120,TE31,LATE / WATCH,"[""Strong projected opportunity"", ""Excellent durability profile"", ""Very high projection confidence"", ""High ceiling outcome""]","[""Limited recent fantasy production""]",No major hidden edge identified yet.,7,gsis_id,1,STARTER,2026-08-21 07:40:57+00:00
00-0041438,Carnell Tate,WR,TEN,0.0,0.0,0.0,0.0,0.0,0.0,0.0,0.0,0.0,0.0,0.0,0.0,0.0,0.0,0.0,0.0,0.0,0.0,0.0,0.0,0.0,0.0,0.0,0.0,0.0,0.0,0.0,0.0,0.0,0.0,0.0,0.0,0.0,ACT,0.0,2026.0,2026.0,TEN,4.0,True,False,,,,,,True,True,0.0,0.0,0.0,0.0,0.0,0.0,0.0,0.0,0.0,0.0,99.18,0.0,0.0,87.21,75.0,1.0,6.0,0.96,50.0,84.76,229.52,0.0,0.0,0.0,0.0,0.0,37.75,0.0,91.0,9.0,0.0,0.0,0.0,0.0,0.0,Very Low,10.333333333333334,1.0,1.0,229.52,0.9206666666666667,1.0,0.991,198.10149164021334,True,Questionable,Undisclosed,0.45,UNKNOWN,0.45,,,False,False,F,False,False,F,Sleeper,,,False,,,,1.0,0.9985,1.0006,1.0004,1.0003,209.40961061333334,1.0,209.40961061333334,0.054,0.0,0.946,-11.308118973120003,166.6033544694194,229.59962881100722,81.85,68.7,41,-4.627543394320014,202.72903503453335,137.0,4,2.88,2.88,24.5,236.0,0.0,0.0,24.5,236.0,0.14,0.0,43.0079956396893,33.98,121,WR41,LATE / WATCH,"[""Excellent durability profile"", ""High ceiling outcome""]","[""Limited recent fantasy production"", ""Limited projected opportunity""]",No major hidden edge identified yet.,9,gsis_id,1,STARTER,2026-08-21 07:40:57+00:00
00-0040583,Woody Marks,RB,HOU,16.0,0.0,0.0,0.0,0.0,0.0,196.0,703.0,2.0,24.0,36.0,208.0,3.0,77.0,0.06840811775244329,0.017540736225454,0.11489069198648275,145.1,0.0,0.0,0.0,0.0,0.0,0.0,0.0,0.0,0.0,0.0,0.0,0.0,0.0,1.0,0.0,ACT,1.0,2025.0,2025.0,HOU,116.0,False,False,,,,,,True,True,911.0,5.0,0.6666666666666666,5.777777777777778,3.586734693877551,8.666666666666666,2.138888888888889,9.06875,145.1,9.06875,50.0,220.0,0.66,50.0,50.0,1.0,0.0,1.0,50.0,50.0,0.0,2.25,12.25,0.0,43.9375,0.125,75.10489510489509,0.0,88.0,12.0,0.0,0.0,0.0,0.0,0.0,Very Low,78.00699300699301,1.0,1.0,154.16875,1.056013986013986,1.0,0.988,164.2138026197654,False,,,0.0,,0.0,,,False,False,,False,False,,,,,False,,,,1.0205,0.999,1.0004,1.0008,1.0007,160.85070393181817,1.0004,164.2138026197654,0.0,0.0,1.0,3.363098687947229,137.61116659536341,190.8164386441674,95.8,67.29,52,-45.00685893630731,209.2206615560727,196.0,4,6.8,6.8,24.5,137.0,0.0,0.0,24.5,137.0,0.24,0.0,37.70187808631336,33.97,122,RB52,LATE / WATCH,"[""Strong projected opportunity"", ""Strong durability profile"", ""Very high projection confidence"", ""High ceiling outcome""]",[],No major hidden edge identified yet.,8,gsis_id,2,BACKUP,2026-08-21 07:40:57+00:00
00-0041511,Omar Cooper,WR,NYJ,0.0,0.0,0.0,0.0,0.0,0.0,0.0,0.0,0.0,0.0,0.0,0.0,0.0,0.0,0.0,0.0,0.0,0.0,0.0,0.0,0.0,0.0,0.0,0.0,0.0,0.0,0.0,0.0,0.0,0.0,0.0,0.0,0.0,ACT,0.0,2026.0,2026.0,NYJ,30.0,True,False,,,,,,True,True,0.0,0.0,0.0,0.0,0.0,0.0,0.0,0.0,0.0,0.0,92.07,0.0,0.0,84.72,75.0,1.0,6.0,0.96,50.0,80.97,221.94,0.0,0.0,0.0,0.0,0.0,37.75,0.0,91.0,9.0,0.0,0.0,0.0,0.0,0.0,Very Low,10.333333333333334,1.0,1.0,221.94,0.9206666666666667,1.0,0.991,204.48099239771426,False,,,0.0,,0.0,,,False,False,,False,False,,,,,False,,,,1.0081,0.9986,1.0006,1.0017,1.0014,202.49376516,1.0017,204.48099239771426,0.0,0.0,1.0,1.9872272377142508,171.9685146064777,236.9934701889508,81.85,66.45,36,1.7519573631809067,202.72903503453335,127.0,4,0.17,0.17,24.5,236.0,0.0,0.0,24.5,236.0,0.14,0.6793522115053761,44.392990464767635,33.93,123,WR36,LATE / WATCH,"[""Excellent durability profile"", ""High ceiling outcome""]","[""Limited recent fantasy production"", ""Limited projected opportunity""]",No major hidden edge identified yet.,13,gsis_id,3,DEPTH,2026-08-21 07:40:57+00:00
00-0036423,Albert Okwuegbunam,TE,LV,1.0,0.0,0.0,0.0,0.0,0.0,0.0,0.0,0.0,5.0,6.0,36.0,0.0,18.0,0.16666666666666666,0.07377049180327869,0.3016393442622951,8.6,0.0,0.0,0.0,0.0,0.0,0.0,0.0,0.0,0.0,0.0,0.0,0.0,0.0,0.0,0.0,ACT,6.0,2020.0,2020.0,DEN,118.0,False,False,,,,,,True,True,36.0,0.0,0.8333333333333334,6.0,0.0,7.2,3.0,8.6,8.6,8.6,50.0,5.0,1.72,50.0,50.0,1.0,0.0,1.0,50.0,50.0,0.0,6.0,0.0,0.0,0.0,0.0,0.0,0.0,90.0,10.0,0.0,0.0,0.0,0.0,0.0,Very Low,86.02112676056339,1.0,1.0,146.2,1.072042253521127,1.0,0.99,155.25835084115494,False,,,0.0,,0.0,,,False,False,,False,False,,,,,False,,,,1.0,0.9994,1.0002,1.0007,1.0006,155.16525169014085,1.0006,155.25835084115494,0.0,0.0,1.0,0.09309915101408706,130.41701470657014,180.0996869757397,81.5,67.06,22,-40.238536474647844,195.49688731580278,213.0,3,4.45,4.45,18.0,139.0,0.0,0.0,18.0,139.0,0.3,0.0,44.30706341832529,33.81,124,TE22,LATE / WATCH,"[""Strong projected opportunity"", ""Excellent durability profile"", ""High ceiling outcome""]",[],No major hidden edge identified yet.,13,gsis_id,4,DEEP_DEPTH,2026-08-21 07:40:57+00:00
00-0033553,James Conner,RB,ARI,3.0,0.0,0.0,0.0,0.0,0.0,32.0,95.0,1.0,8.0,9.0,38.0,1.0,-9.0,0.09852603110209601,-0.018821046899462256,0.13461431382352043,33.3,0.0,0.0,0.0,0.0,0.0,0.0,0.0,0.0,0.0,0.0,0.0,0.0,0.0,0.0,0.0,ACT,9.0,2017.0,2017.0,PIT,105.0,False,False,,,,,,True,True,133.0,2.0,0.8888888888888888,4.222222222222222,2.96875,4.75,-1.0,11.1,33.3,11.1,50.0,40.0,0.832,50.0,50.0,1.0,0.0,1.0,50.0,50.0,0.0,3.0,10.666666666666666,0.0,31.666666666666668,0.3333333333333333,74.1958041958042,0.0,88.0,12.0,0.0,0.0,0.0,0.0,0.0,Very Low,80.41958041958041,1.0,1.0,188.7,1.0608391608391607,1.0,0.988,187.09816343999995,True,Questionable,Foot,0.45,UNKNOWN,0.45,,,False,False,D,False,False,D,Sleeper,,,False,,,,1.0,,,,,197.77818545454542,1.0,197.77818545454542,0.054,0.0,0.946,-10.680022014545472,156.78826096271996,217.40806591727994,80.8,68.21,42,-22.122498116072762,209.2206615560727,159.0,4,0.98,0.98,24.5,137.0,0.0,0.0,24.5,137.0,0.24,0.0,42.9434435179871,33.75,125,RB42,LATE / WATCH,"[""Strong projected opportunity"", ""Strong durability profile"", ""High ceiling outcome""]",[],No major hidden edge identified yet.,14,gsis_id,3,DEPTH,2026-08-21 07:40:57+00:00
00-0037834,Brock Purdy,QB,SF,9.0,197.0,284.0,2167.0,20.0,10.0,33.0,147.0,3.0,0.0,0.0,0.0,0.0,0.0,0.0,0.0,0.0,177.38,2.0,0.0,0.0,0.0,0.0,0.0,0.0,0.0,0.0,1.0,0.0,0.0,0.0,0.0,0.0,ACT,4.0,2022.0,2022.0,SF,262.0,False,False,,,,,,True,True,147.0,23.0,0.0,0.0,4.454545454545454,0.0,0.0,19.70888888888889,197.38,21.93111111111111,50.0,33.0,5.981,50.0,50.0,1.0,0.0,1.0,50.0,50.0,0.0,0.0,3.6666666666666665,31.555555555555557,16.333333333333332,0.3333333333333333,77.32142857142857,77.32142857142857,85.7,14.3,0.0,0.0,0.0,0.0,9.3,Very Low,80.0,1.0,1.0,372.8288888888889,1.06,1.0,0.9857,388.0280475249391,False,,,0.0,,0.0,,,False,False,,False,False,,,,,False,,,,1.0,0.9961,1.0015,1.0047,1.0039,389.54728192444446,0.9961,388.0280475249391,0.0,0.0,1.0,-1.5192343995053648,324.27503931659163,451.78105573328656,79.995,81.05,10,9.721092301768806,378.3069552231703,17.0,2,5.33,5.33,22.5,61.0,28.97,28.97,22.5,61.0,22.72,3.7695241289799544,8.784943450931722,33.61,126,QB10,LATE / WATCH,"[""Elite fantasy production"", ""Strong projected opportunity"", ""Above-average quarterback rushing floor"", ""Strong durability profile"", ""High ceiling outcome""]","[""Elevated rushing contact exposure""]",No major hidden edge identified yet.,8,gsis_id,1,STARTER,2026-08-21 07:40:57+00:00
00-0038997,Josh Downs,WR,IND,16.0,0.0,0.0,0.0,0.0,0.0,2.0,-2.0,0.0,58.0,88.0,566.0,4.0,659.0,0.174591074026471,0.1677717770466987,0.3793268549723956,138.4,0.0,0.0,0.0,0.0,0.0,0.0,0.0,0.0,0.0,0.0,0.0,0.0,0.0,0.0,0.0,ACT,3.0,2023.0,2023.0,IND,79.0,False,False,,,,,,True,True,564.0,4.0,0.6590909090909091,6.431818181818182,-1.0,9.758620689655173,7.488636363636363,8.65,138.4,8.65,50.0,60.0,2.307,50.0,50.0,1.0,0.0,1.0,50.0,50.0,0.0,5.5,0.125,0.0,-0.125,0.0,44.58333333333333,0.0,91.0,9.0,0.0,0.0,0.0,0.0,0.0,Very Low,77.10416666666667,1.0,1.0,147.05,1.0542083333333334,1.0,0.991,162.2353785903803,False,,,0.0,,0.0,,,False,False,,False,False,,,,,False,,,,1.0511,0.996,1.0015,1.0047,1.0039,153.62614339791668,1.0047,162.2353785903803,0.0,0.0,1.0,8.609235192463615,136.4399533945098,188.03080378625071,96.85,67.45,72,-40.49365644415306,202.72903503453335,198.0,4,2.9,2.9,24.5,236.0,0.0,0.0,24.5,236.0,0.14,0.0,35.221433201980226,33.61,127,WR72,LATE / WATCH,"[""Strong projected opportunity"", ""Excellent durability profile"", ""Very high projection confidence"", ""High ceiling outcome""]",[],No major hidden edge identified yet.,13,gsis_id,2,BACKUP,2026-08-21 07:40:57+00:00
00-0041489,Germie Bernard,WR,PIT,0.0,0.0,0.0,0.0,0.0,0.0,0.0,0.0,0.0,0.0,0.0,0.0,0.0,0.0,0.0,0.0,0.0,0.0,0.0,0.0,0.0,0.0,0.0,0.0,0.0,0.0,0.0,0.0,0.0,0.0,0.0,0.0,0.0,ACT,0.0,2026.0,2026.0,PIT,47.0,True,False,,,,,,True,True,0.0,0.0,0.0,0.0,0.0,0.0,0.0,0.0,0.0,0.0,87.42,0.0,0.0,83.1,75.0,1.0,6.0,0.96,50.0,78.5,217.0,0.0,0.0,0.0,0.0,0.0,37.75,0.0,91.0,9.0,0.0,0.0,0.0,0.0,0.0,Very Low,10.333333333333334,1.0,1.0,217.0,0.9206666666666667,1.0,0.991,204.65087931666574,False,,,0.0,,0.0,,,False,False,,False,False,,,,,False,,,,1.0317,0.9984,1.0007,1.0019,1.0016,197.98660466666666,1.0019,204.65087931666574,0.0,0.0,1.0,6.664274649999072,172.11138950531588,237.19036912801556,81.85,64.65,35,1.9218442821323833,202.72903503453335,126.0,4,0.35,0.35,24.5,236.0,0.0,0.0,24.5,236.0,0.14,0.7452288455611117,44.42987305363161,33.51,128,WR35,LATE / WATCH,"[""Excellent durability profile"", ""High ceiling outcome""]","[""Limited recent fantasy production"", ""Limited projected opportunity""]",No major hidden edge identified yet.,9,gsis_id,4,DEEP_DEPTH,2026-08-21 07:40:57+00:00
00-0041496,Jonah Coleman,RB,DEN,0.0,0.0,0.0,0.0,0.0,0.0,0.0,0.0,0.0,0.0,0.0,0.0,0.0,0.0,0.0,0.0,0.0,0.0,0.0,0.0,0.0,0.0,0.0,0.0,0.0,0.0,0.0,0.0,0.0,0.0,0.0,0.0,0.0,ACT,0.0,2026.0,2026.0,DEN,108.0,True,False,,,,,,True,True,0.0,0.0,0.0,0.0,0.0,0.0,0.0,0.0,0.0,0.0,70.74,0.0,0.0,82.26,85.0,1.0,0.0,1.0,50.0,76.01,237.22,0.0,0.0,0.0,0.0,0.0,11.433566433566433,0.0,88.0,12.0,0.0,0.0,0.0,0.0,0.0,Very Low,9.44055944055944,1.0,1.0,237.22,0.9188811188811189,1.0,0.988,215.4258636493091,False,,,0.0,,0.0,,,False,False,,False,False,,,,,False,,,,1.0,0.9994,1.0003,1.0008,1.0006,215.36125527272728,1.0003,215.4258636493091,0.0,0.0,1.0,0.06460837658181617,180.52687373812103,250.32485356049716,80.8,58.62,29,6.20520209323638,209.2206615560727,109.0,4,6.18,6.18,24.5,137.0,0.0,0.0,24.5,137.0,0.24,2.406176002607793,49.431782665508464,33.49,129,RB29,LATE / WATCH,"[""Strong durability profile"", ""High ceiling outcome""]","[""Limited recent fantasy production"", ""Limited projected opportunity""]",No major hidden edge identified yet.,10,gsis_id,3,DEPTH,2026-08-21 07:40:57+00:00
00-0039391,Kimani Vidal,RB,LAC,13.0,0.0,0.0,0.0,0.0,0.0,155.0,643.0,3.0,16.0,22.0,136.0,1.0,-14.0,0.05420160702571369,-0.006677407927349198,0.0766282249894261,117.9,0.0,0.0,0.0,3.0,0.0,0.0,0.0,0.0,0.0,0.0,0.0,1.0,1.0,1.0,0.0,ACT,2.0,2024.0,2024.0,LAC,181.0,False,False,,,,,,True,True,779.0,4.0,0.7272727272727273,6.181818181818182,4.148387096774194,8.5,-0.6363636363636364,9.069230769230769,127.9,9.838461538461539,50.0,171.0,0.748,50.0,50.0,1.0,0.0,1.0,50.0,50.0,0.0,1.6923076923076923,11.923076923076923,0.0,49.46153846153846,0.23076923076923078,79.02097902097904,0.0,88.0,12.0,0.0,0.0,0.0,0.0,0.0,Very Low,74.37062937062937,1.0,1.0,167.25384615384615,1.0487412587412588,1.0,0.988,173.33579726237204,False,,,0.0,,0.0,,,False,False,,False,False,,,,,False,,,,1.0,0.9995,1.0002,1.0006,1.0005,173.30113703496505,1.0002,173.33579726237204,0.0,0.0,1.0,0.03466022740698804,145.25539810586776,201.4161964188763,88.8,66.3,50,-35.88486429370067,209.2206615560727,186.0,4,0.53,0.53,24.5,137.0,0.0,0.0,24.5,137.0,0.24,0.0,39.791232128674146,33.44,130,RB50,LATE / WATCH,"[""Strong durability profile"", ""High ceiling outcome""]",[],No major hidden edge identified yet.,7,gsis_id,3,DEPTH,2026-08-21 07:40:57+00:00
00-0033885,David Njoku,TE,LAC,11.0,0.0,0.0,0.0,0.0,0.0,0.0,0.0,0.0,33.0,48.0,293.0,4.0,253.0,0.12466812637815389,0.09148882826762438,0.25104436935456786,86.3,0.0,0.0,0.0,0.0,0.0,0.0,0.0,0.0,0.0,0.0,0.0,0.0,0.0,0.0,0.0,ACT,9.0,2017.0,2017.0,CLE,29.0,False,False,,,,,,True,True,293.0,4.0,0.6875,6.104166666666667,0.0,8.878787878787879,5.270833333333333,7.845454545454545,86.3,7.845454545454545,50.0,33.0,2.615,50.0,50.0,1.0,0.0,1.0,50.0,50.0,0.0,4.363636363636363,0.0,0.0,0.0,0.0,0.0,0.0,90.0,10.0,0.0,0.0,0.0,0.0,0.0,Very Low,78.76760563380282,1.0,1.0,133.37272727272727,1.0575352112676057,1.0,0.99,139.70570970644366,False,,,0.0,,0.0,,,False,False,,False,False,,,,,False,,,,1.0,0.9995,1.0002,1.0006,1.0005,139.6358917605634,1.0005,139.70570970644366,0.0,0.0,1.0,0.06981794588025991,117.35279615341267,162.05862325947464,89.5,65.5,25,-55.791177609359124,195.49688731580278,232.0,3,2.16,2.16,18.0,139.0,0.0,0.0,18.0,139.0,0.3,0.0,39.86870726327945,33.33,131,TE25,LATE / WATCH,"[""Strong projected opportunity"", ""Excellent durability profile"", ""High ceiling outcome""]","[""Limited recent fantasy production""]",No major hidden edge identified yet.,7,gsis_id,2,BACKUP,2026-08-21 07:40:57+00:00
00-0040867,Makai Lemon,WR,PHI,0.0,0.0,0.0,0.0,0.0,0.0,0.0,0.0,0.0,0.0,0.0,0.0,0.0,0.0,0.0,0.0,0.0,0.0,0.0,0.0,0.0,0.0,0.0,0.0,0.0,0.0,0.0,0.0,0.0,0.0,0.0,0.0,0.0,ACT,0.0,2026.0,2026.0,PHI,20.0,True,False,,,,,,True,True,0.0,0.0,0.0,0.0,0.0,0.0,0.0,0.0,0.0,0.0,94.8,0.0,0.0,85.68,75.0,1.0,6.0,0.96,50.0,82.43,224.86,0.0,0.0,0.0,0.0,0.0,37.75,0.0,91.0,9.0,0.0,0.0,0.0,0.0,0.0,Very Low,10.333333333333334,1.0,1.0,224.86,0.9206666666666667,1.0,0.991,194.0793892045067,True,Questionable,Undisclosed,0.45,UNKNOWN,0.45,,,False,False,F,False,False,F,Sleeper,,,False,,,,1.0,0.9984,1.0007,1.0019,1.0015,205.1579167066667,1.0,205.1579167066667,0.054,0.0,0.946,-11.07852750216,163.22076632099012,224.9380120880232,81.85,66.66,43,-8.649645830026657,202.72903503453335,145.0,4,1.99,1.99,24.5,236.0,0.0,0.0,24.5,236.0,0.14,0.0,42.134793915739536,33.29,132,WR43,LATE / WATCH,"[""Excellent durability profile"", ""High ceiling outcome""]","[""Limited recent fantasy production"", ""Limited projected opportunity""]",No major hidden edge identified yet.,10,gsis_id,3,DEPTH,2026-08-21 07:40:57+00:00
00-0041037,Denzel Boston,WR,CLE,0.0,0.0,0.0,0.0,0.0,0.0,0.0,0.0,0.0,0.0,0.0,0.0,0.0,0.0,0.0,0.0,0.0,0.0,0.0,0.0,0.0,0.0,0.0,0.0,0.0,0.0,0.0,0.0,0.0,0.0,0.0,0.0,0.0,ACT,0.0,2026.0,2026.0,CLE,39.0,True,False,,,,,,True,True,0.0,0.0,0.0,0.0,0.0,0.0,0.0,0.0,0.0,0.0,89.61,0.0,0.0,83.86,75.0,1.0,6.0,0.96,50.0,79.66,219.32,0.0,0.0,0.0,0.0,0.0,37.75,0.0,91.0,9.0,0.0,0.0,0.0,0.0,0.0,Very Low,10.333333333333334,1.0,1.0,219.32,0.9206666666666667,1.0,0.991,200.9843587532961,False,,,0.0,,0.0,,,False,False,,False,False,,,,,False,,,,1.0036,0.9994,1.0003,1.0008,1.0006,200.10332781333332,1.0008,200.9843587532961,0.0,0.0,1.0,0.881030939962784,169.02784571152202,232.94087179507014,81.85,65.2,40,-1.744676281237247,202.72903503453335,133.0,4,1.62,1.62,24.5,236.0,0.0,0.0,24.5,236.0,0.14,0.0,43.63386844459704,33.23,133,WR40,LATE / WATCH,"[""Excellent durability profile"", ""High ceiling outcome""]","[""Limited recent fantasy production"", ""Limited projected opportunity""]",No major hidden edge identified yet.,11,gsis_id,3,DEPTH,2026-08-21 07:40:57+00:00
00-0039732,Bo Nix,QB,DEN,17.0,388.0,612.0,3931.0,25.0,11.0,83.0,356.0,5.0,0.0,1.0,0.0,0.0,2.0,0.001633986928104575,0.0003687995574405311,0.0027091400823652345,304.84000000000003,4.0,0.0,0.0,0.0,0.0,0.0,0.0,0.0,0.0,7.0,1.0,0.0,0.0,0.0,0.0,ACT,2.0,2024.0,2024.0,DEN,12.0,False,False,,,,,,True,True,356.0,30.0,0.0,0.0,4.289156626506024,0.0,2.0,17.931764705882355,351.84000000000003,20.696470588235297,50.0,83.0,4.239,50.0,50.0,1.0,0.0,1.0,50.0,50.0,0.0,0.058823529411764705,4.882352941176471,36.0,20.941176470588236,0.29411764705882354,82.85714285714286,82.85714285714286,85.1,14.9,0.0,0.0,0.0,0.0,9.9,Very Low,96.07142857142857,1.0,1.0,351.84000000000003,1.092142857142857,1.0,0.9851,378.3069552231703,False,,,0.0,,0.0,,,False,False,,False,False,,,,,False,,,,1.0,0.9994,1.0003,1.0008,1.0006,378.53407566857146,0.9994,378.3069552231703,0.0,0.0,1.0,-0.2271204454011695,315.9241383068695,440.689772139471,94.785,85.58,12,0.0,378.3069552231703,20.0,2,6.79,6.79,22.5,61.0,28.97,28.97,22.5,61.0,22.72,0.0,0.0,33.15,134,QB12,LATE / WATCH,"[""Elite fantasy production"", ""Elite projected opportunity"", ""Above-average quarterback rushing floor"", ""Strong durability profile"", ""High projection confidence"", ""High ceiling outcome""]","[""Very high rushing contact exposure""]",Opportunity profile may support more production than raw totals suggest.,10,gsis_id,1,STARTER,2026-08-21 07:40:57+00:00
00-0035662,Marquise Brown,WR,PHI,16.0,0.0,0.0,0.0,0.0,0.0,0.0,0.0,0.0,49.0,74.0,587.0,5.0,836.0,0.1419715999064999,0.19738969246199353,0.3511301845831453,137.7,0.0,0.0,0.0,0.0,0.0,0.0,0.0,0.0,0.0,0.0,0.0,0.0,0.0,3.0,0.0,ACT,7.0,2019.0,2019.0,BAL,25.0,False,False,,,,,,True,True,587.0,5.0,0.6621621621621622,7.9324324324324325,0.0,11.979591836734693,11.297297297297296,8.60625,137.7,8.60625,50.0,49.0,2.81,50.0,50.0,1.0,0.0,1.0,50.0,50.0,0.0,4.625,0.0,0.0,0.0,0.0,37.75,0.0,91.0,9.0,0.0,0.0,0.0,0.0,0.0,Very Low,73.77083333333333,1.0,1.0,146.30624999999998,1.0475416666666666,1.0,0.991,156.78189746663625,False,,,0.0,,0.0,,,False,False,,False,False,,,,,False,,,,1.0303,0.9984,1.0007,1.0019,1.0015,151.88253593203123,1.0019,156.78189746663625,0.0,0.0,1.0,4.8993615346050206,131.85357576944108,181.7102191638314,96.85,66.56,81,-45.9471375678971,202.72903503453335,210.0,4,0.98,0.98,24.5,236.0,0.0,0.0,24.5,236.0,0.14,0.0,34.03747799574138,33.15,135,WR81,LATE / WATCH,"[""Excellent durability profile"", ""Very high projection confidence"", ""High ceiling outcome""]",[],No major hidden edge identified yet.,10,gsis_id,4,DEEP_DEPTH,2026-08-21 07:40:57+00:00
00-0037545,Rashid Shaheed,WR,SEA,18.0,0.0,0.0,0.0,0.0,0.0,9.0,69.0,0.0,59.0,92.0,687.0,2.0,1053.0,0.16172663173765373,0.22429356935196176,0.3995954461528538,156.6,0.0,0.0,0.0,0.0,0.0,0.0,1.0,0.0,0.0,0.0,0.0,0.0,0.0,1.0,1.0,ACT,4.0,2022.0,2022.0,,0.0,False,False,,,,,,True,True,756.0,2.0,0.6413043478260869,7.467391304347826,7.666666666666667,11.64406779661017,11.445652173913043,8.7,152.60000000000002,8.47777777777778,50.0,68.0,2.244,50.0,50.0,1.0,0.0,1.0,50.0,50.0,0.0,5.111111111111111,0.5,0.0,3.8333333333333335,0.0,84.28125000000001,0.0,91.0,9.0,0.0,0.0,0.0,0.0,0.0,Very Low,77.66666666666667,1.0,1.0,144.12222222222226,1.0553333333333335,1.0,0.991,150.90900263339316,False,,,0.0,,0.0,,,False,False,,False,False,,,,,False,,,,1.0011,1.0,1.0,1.0001,1.0001,150.72811231851858,1.0001,150.90900263339316,0.0,0.0,1.0,0.1808903148745742,126.91447121468364,174.90353405210263,96.85,67.37,85,-51.820032401140196,202.72903503453335,220.0,4,0.05,0.05,24.5,236.0,0.0,0.0,24.5,236.0,0.14,0.0,32.76246773060313,33.09,136,WR85,LATE / WATCH,"[""Strong projected opportunity"", ""Adds meaningful rushing production"", ""Excellent durability profile"", ""Very high projection confidence"", ""High ceiling outcome""]",[],Rushing usage creates additional fantasy scoring paths.,11,gsis_id,2,BACKUP,2026-08-21 07:40:57+00:00
00-0033906,Alvin Kamara,RB,NO,11.0,0.0,0.0,0.0,0.0,0.0,131.0,471.0,1.0,33.0,39.0,186.0,0.0,33.0,0.11668709818995417,0.007682760266792894,0.1804085794716863,100.7,0.0,0.0,0.0,0.0,0.0,0.0,0.0,0.0,0.0,0.0,0.0,0.0,0.0,0.0,0.0,ACT,9.0,2017.0,2017.0,NO,67.0,False,False,,,,,,True,True,657.0,1.0,0.8461538461538461,4.769230769230769,3.595419847328244,5.636363636363637,0.8461538461538461,9.154545454545454,104.69999999999999,9.518181818181818,50.0,164.0,0.638,50.0,50.0,1.0,0.0,1.0,50.0,50.0,0.0,3.5454545454545454,11.909090909090908,0.0,42.81818181818182,0.09090909090909091,73.14685314685315,0.0,88.0,12.0,0.0,0.0,0.0,0.0,0.0,Very Low,85.38461538461539,1.0,1.0,161.8090909090909,1.0707692307692307,1.0,0.988,151.0421236363636,True,Questionable,Knee - MCL,0.45,UNKNOWN,0.45,,,False,False,D,True,False,D,Sleeper,2.0,Reported 4-6 week recovery,False,https://www.reuters.com/sports/saints-rb-alvin-kamara-knee-expected-miss-4-6-weeks--flm-2026-08-19/,2026-08-19,Expected-games value is an auditable midpoint estimate against the Sep 13 opener; roughly 1-3 regular-season games are at risk.,1.0,0.9991,1.0004,1.0011,1.0009,171.18107345454544,1.0,171.18107345454544,0.11764705882352941,0.11764705882352941,0.8823529411764706,-20.13894981818183,126.5732996072727,175.5109476654545,88.8,68.65,55,-58.1785379197091,209.2206615560727,218.0,4,5.59,5.59,24.5,137.0,0.0,0.0,24.5,137.0,0.24,0.0,34.68496108439926,33.0,137,RB55,LATE / WATCH,"[""Strong projected opportunity"", ""Strong durability profile"", ""High ceiling outcome""]",[],No major hidden edge identified yet.,8,gsis_id,2,BACKUP,2026-08-21 07:40:57+00:00
00-0040735,Luther Burden III,WR,CHI,15.0,0.0,0.0,0.0,0.0,0.0,6.0,37.0,0.0,47.0,60.0,652.0,2.0,460.0,0.13050235789552897,0.10747627597316715,0.27098693002451046,127.9,0.0,0.0,0.0,0.0,0.0,0.0,2.0,0.0,0.0,0.0,0.0,0.0,0.0,2.0,1.0,ACT,1.0,2025.0,2025.0,CHI,39.0,False,False,,,,,,True,True,689.0,2.0,0.7833333333333333,10.866666666666667,6.166666666666667,13.872340425531915,7.666666666666667,8.526666666666667,135.9,9.06,50.0,53.0,2.564,50.0,50.0,1.0,0.0,1.0,50.0,50.0,0.0,4.0,0.4,0.0,2.466666666666667,0.0,81.93750000000001,0.0,91.0,9.0,0.0,0.0,0.0,0.0,0.0,Very Low,65.6875,1.0,1.0,154.02,1.031375,1.0,0.991,158.14596898341733,False,,,0.0,,0.0,,,False,False,,False,False,,,,,False,,,,1.0056,0.9996,1.0002,0.999,0.9992,157.4227061025,0.999,158.14596898341733,0.0,0.0,1.0,0.723262880917332,133.00075991505398,183.29117805178066,96.85,65.11,77,-44.58306605111602,202.72903503453335,205.0,4,0.24,0.24,24.5,236.0,0.0,0.0,24.5,236.0,0.14,0.0,34.33361903617581,32.84,138,WR77,LATE / WATCH,"[""Adds meaningful rushing production"", ""Excellent durability profile"", ""Very high projection confidence"", ""High ceiling outcome""]",[],Rushing usage creates additional fantasy scoring paths.,10,gsis_id,2,BACKUP,2026-08-21 07:40:57+00:00
00-0036407,Jerry Jeudy,WR,CLE,17.0,0.0,0.0,0.0,0.0,0.0,1.0,5.0,0.0,50.0,106.0,602.0,2.0,1288.0,0.20530591733550865,0.35350273994265335,0.5554107939631203,120.7,0.0,0.0,0.0,0.0,0.0,0.0,0.0,0.0,0.0,0.0,0.0,0.0,0.0,1.0,1.0,ACT,6.0,2020.0,2020.0,DEN,15.0,False,False,,,,,,True,True,607.0,2.0,0.4716981132075472,5.679245283018868,5.0,12.04,12.150943396226415,7.1000000000000005,126.7,7.452941176470588,50.0,51.0,2.484,50.0,50.0,1.0,0.0,1.0,50.0,50.0,0.0,6.235294117647059,0.058823529411764705,0.0,0.29411764705882354,0.0,65.95833333333333,0.0,91.0,9.0,0.0,0.0,0.0,0.0,0.0,Very Low,88.66666666666669,1.0,1.0,126.7,1.0773333333333335,1.0,0.991,135.8652261705124,False,,,0.0,,0.0,,,False,False,,False,False,,,,,False,,,,1.0036,0.9994,1.0003,1.0008,1.0006,135.26965013333336,1.0008,135.8652261705124,0.0,0.0,1.0,0.5955760371790291,114.26265520940092,157.46779713162383,96.85,68.83,92,-66.86380886402097,202.72903503453335,240.0,4,4.54,4.54,24.5,236.0,0.0,0.0,24.5,236.0,0.14,0.0,29.496451573111965,32.81,139,WR92,LATE / WATCH,"[""Strong projected opportunity"", ""Strong target share"", ""Adds meaningful rushing production"", ""Excellent durability profile"", ""Very high projection confidence"", ""High ceiling outcome""]","[""Limited recent fantasy production""]",No major hidden edge identified yet.,11,gsis_id,1,STARTER,2026-08-21 07:40:57+00:00
00-0040242,Jacory Croskey-Merritt,RB,WAS,17.0,0.0,0.0,0.0,0.0,0.0,175.0,805.0,8.0,9.0,13.0,68.0,0.0,-19.0,0.029820359089453196,-0.005238922607875114,0.04106329280866722,140.3,0.0,0.0,0.0,2.0,0.0,0.0,0.0,0.0,0.0,0.0,0.0,2.0,1.0,0.0,0.0,ACT,1.0,2025.0,2025.0,WAS,245.0,False,False,,,,,,True,True,873.0,8.0,0.6923076923076923,5.230769230769231,4.6,7.555555555555555,-1.4615384615384615,8.25294117647059,152.3,8.958823529411765,50.0,184.0,0.828,50.0,50.0,1.0,0.0,1.0,50.0,50.0,0.0,0.7647058823529411,10.294117647058824,0.0,47.35294117647059,0.47058823529411764,79.16083916083916,0.0,88.0,12.0,0.0,0.0,0.0,0.0,0.0,Very Low,64.7027972027972,1.0,1.0,152.3,1.0294055944055944,1.0,0.988,157.06611770480708,False,,,0.0,,0.0,,,False,False,,False,False,,,,,False,,,,1.0138,0.9997,1.0002,0.999,0.9992,154.89713036363636,1.0002,157.06611770480708,0.0,0.0,1.0,2.1689873411707197,131.62140663662834,182.51082877298583,95.8,63.83,53,-52.15454385126563,209.2206615560727,209.0,4,7.15,7.15,24.5,137.0,0.0,0.0,24.5,137.0,0.24,0.0,36.06473128282411,32.77,140,RB53,LATE / WATCH,"[""Strong durability profile"", ""Very high projection confidence"", ""High ceiling outcome""]",[],No major hidden edge identified yet.,7,gsis_id,1,STARTER,2026-08-21 07:40:57+00:00
00-0033881,Evan Engram,TE,DEN,16.0,0.0,0.0,0.0,0.0,0.0,1.0,7.0,0.0,50.0,76.0,461.0,1.0,331.0,0.1368866072376317,0.1471619199844056,0.3083432548455315,102.8,0.0,0.0,0.0,0.0,0.0,0.0,0.0,0.0,0.0,0.0,0.0,0.0,0.0,1.0,0.0,ACT,9.0,2017.0,2017.0,NYG,23.0,False,False,,,,,,True,True,468.0,1.0,0.6578947368421053,6.065789473684211,7.0,9.22,4.355263157894737,6.425,102.80000000000001,6.425000000000001,50.0,51.0,2.016,50.0,50.0,1.0,0.0,1.0,50.0,50.0,0.0,4.75,0.0625,0.0,0.4375,0.0,0.0,0.0,90.0,10.0,0.0,0.0,0.0,0.0,0.0,Very Low,83.52112676056338,1.0,1.0,109.22500000000001,1.0670422535211268,1.0,0.99,115.56689400994766,False,,,0.0,,0.0,,,False,False,,False,False,,,,,False,,,,1.001,0.9994,1.0003,1.0008,1.0006,115.38221323943664,1.0006,115.56689400994766,0.0,0.0,1.0,0.18468077051102227,97.07619096835603,134.0575970515393,96.5,65.95,43,-79.92999330585512,195.49688731580278,277.0,3,3.73,3.73,18.0,139.0,0.0,0.0,18.0,139.0,0.3,0.0,32.980059843585146,32.76,141,TE43,LATE / WATCH,"[""Strong projected opportunity"", ""Excellent durability profile"", ""Very high projection confidence"", ""High ceiling outcome""]","[""Limited recent fantasy production""]",No major hidden edge identified yet.,10,gsis_id,1,STARTER,2026-08-21 07:40:57+00:00
00-0040736,Mason Taylor,TE,NYJ,13.0,0.0,0.0,0.0,0.0,0.0,0.0,0.0,0.0,44.0,65.0,369.0,1.0,375.0,0.17204700111027654,0.1379465183317632,0.35463306449764903,88.9,0.0,0.0,0.0,0.0,0.0,0.0,0.0,0.0,0.0,0.0,0.0,0.0,0.0,0.0,0.0,ACT,1.0,2025.0,2025.0,NYJ,42.0,False,False,,,,,,True,True,369.0,1.0,0.676923076923077,5.676923076923077,0.0,8.386363636363637,5.769230769230769,6.838461538461539,86.9,6.684615384615385,50.0,44.0,1.975,50.0,50.0,1.0,0.0,1.0,50.0,50.0,0.0,5.0,0.0,0.0,0.0,0.0,0.0,0.0,90.0,10.0,0.0,0.0,0.0,0.0,0.0,Very Low,87.78169014084506,1.0,1.0,113.63846153846154,1.0755633802816902,1.0,0.99,123.62020337767582,False,,,0.0,,0.0,,,False,False,,False,False,,,,,False,,,,1.0202,0.9986,1.0006,1.0017,1.0014,121.00311414409535,1.0014,123.62020337767582,0.0,0.0,1.0,2.6170892335804723,103.84097083724768,143.39943591810393,89.5,66.29,41,-71.87668393812696,195.49688731580278,267.0,3,1.67,1.67,18.0,139.0,0.0,0.0,18.0,139.0,0.3,0.0,35.27828397742505,32.61,142,TE41,LATE / WATCH,"[""Strong projected opportunity"", ""Excellent durability profile"", ""High ceiling outcome""]","[""Limited recent fantasy production""]",No major hidden edge identified yet.,13,gsis_id,2,BACKUP,2026-08-21 07:40:57+00:00
00-0036555,Chuba Hubbard,RB,CAR,15.0,0.0,0.0,0.0,0.0,0.0,134.0,511.0,1.0,30.0,39.0,223.0,3.0,-40.0,0.08823270035360094,-0.034976634448301666,0.10786540641659023,125.4,0.0,0.0,0.0,0.0,0.0,0.0,0.0,0.0,0.0,0.0,0.0,0.0,0.0,0.0,0.0,ACT,5.0,2021.0,2021.0,CAR,126.0,False,False,,,,,,True,True,734.0,4.0,0.7692307692307693,5.717948717948718,3.8134328358208953,7.433333333333334,-1.0256410256410255,8.360000000000001,127.39999999999999,8.493333333333332,50.0,164.0,0.777,50.0,50.0,1.0,0.0,1.0,50.0,50.0,0.0,2.6,8.933333333333334,0.0,34.06666666666667,0.06666666666666667,65.94405594405595,0.0,88.0,12.0,0.0,0.0,0.0,0.0,0.0,Very Low,73.75874125874125,1.0,1.0,144.38666666666666,1.0475174825174824,1.0,0.988,141.36322719306665,True,Questionable,Hamstring,0.45,UNKNOWN,0.45,,,False,False,D,True,False,D,Sleeper,0.0,Team optimistic for Week 1,False,https://www.reuters.com/sports/panthers-rb-chuba-hubbard-hamstring-week-to-week--flm-2026-08-13/,2026-08-13,Week-to-week hamstring injury but team remains optimistic for opener.,1.0,0.9992,1.0003,1.0003,1.0003,149.43258688484846,1.0,149.43258688484846,0.054,0.0,0.946,-8.069359691781813,118.46238438778985,164.26406999834344,95.8,65.51,59,-67.85743436300606,209.2206615560727,230.0,4,1.68,1.68,24.5,137.0,0.0,0.0,24.5,137.0,0.24,0.0,32.46805105521125,32.48,143,RB59,LATE / WATCH,"[""Strong durability profile"", ""Very high projection confidence"", ""High ceiling outcome""]",[],No major hidden edge identified yet.,5,gsis_id,1,STARTER,2026-08-21 07:40:57+00:00
00-0040236,Kyle Monangai,RB,CHI,17.0,0.0,0.0,0.0,0.0,0.0,169.0,783.0,5.0,18.0,30.0,164.0,0.0,2.0,0.05722348989068354,-0.0002005511014752814,0.08569484906499261,146.7,0.0,0.0,0.0,2.0,0.0,0.0,0.0,0.0,0.0,0.0,0.0,0.0,0.0,0.0,0.0,ACT,1.0,2025.0,2025.0,CHI,233.0,False,False,,,,,,True,True,947.0,5.0,0.6,5.466666666666667,4.633136094674557,9.11111111111111,0.06666666666666667,8.629411764705882,146.70000000000002,8.629411764705884,50.0,187.0,0.784,50.0,50.0,1.0,0.0,1.0,50.0,50.0,0.0,1.7647058823529411,9.941176470588236,0.0,46.05882352941177,0.29411764705882354,75.87412587412587,0.0,88.0,12.0,0.0,0.0,0.0,0.0,0.0,Very Low,71.6083916083916,1.0,1.0,146.70000000000002,1.0432167832167831,1.0,0.988,143.03843841600002,True,Questionable,Knee hyperextension,0.45,UNKNOWN,0.45,,,False,False,D,True,False,D,Sleeper,,Week 1 in doubt,False,https://www.reuters.com/sports/bears-rb-kyle-monangai-week-to-week-with-knee-injury--flm-2026-08-18/,2026-08-18,Week-to-week and opener is in doubt; no precise missed-games estimate yet.,1.0,0.9996,1.0002,0.999,0.9992,151.2034232727273,1.0,151.2034232727273,0.054,0.0,0.946,-8.164984856727273,119.86621139260801,166.21066543939202,95.8,65.14,58,-66.1822231400727,209.2206615560727,228.0,4,0.89,0.89,24.5,137.0,0.0,0.0,24.5,137.0,0.24,0.0,32.85175105478106,32.46,144,RB58,LATE / WATCH,"[""Strong durability profile"", ""Very high projection confidence"", ""High ceiling outcome""]",[],No major hidden edge identified yet.,10,gsis_id,2,BACKUP,2026-08-21 07:40:57+00:00
00-0040170,Elic Ayomanor,WR,TEN,16.0,0.0,0.0,0.0,0.0,0.0,0.0,0.0,0.0,41.0,89.0,515.0,4.0,1126.0,0.1847526105012789,0.32510973928757747,0.5047057332532225,116.5,0.0,0.0,0.0,0.0,0.0,0.0,0.0,0.0,0.0,0.0,0.0,0.0,0.0,0.0,0.0,ACT,1.0,2025.0,2025.0,TEN,136.0,False,False,,,,,,True,True,515.0,4.0,0.4606741573033708,5.786516853932584,0.0,12.560975609756097,12.651685393258427,7.28125,116.5,7.28125,50.0,41.0,2.841,50.0,50.0,1.0,0.0,1.0,50.0,50.0,0.0,5.5625,0.0,0.0,0.0,0.0,37.75,0.0,91.0,9.0,0.0,0.0,0.0,0.0,0.0,Very Low,84.33333333333334,1.0,1.0,123.78125,1.0686666666666667,1.0,0.991,134.09351700609534,False,,,0.0,,0.0,,,False,False,,False,False,,,,,False,,,,1.0225,0.9985,1.0006,1.0004,1.0003,131.09036777083332,1.0004,134.09351700609534,0.0,0.0,1.0,3.003149235262015,112.77264780212617,155.41438621006446,96.85,67.53,93,-68.63551802843801,202.72903503453335,247.0,4,1.77,1.77,24.5,236.0,0.0,0.0,24.5,236.0,0.14,0.0,29.111812066427007,32.4,145,WR93,LATE / WATCH,"[""Strong projected opportunity"", ""Excellent durability profile"", ""Very high projection confidence"", ""High ceiling outcome""]","[""Limited recent fantasy production""]",No major hidden edge identified yet.,9,gsis_id,5,DEEP_DEPTH,2026-08-21 07:40:57+00:00
00-0040878,Mike Washington,RB,LV,0.0,0.0,0.0,0.0,0.0,0.0,0.0,0.0,0.0,0.0,0.0,0.0,0.0,0.0,0.0,0.0,0.0,0.0,0.0,0.0,0.0,0.0,0.0,0.0,0.0,0.0,0.0,0.0,0.0,0.0,0.0,0.0,0.0,ACT,0.0,2026.0,2026.0,LV,122.0,True,False,,,,,,True,True,0.0,0.0,0.0,0.0,0.0,0.0,0.0,0.0,0.0,0.0,66.91,0.0,0.0,80.92,85.0,1.0,0.0,1.0,50.0,73.89,232.56,0.0,0.0,0.0,0.0,0.0,11.433566433566433,0.0,88.0,12.0,0.0,0.0,0.0,0.0,0.0,Very Low,9.44055944055944,1.0,1.0,232.56,0.9188811188811189,1.0,0.988,211.80639785919183,False,,,0.0,,0.0,,,False,False,,False,False,,,,,False,,,,1.003,0.9994,1.0002,1.0007,1.0006,211.13065309090908,1.0002,211.80639785919183,0.0,0.0,1.0,0.6757447682827546,177.49376140600276,246.1190343123809,80.8,56.83,33,2.58573630311912,209.2206615560727,117.0,4,0.23,0.23,24.5,137.0,0.0,0.0,24.5,137.0,0.24,1.0026646268972703,48.60275943363259,32.38,146,RB33,LATE / WATCH,"[""Strong durability profile"", ""High ceiling outcome""]","[""Limited recent fantasy production"", ""Limited projected opportunity""]",No major hidden edge identified yet.,13,name_team_position_suffix,2,BACKUP,2026-08-21 07:40:57+00:00
00-0037256,Rachaad White,RB,WAS,17.0,0.0,0.0,0.0,0.0,0.0,132.0,572.0,4.0,40.0,45.0,218.0,0.0,-102.0,0.08261293883695534,-0.026503196228096243,0.10536717089576564,143.0,0.0,0.0,0.0,0.0,0.0,0.0,0.0,0.0,0.0,0.0,0.0,0.0,0.0,0.0,0.0,ACT,4.0,2022.0,2022.0,TB,91.0,False,False,,,,,,True,True,790.0,4.0,0.8888888888888888,4.844444444444444,4.333333333333333,5.45,-2.2666666666666666,8.411764705882353,143.0,8.411764705882353,50.0,172.0,0.831,50.0,50.0,1.0,0.0,1.0,50.0,50.0,0.0,2.6470588235294117,7.764705882352941,0.0,33.64705882352941,0.23529411764705882,68.04195804195804,0.0,88.0,12.0,0.0,0.0,0.0,0.0,0.0,Very Low,71.46853146853147,1.0,1.0,143.0,1.042937062937063,1.0,0.988,139.39340271999998,True,Questionable,Undisclosed,0.45,UNKNOWN,0.45,,,False,False,F,False,False,F,Sleeper,,,False,,,,1.0,0.9997,1.0002,0.999,0.9992,147.35031999999998,1.0,147.35031999999998,0.054,0.0,0.946,-7.956917279999999,116.81167147935999,161.97513396063997,95.8,64.83,60,-69.82725883607273,209.2206615560727,234.0,4,1.97,1.97,24.5,137.0,0.0,0.0,24.5,137.0,0.24,0.0,32.016871144808775,32.21,147,RB60,LATE / WATCH,"[""Strong durability profile"", ""Very high projection confidence"", ""High ceiling outcome""]",[],No major hidden edge identified yet.,7,gsis_id,2,BACKUP,2026-08-21 07:40:57+00:00
00-0040311,Theo Wease Jr.,WR,MIA,3.0,0.0,0.0,0.0,0.0,0.0,0.0,0.0,0.0,6.0,10.0,139.0,1.0,137.0,0.13057297109021246,0.2314278872468528,0.3578589777081156,25.9,0.0,0.0,0.0,0.0,0.0,0.0,0.0,0.0,0.0,0.0,0.0,0.0,0.0,1.0,1.0,ACT,1.0,2025.0,2025.0,,0.0,False,False,,,,,,True,True,139.0,1.0,0.6,13.9,0.0,23.166666666666668,13.7,8.633333333333333,29.9,9.966666666666667,50.0,6.0,4.983,50.0,50.0,1.0,0.0,1.0,50.0,50.0,0.0,3.3333333333333335,0.0,0.0,0.0,0.0,37.75,0.0,91.0,9.0,0.0,0.0,0.0,0.0,0.0,Very Low,70.79166666666667,1.0,1.0,169.43333333333334,1.0415833333333333,1.0,0.991,175.9391492031933,False,,,0.0,,0.0,,,False,False,,False,False,,,,,False,,,,1.0067,0.9994,1.0003,0.9993,0.9994,174.8906256861111,0.9993,175.9391492031933,0.0,0.0,1.0,1.0485235170822023,147.96482447988555,203.91347392650098,81.85,65.28,64,-26.789885831340058,202.72903503453335,181.0,4,0.67,0.67,24.5,236.0,0.0,0.0,24.5,236.0,0.14,0.0,38.19653299493669,32.16,148,WR64,LATE / WATCH,"[""Excellent durability profile"", ""High ceiling outcome""]",[],No major hidden edge identified yet.,6,gsis_id,11,DEEP_DEPTH,2026-08-21 07:40:57+00:00
00-0039373,Audric Estimé,RB,NO,5.0,0.0,0.0,0.0,0.0,0.0,46.0,198.0,1.0,12.0,13.0,103.0,0.0,-2.0,0.07319528741871187,-0.0012336231625266563,0.10892939491429912,48.1,0.0,0.0,0.0,0.0,0.0,0.0,0.0,0.0,0.0,0.0,0.0,0.0,0.0,0.0,0.0,ACT,2.0,2024.0,2024.0,DEN,147.0,False,False,,,,,,True,True,301.0,1.0,0.9230769230769231,7.923076923076923,4.304347826086956,8.583333333333334,-0.15384615384615385,9.620000000000001,48.1,9.620000000000001,50.0,58.0,0.829,50.0,50.0,1.0,0.0,1.0,50.0,50.0,0.0,2.6,9.2,0.0,39.6,0.2,70.27972027972028,0.0,88.0,12.0,0.0,0.0,0.0,0.0,0.0,Very Low,73.33916083916083,1.0,1.0,163.54000000000002,1.0466783216783218,1.0,0.988,171.0145585510862,False,,,0.0,,0.0,,,False,False,,False,False,,,,,False,,,,1.0108,0.9991,1.0004,1.0011,1.0009,169.1196874545455,1.0004,171.0145585510862,0.0,0.0,1.0,1.8948710965406974,143.31020006581022,198.71891703636214,80.8,64.57,51,-38.20610300498652,209.2206615560727,190.0,4,2.32,2.32,24.5,137.0,0.0,0.0,24.5,137.0,0.24,0.0,39.25956228290853,32.1,149,RB51,LATE / WATCH,"[""Strong durability profile"", ""High ceiling outcome""]",[],No major hidden edge identified yet.,8,gsis_id,5,DEEP_DEPTH,2026-08-21 07:40:57+00:00
00-0035689,Dawson Knox,TE,BUF,16.0,0.0,0.0,0.0,0.0,0.0,0.0,0.0,0.0,36.0,49.0,417.0,4.0,329.0,0.11035027422255683,0.12346995165949416,0.25195437749548116,103.7,0.0,0.0,0.0,0.0,0.0,0.0,0.0,0.0,0.0,0.0,0.0,0.0,0.0,0.0,0.0,ACT,7.0,2019.0,2019.0,BUF,96.0,False,False,,,,,,True,True,417.0,4.0,0.7346938775510204,8.510204081632653,0.0,11.583333333333334,6.714285714285714,6.48125,101.7,6.35625,50.0,36.0,2.825,50.0,50.0,1.0,0.0,1.0,50.0,50.0,0.0,3.0625,0.0,0.0,0.0,0.0,0.0,0.0,90.0,10.0,0.0,0.0,0.0,0.0,0.0,Very Low,75.73943661971832,1.0,1.0,108.05625,1.0514788732394367,1.0,0.99,112.5726614967993,False,,,0.0,,0.0,,,False,False,,False,False,,,,,False,,,,1.0,0.9992,1.0003,1.0009,1.0008,112.4826753565141,1.0008,112.5726614967993,0.0,0.0,1.0,0.08998614028520535,94.56103565731141,130.5842873362872,96.5,63.92,46,-82.92422581900348,195.49688731580278,281.0,3,0.14,0.14,18.0,139.0,0.0,0.0,18.0,139.0,0.3,0.0,32.12557666035846,32.09,150,TE46,LATE / WATCH,"[""Strong projected opportunity"", ""Excellent durability profile"", ""Very high projection confidence"", ""High ceiling outcome""]","[""Limited recent fantasy production""]",No major hidden edge identified yet.,7,gsis_id,2,BACKUP,2026-08-21 07:40:57+00:00
00-0038608,Kayshon Boutte,WR,NE,14.0,0.0,0.0,0.0,0.0,0.0,0.0,0.0,0.0,33.0,46.0,551.0,6.0,781.0,0.11979506558881788,0.21532641666092028,0.330421090045871,124.1,0.0,0.0,0.0,0.0,0.0,0.0,1.0,0.0,0.0,0.0,0.0,0.0,0.0,0.0,0.0,ACT,3.0,2023.0,2023.0,NE,187.0,False,False,,,,,,True,True,551.0,6.0,0.717391304347826,11.978260869565217,0.0,16.696969696969695,16.97826086956522,8.864285714285714,126.1,9.007142857142856,50.0,33.0,3.821,50.0,50.0,1.0,0.0,1.0,50.0,50.0,0.0,3.2857142857142856,0.0,0.0,0.0,0.0,37.75,0.0,91.0,9.0,0.0,0.0,0.0,0.0,0.0,Very Low,69.04166666666667,1.0,1.0,153.12142857142857,1.0380833333333332,1.0,0.991,158.38899380759582,False,,,0.0,,0.0,,,False,False,,False,False,,,,,False,,,,1.005,0.9997,1.0002,1.0005,1.0004,157.52222774940475,1.0005,158.38899380759582,0.0,0.0,1.0,0.8667660581910752,133.2051437921881,183.57284382300352,89.85,64.83,76,-44.34004122693753,202.72903503453335,204.0,4,1.05,1.05,24.5,236.0,0.0,0.0,24.5,236.0,0.14,0.0,34.38637992400187,32.08,151,WR76,LATE / WATCH,"[""Excellent durability profile"", ""High ceiling outcome""]",[],No major hidden edge identified yet.,11,gsis_id,4,DEEP_DEPTH,2026-08-21 07:40:57+00:00
00-0037525,Jordan Mason,RB,MIN,16.0,0.0,0.0,0.0,0.0,0.0,159.0,758.0,6.0,14.0,16.0,51.0,0.0,-52.0,0.03506847691905226,-0.015236789609214218,0.041936962652128436,128.9,0.0,0.0,0.0,1.0,0.0,0.0,0.0,0.0,0.0,0.0,0.0,0.0,0.0,0.0,0.0,ACT,4.0,2022.0,2022.0,,0.0,False,False,,,,,,True,True,809.0,6.0,0.875,3.1875,4.767295597484277,3.642857142857143,-3.25,8.05625,132.89999999999998,8.306249999999999,50.0,173.0,0.768,50.0,50.0,1.0,0.0,1.0,50.0,50.0,0.0,1.0,9.9375,0.0,47.375,0.375,77.34265734265735,0.0,88.0,12.0,0.0,0.0,0.0,0.0,0.0,Very Low,65.83916083916084,1.0,1.0,141.20624999999998,1.0316783216783216,1.0,0.988,143.9312738863636,False,,,0.0,,0.0,,,False,False,,False,False,,,,,False,,,,1.0,1.0,1.0,0.9998,0.9999,143.9312738863636,1.0,143.9312738863636,0.0,0.0,1.0,0.0,120.6144075167727,167.2481402559545,95.8,63.29,57,-65.2893876697091,209.2206615560727,227.0,4,6.92,6.92,24.5,137.0,0.0,0.0,24.5,137.0,0.24,0.0,33.05625121864371,32.04,152,RB57,LATE / WATCH,"[""Strong durability profile"", ""Very high projection confidence"", ""High ceiling outcome""]",[],No major hidden edge identified yet.,6,gsis_id,2,BACKUP,2026-08-21 07:40:57+00:00
00-0033921,Chris Godwin Jr.,WR,TB,9.0,0.0,0.0,0.0,0.0,0.0,0.0,0.0,0.0,33.0,51.0,360.0,2.0,361.0,0.17910969108549754,0.15739521108781754,0.3788411843897186,83.0,0.0,0.0,0.0,0.0,0.0,0.0,1.0,0.0,0.0,0.0,0.0,0.0,0.0,1.0,0.0,ACT,9.0,2017.0,2017.0,TB,84.0,False,False,,,,,,True,True,360.0,2.0,0.6470588235294118,7.0588235294117645,0.0,10.909090909090908,7.078431372549019,9.222222222222221,83.0,9.222222222222221,50.0,33.0,2.515,50.0,50.0,1.0,0.0,1.0,50.0,50.0,0.0,5.666666666666667,0.0,0.0,0.0,0.0,37.75,0.0,91.0,9.0,0.0,0.0,0.0,0.0,0.0,Very Low,77.5,1.0,1.0,156.77777777777777,1.0550000000000002,1.0,0.991,168.82575218289514,False,,,0.0,,0.0,,,False,False,,False,False,,,,,False,,,,1.027,0.9977,1.001,1.0029,1.0024,163.91195055555556,1.0029,168.82575218289514,0.0,0.0,1.0,4.913801627339581,141.9824575858148,195.66904677997545,81.85,66.02,69,-33.90328285163821,202.72903503453335,191.0,4,2.23,2.23,24.5,236.0,0.0,0.0,24.5,236.0,0.14,0.0,36.65220869177602,32.03,153,WR69,LATE / WATCH,"[""Strong projected opportunity"", ""Excellent durability profile"", ""High ceiling outcome""]",[],No major hidden edge identified yet.,10,gsis_id,2,BACKUP,2026-08-21 07:40:57+00:00
00-0039901,Keon Coleman,WR,BUF,12.0,0.0,0.0,0.0,0.0,0.0,0.0,0.0,0.0,38.0,59.0,404.0,4.0,659.0,0.16682980197472952,0.22791054091711505,0.40978208160407475,102.4,0.0,0.0,0.0,0.0,0.0,0.0,1.0,0.0,0.0,0.0,0.0,0.0,0.0,0.0,0.0,ACT,2.0,2024.0,2024.0,BUF,33.0,False,False,,,,,,True,True,404.0,4.0,0.6440677966101694,6.8474576271186445,0.0,10.631578947368421,11.169491525423728,8.533333333333333,104.4,8.700000000000001,50.0,38.0,2.747,50.0,50.0,1.0,0.0,1.0,50.0,50.0,0.0,4.916666666666667,0.0,0.0,0.0,0.0,37.75,0.0,91.0,9.0,0.0,0.0,0.0,0.0,0.0,Very Low,78.04166666666667,1.0,1.0,147.9,1.0560833333333335,1.0,0.991,146.43036796135002,True,Questionable,Lower Body,0.45,UNKNOWN,0.45,,,False,False,F,False,False,F,Sleeper,,,False,,,,1.0,0.9992,1.0003,1.0009,1.0008,154.78897247500004,1.0,154.78897247500004,0.054,0.0,0.946,-8.358604513650022,123.14793945549536,169.71279646720464,89.85,66.7,89,-56.29866707318334,202.72903503453335,225.0,4,0.64,0.64,24.5,236.0,0.0,0.0,24.5,236.0,0.14,0.0,31.790152485260002,32.03,154,WR89,LATE / WATCH,"[""Strong projected opportunity"", ""Excellent durability profile"", ""High ceiling outcome""]",[],No major hidden edge identified yet.,7,gsis_id,3,DEPTH,2026-08-21 07:40:57+00:00
00-0040021,Phil Mafah,RB,DAL,1.0,0.0,0.0,0.0,0.0,0.0,5.0,18.0,1.0,2.0,2.0,11.0,0.0,-11.0,0.08695652173913043,-0.06179775280898876,0.08717635564240352,10.9,0.0,0.0,0.0,0.0,0.0,0.0,0.0,0.0,0.0,0.0,0.0,0.0,0.0,0.0,0.0,ACT,1.0,2025.0,2025.0,DAL,239.0,False,False,,,,,,True,True,29.0,1.0,1.0,5.5,3.6,5.5,-5.5,10.9,10.9,10.9,50.0,7.0,1.557,50.0,50.0,1.0,0.0,1.0,50.0,50.0,0.0,2.0,5.0,0.0,18.0,1.0,60.73426573426573,0.0,88.0,12.0,0.0,0.0,0.0,0.0,0.0,Very Low,60.85664335664336,1.0,1.0,185.3,1.0217132867132868,1.0,0.988,176.95080448400003,True,Questionable,Chest,0.45,UNKNOWN,0.45,,,False,False,D,False,False,D,Sleeper,,,False,,,,1.0,0.9999,1.0001,1.0002,1.0002,187.0515903636364,1.0,187.0515903636364,0.054,0.0,0.946,-10.100785879636362,148.284774157592,205.61683481040802,80.8,63.06,47,-32.26985707207268,209.2206615560727,179.0,4,0.12,0.12,24.5,137.0,0.0,0.0,24.5,137.0,0.24,0.0,40.619234144416794,31.99,155,RB47,LATE / WATCH,"[""Strong durability profile"", ""High ceiling outcome""]",[],No major hidden edge identified yet.,14,gsis_id,3,DEPTH,2026-08-21 07:40:57+00:00
00-0041042,Malachi Fields,WR,NYG,0.0,0.0,0.0,0.0,0.0,0.0,0.0,0.0,0.0,0.0,0.0,0.0,0.0,0.0,0.0,0.0,0.0,0.0,0.0,0.0,0.0,0.0,0.0,0.0,0.0,0.0,0.0,0.0,0.0,0.0,0.0,0.0,0.0,ACT,0.0,2026.0,2026.0,NYG,74.0,True,False,,,,,,True,True,0.0,0.0,0.0,0.0,0.0,0.0,0.0,0.0,0.0,0.0,80.04,0.0,0.0,80.51,75.0,1.0,6.0,0.96,50.0,74.56,209.12,0.0,0.0,0.0,0.0,0.0,37.75,0.0,91.0,9.0,0.0,0.0,0.0,0.0,0.0,Very Low,10.333333333333334,1.0,1.0,209.12,0.9206666666666667,1.0,0.991,196.07051316001366,False,,,0.0,,0.0,,,False,False,,False,False,,,,,False,,,,1.0261,0.9987,1.0005,1.0015,1.0013,190.79704501333336,1.0015,196.07051316001366,0.0,0.0,1.0,5.273468146680301,164.8953015675715,227.2457247524558,81.85,61.07,42,-6.658521874519693,202.72903503453335,141.0,4,2.03,2.03,24.5,236.0,0.0,0.0,24.5,236.0,0.14,0.0,42.567068552782914,31.98,156,WR42,LATE / WATCH,"[""Excellent durability profile"", ""High ceiling outcome""]","[""Limited recent fantasy production"", ""Limited projected opportunity""]",No major hidden edge identified yet.,8,gsis_id,5,DEEP_DEPTH,2026-08-21 07:40:57+00:00
00-0033110,Tyler Higbee,TE,LAR,10.0,0.0,0.0,0.0,0.0,0.0,0.0,0.0,0.0,25.0,36.0,281.0,3.0,218.0,0.10997741846887958,0.06637478238393875,0.21142847537207649,71.1,0.0,0.0,0.0,0.0,0.0,0.0,0.0,0.0,0.0,0.0,0.0,0.0,0.0,0.0,0.0,ACT,10.0,2016.0,2016.0,LAR,110.0,False,False,,,,,,True,True,281.0,3.0,0.6944444444444444,7.805555555555555,0.0,11.24,6.055555555555555,7.109999999999999,71.1,7.109999999999999,50.0,25.0,2.844,50.0,50.0,1.0,0.0,1.0,50.0,50.0,0.0,3.6,0.0,0.0,0.0,0.0,0.0,0.0,90.0,10.0,0.0,0.0,0.0,0.0,0.0,Very Low,73.53873239436618,1.0,1.0,120.86999999999999,1.0470774647887324,1.0,0.99,125.29465063732394,False,,,0.0,,0.0,,,False,False,,False,False,,,,,False,,,,1.0,,,,,125.29465063732394,1.0,125.29465063732394,0.0,0.0,1.0,0.0,105.2475065353521,145.34179473929575,89.5,63.26,40,-70.20223667847884,195.49688731580278,263.0,3,1.6,1.6,18.0,139.0,0.0,0.0,18.0,139.0,0.3,0.0,35.756131645662705,31.95,157,TE40,LATE / WATCH,"[""Excellent durability profile"", ""High ceiling outcome""]","[""Limited recent fantasy production""]",No major hidden edge identified yet.,11,gsis_id,2,BACKUP,2026-08-21 07:40:57+00:00
00-0039146,Jayden Reed,WR,GB,5.0,0.0,0.0,0.0,0.0,0.0,3.0,28.0,0.0,19.0,22.0,207.0,1.0,179.0,0.17057048748353096,0.12648196424973726,0.34439310620011254,48.5,0.0,0.0,0.0,0.0,0.0,0.0,0.0,0.0,0.0,0.0,0.0,0.0,0.0,0.0,0.0,ACT,3.0,2023.0,2023.0,GB,50.0,False,False,,,,,,True,True,235.0,1.0,0.8636363636363636,9.409090909090908,9.333333333333334,10.894736842105264,8.136363636363637,9.7,48.5,9.7,50.0,22.0,2.205,50.0,50.0,1.0,0.0,1.0,50.0,50.0,0.0,4.4,0.6,0.0,5.6,0.0,85.70833333333333,0.0,91.0,9.0,0.0,0.0,0.0,0.0,0.0,Very Low,72.08333333333333,1.0,1.0,164.89999999999998,1.0441666666666667,1.0,0.991,171.06001917229165,False,,,0.0,,0.0,,,False,False,,False,False,,,,,False,,,,1.0,0.998,1.0008,1.0025,1.0021,170.63343558333332,1.0025,171.06001917229165,0.0,0.0,1.0,0.42658358895832293,143.86147612389726,198.25856222068597,81.85,65.27,68,-31.669015862241707,202.72903503453335,189.0,4,1.4,1.4,24.5,236.0,0.0,0.0,24.5,236.0,0.14,0.0,37.13726988007027,31.94,158,WR68,LATE / WATCH,"[""Hybrid rushing role adds extra fantasy upside"", ""Excellent durability profile"", ""High ceiling outcome""]",[],Rushing usage creates additional fantasy scoring paths.,11,gsis_id,2,BACKUP,2026-08-21 07:40:57+00:00
00-0034855,Baker Mayfield,QB,TB,17.0,343.0,543.0,3693.0,26.0,11.0,55.0,382.0,1.0,0.0,0.0,0.0,0.0,0.0,0.0,0.0,0.0,271.92,2.0,0.0,0.0,0.0,0.0,0.0,0.0,0.0,0.0,7.0,3.0,0.0,0.0,0.0,0.0,ACT,8.0,2018.0,2018.0,CLE,1.0,False,False,,,,,,True,True,382.0,27.0,0.0,0.0,6.945454545454545,0.0,0.0,15.99529411764706,328.92,19.348235294117647,50.0,55.0,5.98,50.0,50.0,1.0,0.0,1.0,50.0,50.0,0.0,0.0,3.235294117647059,31.941176470588236,22.470588235294116,0.058823529411764705,70.0,70.0,86.6,13.4,0.0,0.0,0.0,0.0,8.4,Very Low,79.52380952380952,1.0,1.0,328.92,1.059047619047619,1.0,0.9866,342.88371025296453,False,,,0.0,,0.0,,,False,False,,False,False,,,,,False,,,,1.0,0.9977,1.001,1.0029,1.0024,343.6741608228571,0.9977,342.88371025296453,0.0,0.0,1.0,-0.7904505698925846,286.85651199763015,398.9109085082989,95.31,80.2,16,-35.42324497020576,378.3069552231703,28.0,2,2.58,2.58,22.5,61.0,28.97,28.97,22.5,61.0,22.72,0.0,0.0,31.85,159,QB16,LATE / WATCH,"[""Strong fantasy production"", ""Strong projected opportunity"", ""Above-average quarterback rushing floor"", ""Strong durability profile"", ""Very high projection confidence"", ""High ceiling outcome""]","[""Elevated rushing contact exposure""]",No major hidden edge identified yet.,10,gsis_id,1,STARTER,2026-08-21 07:40:57+00:00
00-0033555,Mack Hollins,WR,NE,14.0,0.0,0.0,0.0,0.0,0.0,1.0,4.0,0.0,46.0,65.0,550.0,2.0,851.0,0.16249011916792525,0.20639917952107706,0.38821460441664174,113.4,0.0,0.0,0.0,0.0,0.0,0.0,1.0,0.0,0.0,0.0,0.0,0.0,0.0,1.0,0.0,ACT,9.0,2017.0,2017.0,PHI,118.0,False,False,,,,,,True,True,554.0,2.0,0.7076923076923077,8.461538461538462,4.0,11.956521739130435,13.092307692307692,8.1,115.4,8.242857142857144,50.0,47.0,2.455,50.0,50.0,1.0,0.0,1.0,50.0,50.0,0.0,4.642857142857143,0.07142857142857142,0.0,0.2857142857142857,0.0,67.125,0.0,91.0,9.0,0.0,0.0,0.0,0.0,0.0,Very Low,76.8125,1.0,1.0,140.12857142857143,1.053625,1.0,0.991,147.11927314880646,False,,,0.0,,0.0,,,False,False,,False,False,,,,,False,,,,1.005,0.9997,1.0002,1.0005,1.0004,146.31417937678572,1.0005,147.11927314880646,0.0,0.0,1.0,0.8050937720207401,123.72730871814622,170.51123757946667,89.85,65.81,87,-55.6097618857269,202.72903503453335,223.0,4,0.08,0.08,24.5,236.0,0.0,0.0,24.5,236.0,0.14,0.0,31.93971436413821,31.84,160,WR87,LATE / WATCH,"[""Strong projected opportunity"", ""Adds meaningful rushing production"", ""Excellent durability profile"", ""High ceiling outcome""]",[],No major hidden edge identified yet.,11,gsis_id,5,DEEP_DEPTH,2026-08-21 07:40:57+00:00
00-0039032,Tyjae Spears,RB,TEN,13.0,0.0,0.0,0.0,0.0,0.0,72.0,283.0,2.0,45.0,50.0,264.0,0.0,-115.0,0.12284653992084332,-0.048529393446021175,0.15029923446905016,111.7,0.0,0.0,0.0,0.0,0.0,0.0,0.0,0.0,0.0,0.0,0.0,1.0,0.0,0.0,0.0,ACT,3.0,2023.0,2023.0,TEN,81.0,False,False,,,,,,True,True,547.0,2.0,0.9,5.28,3.9305555555555554,5.866666666666666,-2.3,8.592307692307692,111.7,8.592307692307692,50.0,117.0,0.955,50.0,50.0,1.0,0.0,1.0,50.0,50.0,0.0,3.8461538461538463,5.538461538461538,0.0,21.76923076923077,0.15384615384615385,56.22377622377622,0.0,88.0,12.0,0.0,0.0,0.0,0.0,0.0,Very Low,71.60839160839161,1.0,1.0,146.06923076923076,1.0432167832167831,1.0,0.988,150.8545236193375,False,,,0.0,,0.0,,,False,False,,False,False,,,,,False,,,,1.0014,0.9985,1.0006,1.0004,1.0003,150.55329057342655,1.0006,150.8545236193375,0.0,0.0,1.0,0.3012330459109478,126.41609079300481,175.29295644567017,88.8,64.04,56,-58.366137936735214,209.2206615560727,221.0,4,0.19,0.19,24.5,137.0,0.0,0.0,24.5,137.0,0.24,0.0,34.64199209907562,31.84,161,RB56,LATE / WATCH,"[""Strong durability profile"", ""High ceiling outcome""]",[],No major hidden edge identified yet.,9,gsis_id,2,BACKUP,2026-08-21 07:40:57+00:00
00-0041040,Antonio Williams,WR,WAS,0.0,0.0,0.0,0.0,0.0,0.0,0.0,0.0,0.0,0.0,0.0,0.0,0.0,0.0,0.0,0.0,0.0,0.0,0.0,0.0,0.0,0.0,0.0,0.0,0.0,0.0,0.0,0.0,0.0,0.0,0.0,0.0,0.0,ACT,0.0,2026.0,2026.0,WAS,71.0,True,False,,,,,,True,True,0.0,0.0,0.0,0.0,0.0,0.0,0.0,0.0,0.0,0.0,80.86,0.0,0.0,80.8,75.0,1.0,6.0,0.96,50.0,75.0,210.0,0.0,0.0,0.0,0.0,0.0,37.75,0.0,91.0,9.0,0.0,0.0,0.0,0.0,0.0,Very Low,10.333333333333334,1.0,1.0,210.0,0.9206666666666667,1.0,0.991,191.40834006,False,,,0.0,,0.0,,,False,False,,False,False,,,,,False,,,,1.0,0.9997,1.0002,0.999,0.9992,191.59994,0.999,191.40834006,0.0,0.0,1.0,-0.19159994000000324,160.97441399046,221.84226612953995,81.85,61.01,46,-11.320694974533353,202.72903503453335,151.0,4,0.28,0.28,24.5,236.0,0.0,0.0,24.5,236.0,0.14,0.0,41.55490696481755,31.76,162,WR46,LATE / WATCH,"[""Excellent durability profile"", ""High ceiling outcome""]","[""Limited recent fantasy production"", ""Limited projected opportunity""]",No major hidden edge identified yet.,7,gsis_id,4,DEEP_DEPTH,2026-08-21 07:40:57+00:00
00-0041523,Caleb Douglas,WR,MIA,0.0,0.0,0.0,0.0,0.0,0.0,0.0,0.0,0.0,0.0,0.0,0.0,0.0,0.0,0.0,0.0,0.0,0.0,0.0,0.0,0.0,0.0,0.0,0.0,0.0,0.0,0.0,0.0,0.0,0.0,0.0,0.0,0.0,ACT,0.0,2026.0,2026.0,MIA,75.0,True,False,,,,,,True,True,0.0,0.0,0.0,0.0,0.0,0.0,0.0,0.0,0.0,0.0,79.77,0.0,0.0,80.42,75.0,1.0,6.0,0.96,50.0,74.42,208.84,0.0,0.0,0.0,0.0,0.0,37.75,0.0,91.0,9.0,0.0,0.0,0.0,0.0,0.0,Very Low,10.333333333333334,1.0,1.0,208.84,0.9206666666666667,1.0,0.991,191.68393425722383,False,,,0.0,,0.0,,,False,False,,False,False,,,,,False,,,,1.0067,0.9994,1.0003,0.9993,0.9994,190.54157842666666,0.9993,191.68393425722383,0.0,0.0,1.0,1.1423558305571646,161.20618871032522,222.16167980412237,81.85,60.6,45,-11.045100777309528,202.72903503453335,149.0,4,2.09,2.09,24.5,236.0,0.0,0.0,24.5,236.0,0.14,0.0,41.61473869013365,31.67,163,WR45,LATE / WATCH,"[""Excellent durability profile"", ""High ceiling outcome""]","[""Limited recent fantasy production"", ""Limited projected opportunity""]",No major hidden edge identified yet.,6,gsis_id,3,DEPTH,2026-08-21 07:40:57+00:00
00-0039491,Jalen Coker,WR,CAR,11.0,0.0,0.0,0.0,0.0,0.0,0.0,0.0,0.0,33.0,43.0,394.0,3.0,435.0,0.15399025319504192,0.19988492491566878,0.37090482723353096,90.4,0.0,0.0,0.0,0.0,0.0,0.0,0.0,0.0,0.0,0.0,0.0,0.0,0.0,0.0,0.0,ACT,2.0,2024.0,2024.0,,0.0,False,False,,,,,,True,True,394.0,3.0,0.7674418604651163,9.162790697674419,0.0,11.93939393939394,10.116279069767442,8.218181818181819,90.4,8.218181818181819,50.0,33.0,2.739,50.0,50.0,1.0,0.0,1.0,50.0,50.0,0.0,3.909090909090909,0.0,0.0,0.0,0.0,37.75,0.0,91.0,9.0,0.0,0.0,0.0,0.0,0.0,Very Low,73.58333333333334,1.0,1.0,139.70909090909092,1.0471666666666668,1.0,0.991,147.20089194705284,False,,,0.0,,0.0,,,False,False,,False,False,,,,,False,,,,1.015,0.9992,1.0003,1.0003,1.0003,144.98201470303033,1.0003,147.20089194705284,0.0,0.0,1.0,2.218877244022508,123.79595012747143,170.60583376663422,89.85,64.97,86,-55.528143087480515,202.72903503453335,222.0,4,3.71,3.71,24.5,236.0,0.0,0.0,24.5,236.0,0.14,0.0,31.9574338719018,31.63,164,WR86,LATE / WATCH,"[""Excellent durability profile"", ""High ceiling outcome""]",[],No major hidden edge identified yet.,5,gsis_id,2,BACKUP,2026-08-21 07:40:57+00:00
00-0041048,Ted Hurst,WR,TB,0.0,0.0,0.0,0.0,0.0,0.0,0.0,0.0,0.0,0.0,0.0,0.0,0.0,0.0,0.0,0.0,0.0,0.0,0.0,0.0,0.0,0.0,0.0,0.0,0.0,0.0,0.0,0.0,0.0,0.0,0.0,0.0,0.0,ACT,0.0,2026.0,2026.0,TB,84.0,True,False,,,,,,True,True,0.0,0.0,0.0,0.0,0.0,0.0,0.0,0.0,0.0,0.0,77.3,0.0,0.0,79.55,75.0,1.0,6.0,0.96,50.0,73.1,206.2,0.0,0.0,0.0,0.0,0.0,37.75,0.0,91.0,9.0,0.0,0.0,0.0,0.0,0.0,Very Low,10.333333333333334,1.0,1.0,206.2,0.9206666666666667,1.0,0.991,193.7727977868784,False,,,0.0,,0.0,,,False,False,,False,False,,,,,False,,,,1.027,0.9977,1.001,1.0029,1.0024,188.13289346666667,1.0029,193.7727977868784,0.0,0.0,1.0,5.639904320211741,162.96292293876473,224.58267263499204,81.85,59.81,44,-8.95623724765494,202.72903503453335,147.0,4,0.31,0.31,24.5,236.0,0.0,0.0,24.5,236.0,0.14,0.0,42.06823266855584,31.57,165,WR44,LATE / WATCH,"[""Excellent durability profile"", ""High ceiling outcome""]","[""Limited recent fantasy production"", ""Limited projected opportunity""]",No major hidden edge identified yet.,10,gsis_id,4,DEEP_DEPTH,2026-08-21 07:40:57+00:00
00-0039410,Ryan Flournoy,WR,DAL,15.0,0.0,0.0,0.0,0.0,0.0,4.0,25.0,0.0,40.0,56.0,475.0,4.0,466.0,0.11057427951792834,0.10530331458004373,0.2395737394829231,114.0,0.0,0.0,0.0,0.0,0.0,0.0,2.0,0.0,0.0,0.0,0.0,0.0,0.0,3.0,1.0,ACT,2.0,2024.0,2024.0,DAL,216.0,False,False,,,,,,True,True,500.0,4.0,0.7142857142857143,8.482142857142858,6.25,11.875,8.321428571428571,7.6,122.0,8.133333333333333,50.0,44.0,2.773,50.0,50.0,1.0,0.0,1.0,50.0,50.0,0.0,3.7333333333333334,0.26666666666666666,0.0,1.6666666666666667,0.0,79.04166666666667,0.0,91.0,9.0,0.0,0.0,0.0,0.0,0.0,Very Low,62.25,1.0,1.0,138.26666666666665,1.0245,1.0,0.991,140.40738806244,False,,,0.0,,0.0,,,False,False,,False,False,,,,,False,,,,1.0,0.9999,1.0001,1.0002,1.0002,140.3793122,1.0002,140.40738806244,0.0,0.0,1.0,0.02807586244000504,118.08261336051203,162.73216276436793,96.85,63.08,91,-62.32164697209336,202.72903503453335,231.0,4,5.51,5.51,24.5,236.0,0.0,0.0,24.5,236.0,0.14,0.0,30.482558629779533,31.57,166,WR91,LATE / WATCH,"[""Adds meaningful rushing production"", ""Excellent durability profile"", ""Very high projection confidence"", ""High ceiling outcome""]",[],No major hidden edge identified yet.,14,gsis_id,3,DEPTH,2026-08-21 07:40:57+00:00
00-0041032,Kenyon Sadiq,TE,NYJ,0.0,0.0,0.0,0.0,0.0,0.0,0.0,0.0,0.0,0.0,0.0,0.0,0.0,0.0,0.0,0.0,0.0,0.0,0.0,0.0,0.0,0.0,0.0,0.0,0.0,0.0,0.0,0.0,0.0,0.0,0.0,0.0,0.0,ACT,0.0,2026.0,2026.0,NYJ,16.0,True,False,,,,,,True,True,0.0,0.0,0.0,0.0,0.0,0.0,0.0,0.0,0.0,0.0,95.9,0.0,0.0,76.06,55.0,1.0,0.0,1.0,50.0,79.47,158.18,0.0,0.0,0.0,0.0,0.0,0.0,0.0,90.0,10.0,0.0,0.0,0.0,0.0,0.0,Very Low,11.232394366197182,1.0,1.0,158.18,0.9224647887323943,1.0,0.99,136.65568390301408,True,Questionable,Abdomen,0.45,UNKNOWN,0.45,,,False,False,D,False,False,D,Sleeper,,,False,,,,1.0,0.9986,1.0006,1.0017,1.0014,144.45632547887325,1.0,144.45632547887325,0.054,0.0,0.946,-7.800641575859174,114.79077447853182,158.52059332749633,81.5,62.33,28,-58.8412034127887,195.49688731580278,237.0,3,2.53,2.53,18.0,139.0,0.0,0.0,18.0,139.0,0.3,0.0,38.9983019938177,31.56,167,TE28,LATE / WATCH,"[""Excellent durability profile"", ""High ceiling outcome""]","[""Limited recent fantasy production"", ""Limited projected opportunity""]",No major hidden edge identified yet.,13,gsis_id,1,STARTER,2026-08-21 07:40:57+00:00
00-0037252,Greg Dulcich,TE,MIA,9.0,0.0,0.0,0.0,0.0,0.0,1.0,-7.0,0.0,26.0,33.0,335.0,1.0,155.0,0.15424819562750597,0.09212443957780798,0.2958594011457245,62.800000000000004,0.0,0.0,0.0,0.0,0.0,0.0,0.0,0.0,0.0,0.0,0.0,0.0,0.0,0.0,0.0,ACT,4.0,2022.0,2022.0,DEN,80.0,False,False,,,,,,True,True,328.0,1.0,0.7878787878787878,10.151515151515152,-7.0,12.884615384615385,4.696969696969697,6.977777777777778,64.8,7.199999999999999,50.0,27.0,2.4,50.0,50.0,1.0,0.0,1.0,50.0,50.0,0.0,3.6666666666666665,0.1111111111111111,0.0,-0.7777777777777778,0.0,0.0,0.0,90.0,10.0,0.0,0.0,0.0,0.0,0.0,Very Low,79.85915492957746,1.0,1.0,122.39999999999999,1.059718309859155,1.0,0.99,128.9898888900894,False,,,0.0,,0.0,,,False,False,,False,False,,,,,False,,,,1.0051,0.9994,1.0003,0.9993,0.9994,128.41242591549295,0.9994,128.9898888900894,0.0,0.0,1.0,0.5774629745964432,108.35150666767508,149.62827111250368,81.5,63.76,37,-66.50699842571339,195.49688731580278,258.0,3,0.81,0.81,18.0,139.0,0.0,0.0,18.0,139.0,0.3,0.0,36.81066529698693,31.48,168,TE37,LATE / WATCH,"[""Strong projected opportunity"", ""Excellent durability profile"", ""High ceiling outcome""]","[""Limited recent fantasy production""]",No major hidden edge identified yet.,6,gsis_id,1,STARTER,2026-08-21 07:40:57+00:00
00-0033908,Cooper Kupp,WR,SEA,16.0,0.0,1.0,0.0,0.0,1.0,0.0,0.0,0.0,47.0,70.0,593.0,2.0,532.0,0.1598784180273221,0.14488475658174096,0.34123695664820186,116.3,0.0,0.0,0.0,0.0,0.0,0.0,0.0,0.0,0.0,0.0,0.0,0.0,0.0,1.0,0.0,ACT,9.0,2017.0,2017.0,LAR,69.0,False,False,,,,,,True,True,593.0,2.0,0.6714285714285714,8.471428571428572,0.0,12.617021276595745,7.6,7.26875,117.30000000000001,7.331250000000001,50.0,47.0,2.496,50.0,50.0,1.0,0.0,1.0,50.0,50.0,0.0,4.375,0.0,0.0625,0.0,0.0,37.75,0.0,91.0,9.0,0.0,0.0,0.0,0.0,0.0,Very Low,72.125,1.0,1.0,124.63125000000001,1.04425,1.0,0.991,129.12965119502354,False,,,0.0,,0.0,,,False,False,,False,False,,,,,False,,,,1.0011,1.0,1.0,1.0001,1.0001,128.9748671671875,1.0001,129.12965119502354,0.0,0.0,1.0,0.15478402783602974,108.5980366550148,149.66126573503226,96.85,64.54,97,-73.59938383950981,202.72903503453335,256.0,4,1.71,1.71,24.5,236.0,0.0,0.0,24.5,236.0,0.14,0.0,28.034152744475477,31.44,169,WR97,LATE / WATCH,"[""Excellent durability profile"", ""Very high projection confidence"", ""High ceiling outcome""]","[""Limited recent fantasy production""]",No major hidden edge identified yet.,11,gsis_id,3,DEPTH,2026-08-21 07:40:57+00:00
00-0039921,Trey Benson,RB,ARI,4.0,0.0,0.0,0.0,0.0,0.0,29.0,160.0,0.0,13.0,16.0,64.0,0.0,-22.0,0.12928245436105476,-0.027340402415816235,0.17478539985051078,35.400000000000006,0.0,0.0,0.0,0.0,0.0,0.0,0.0,0.0,0.0,0.0,0.0,1.0,0.0,0.0,0.0,ACT,2.0,2024.0,2024.0,ARI,66.0,False,False,,,,,,True,True,224.0,0.0,0.8125,4.0,5.517241379310345,4.923076923076923,-1.375,8.850000000000001,35.4,8.85,50.0,42.0,0.843,50.0,50.0,1.0,0.0,1.0,50.0,50.0,0.0,4.0,7.25,0.0,40.0,0.0,58.811188811188806,0.0,88.0,12.0,0.0,0.0,0.0,0.0,0.0,Very Low,76.87062937062936,1.0,1.0,150.45,1.0537412587412587,1.0,0.988,156.6329479090909,False,,,0.0,,0.0,,,False,False,,False,False,,,,,False,,,,1.0,,,,,156.6329479090909,1.0,156.6329479090909,0.0,0.0,1.0,0.0,131.25841034781817,182.0074854703636,80.8,64.48,54,-52.587713646981825,209.2206615560727,211.0,4,0.43,0.43,24.5,137.0,0.0,0.0,24.5,137.0,0.24,0.0,35.96551558503352,31.42,170,RB54,LATE / WATCH,"[""Strong projected opportunity"", ""Strong durability profile"", ""High ceiling outcome""]",[],No major hidden edge identified yet.,14,gsis_id,4,DEEP_DEPTH,2026-08-21 07:40:57+00:00
00-0041044,Zachariah Branch,WR,ATL,0.0,0.0,0.0,0.0,0.0,0.0,0.0,0.0,0.0,0.0,0.0,0.0,0.0,0.0,0.0,0.0,0.0,0.0,0.0,0.0,0.0,0.0,0.0,0.0,0.0,0.0,0.0,0.0,0.0,0.0,0.0,0.0,0.0,ACT,0.0,2026.0,2026.0,ATL,79.0,True,False,,,,,,True,True,0.0,0.0,0.0,0.0,0.0,0.0,0.0,0.0,0.0,0.0,78.67,0.0,0.0,80.03,75.0,1.0,6.0,0.96,50.0,73.83,207.66,0.0,0.0,0.0,0.0,0.0,37.75,0.0,91.0,9.0,0.0,0.0,0.0,0.0,0.0,Very Low,10.333333333333334,1.0,1.0,207.66,0.9206666666666667,1.0,0.991,189.27550427076002,False,,,0.0,,0.0,,,False,False,,False,False,,,,,False,,,,1.0,1.0,1.0,0.999,0.9991,189.46496924000002,0.999,189.27550427076002,0.0,0.0,1.0,-0.18946496923999234,159.1806990917092,219.37030944981083,81.85,59.98,48,-13.45353076377333,202.72903503453335,154.0,4,0.07,0.07,24.5,236.0,0.0,0.0,24.5,236.0,0.14,0.0,41.09186657292388,31.41,171,WR48,LATE / WATCH,"[""Excellent durability profile"", ""High ceiling outcome""]","[""Limited recent fantasy production"", ""Limited projected opportunity""]",No major hidden edge identified yet.,11,gsis_id,4,DEEP_DEPTH,2026-08-21 07:40:57+00:00
00-0040870,Ja'Kobi Lane,WR,BAL,0.0,0.0,0.0,0.0,0.0,0.0,0.0,0.0,0.0,0.0,0.0,0.0,0.0,0.0,0.0,0.0,0.0,0.0,0.0,0.0,0.0,0.0,0.0,0.0,0.0,0.0,0.0,0.0,0.0,0.0,0.0,0.0,0.0,ACT,0.0,2026.0,2026.0,BAL,80.0,True,False,,,,,,True,True,0.0,0.0,0.0,0.0,0.0,0.0,0.0,0.0,0.0,0.0,78.4,0.0,0.0,79.94,75.0,1.0,6.0,0.96,50.0,73.69,207.38,0.0,0.0,0.0,0.0,0.0,37.75,0.0,91.0,9.0,0.0,0.0,0.0,0.0,0.0,Very Low,10.333333333333334,1.0,1.0,207.38,0.9206666666666667,1.0,0.991,189.3418660530095,False,,,0.0,,0.0,,,False,False,,False,False,,,,,False,,,,1.0011,1.0,1.0,0.9996,0.9997,189.20950265333332,0.9996,189.3418660530095,0.0,0.0,1.0,0.13236339967619415,159.236509350581,219.447222755438,81.85,59.88,47,-13.387168981523843,202.72903503453335,153.0,4,2.07,2.07,24.5,236.0,0.0,0.0,24.5,236.0,0.14,0.0,41.10627377005297,31.39,172,WR47,LATE / WATCH,"[""Excellent durability profile"", ""High ceiling outcome""]","[""Limited recent fantasy production"", ""Limited projected opportunity""]",No major hidden edge identified yet.,13,gsis_id,3,DEPTH,2026-08-21 07:40:57+00:00
00-0036264,Jordan Love,QB,GB,15.0,291.0,439.0,3381.0,23.0,6.0,47.0,199.0,0.0,0.0,0.0,0.0,0.0,0.0,0.0,0.0,0.0,235.14,2.0,0.0,0.0,0.0,0.0,0.0,0.0,0.0,0.0,8.0,3.0,0.0,0.0,0.0,0.0,ACT,6.0,2020.0,2020.0,GB,26.0,False,False,,,,,,True,True,199.0,23.0,0.0,0.0,4.23404255319149,0.0,0.0,15.675999999999998,289.14,19.276,50.0,47.0,6.152,50.0,50.0,1.0,0.0,1.0,50.0,50.0,0.0,0.0,3.1333333333333333,29.266666666666666,13.266666666666667,0.0,55.83333333333333,55.83333333333333,88.3,11.7,0.0,0.0,0.0,0.0,6.7,Very Low,69.16666666666666,1.0,1.0,327.692,1.0383333333333333,1.0,0.9883,335.6000152838573,False,,,0.0,,0.0,,,False,False,,False,False,,,,,False,,,,1.0,0.998,1.0008,1.0025,1.0021,336.27256040466665,0.998,335.6000152838573,0.0,0.0,1.0,-0.6725451208093318,281.33349281245756,389.866537755257,95.905,78.03,18,-42.706939939312974,378.3069552231703,30.0,2,5.45,5.45,22.5,61.0,28.97,28.97,22.5,61.0,22.72,0.0,0.0,31.37,173,QB18,LATE / WATCH,"[""Strong fantasy production"", ""Strong durability profile"", ""Very high projection confidence"", ""High ceiling outcome""]",[],No major hidden edge identified yet.,11,gsis_id,1,STARTER,2026-08-21 07:40:57+00:00
00-0033119,Jacoby Brissett,QB,ARI,14.0,315.0,485.0,3366.0,23.0,8.0,38.0,168.0,1.0,0.0,0.0,0.0,0.0,0.0,0.0,0.0,0.0,227.44,4.0,1.0,0.0,0.0,0.0,0.0,0.0,0.0,0.0,3.0,1.0,0.0,0.0,0.0,0.0,ACT,10.0,2016.0,2016.0,NE,91.0,False,False,,,,,,True,True,168.0,24.0,0.0,0.0,4.421052631578948,0.0,0.0,16.245714285714286,269.44000000000005,19.24571428571429,50.0,38.0,7.091,50.0,50.0,1.0,0.0,1.0,50.0,50.0,0.0,0.0,2.7142857142857144,34.642857142857146,12.0,0.07142857142857142,62.55952380952381,62.55952380952381,87.5,12.5,0.0,0.0,0.0,0.0,7.5,Very Low,85.23809523809523,1.0,1.0,327.17714285714294,1.0704761904761906,1.0,0.9875,345.85739972789133,False,,,0.0,,0.0,,,False,False,,False,False,,,,,False,,,,1.0,,,,,345.85739972789133,1.0,345.85739972789133,0.0,0.0,1.0,0.0,289.655572272109,402.0592271836736,88.625,80.72,14,-32.44955549527896,378.3069552231703,25.0,2,16.76,16.76,22.5,61.0,28.97,28.97,22.5,61.0,22.72,0.0,0.0,31.31,174,QB14,LATE / WATCH,"[""Strong fantasy production"", ""Strong projected opportunity"", ""Strong durability profile"", ""High ceiling outcome""]","[""Elevated rushing contact exposure""]",No major hidden edge identified yet.,14,gsis_id,1,STARTER,2026-08-21 07:40:57+00:00
00-0039894,Xavier Worthy,WR,KC,14.0,0.0,0.0,0.0,0.0,0.0,11.0,87.0,0.0,42.0,73.0,532.0,1.0,944.0,0.16056959397469212,0.2675937548079978,0.4281700193276366,109.9,0.0,0.0,0.0,0.0,0.0,0.0,0.0,0.0,0.0,0.0,0.0,0.0,0.0,1.0,0.0,ACT,2.0,2024.0,2024.0,KC,28.0,False,False,,,,,,True,True,619.0,1.0,0.5753424657534246,7.287671232876712,7.909090909090909,12.666666666666666,12.931506849315069,7.8500000000000005,109.9,7.8500000000000005,50.0,53.0,2.074,50.0,50.0,1.0,0.0,1.0,50.0,50.0,0.0,5.214285714285714,0.7857142857142857,0.0,6.214285714285714,0.0,87.45833333333333,0.0,91.0,9.0,0.0,0.0,0.0,0.0,0.0,Very Low,78.91666666666667,1.0,1.0,133.45000000000002,1.0578333333333334,1.0,0.991,131.9193935868034,True,Questionable,Shoulder,0.45,UNKNOWN,0.45,,,False,False,D,False,False,D,Sleeper,,,False,,,,1.0,0.9993,1.0003,0.9968,0.9973,139.89734760833335,0.9968,139.4496760959867,0.054,0.0,0.946,-7.977954021529939,110.94421000650166,152.89457716710513,89.85,65.84,95,-70.80964144772994,202.72903503453335,250.0,4,0.06,0.06,24.5,236.0,0.0,0.0,24.5,236.0,0.14,0.0,28.6398080963263,31.19,175,WR95,LATE / WATCH,"[""Strong projected opportunity"", ""Hybrid rushing role adds extra fantasy upside"", ""Excellent durability profile"", ""High ceiling outcome""]","[""Limited recent fantasy production""]",Rushing usage creates additional fantasy scoring paths.,5,gsis_id,2,BACKUP,2026-08-21 07:40:57+00:00
00-0040584,Gunnar Helm,TE,TEN,16.0,0.0,0.0,0.0,0.0,0.0,0.0,0.0,0.0,44.0,55.0,357.0,2.0,303.0,0.1065032358486985,0.08049233703402799,0.21609948969686735,91.7,0.0,0.0,0.0,0.0,0.0,0.0,0.0,0.0,0.0,0.0,0.0,0.0,0.0,0.0,0.0,ACT,1.0,2025.0,2025.0,TEN,120.0,False,False,,,,,,True,True,357.0,2.0,0.8,6.490909090909091,0.0,8.113636363636363,5.509090909090909,5.73125,91.7,5.73125,50.0,44.0,2.084,50.0,50.0,1.0,0.0,1.0,50.0,50.0,0.0,3.4375,0.0,0.0,0.0,0.0,0.0,0.0,90.0,10.0,0.0,0.0,0.0,0.0,0.0,Very Low,73.48591549295776,1.0,1.0,97.43125,1.0469718309859155,1.0,0.99,101.76552592114083,False,,,0.0,,0.0,,,False,False,,False,False,,,,,False,,,,1.0074,0.9985,1.0006,1.0004,1.0003,100.98769646566903,1.0003,101.76552592114083,0.0,0.0,1.0,0.777829455471803,85.4830417737583,118.04801006852335,96.5,62.57,54,-93.73136139466195,195.49688731580278,306.0,3,2.54,2.54,18.0,139.0,0.0,0.0,18.0,139.0,0.3,0.0,29.041475620208722,31.13,176,TE54,LATE / WATCH,"[""Excellent durability profile"", ""Very high projection confidence"", ""High ceiling outcome""]","[""Limited recent fantasy production""]",No major hidden edge identified yet.,9,gsis_id,1,STARTER,2026-08-21 07:40:57+00:00
00-0041051,Zavion Thomas,WR,CHI,0.0,0.0,0.0,0.0,0.0,0.0,0.0,0.0,0.0,0.0,0.0,0.0,0.0,0.0,0.0,0.0,0.0,0.0,0.0,0.0,0.0,0.0,0.0,0.0,0.0,0.0,0.0,0.0,0.0,0.0,0.0,0.0,0.0,ACT,0.0,2026.0,2026.0,CHI,89.0,True,False,,,,,,True,True,0.0,0.0,0.0,0.0,0.0,0.0,0.0,0.0,0.0,0.0,75.94,0.0,0.0,79.08,75.0,1.0,6.0,0.96,50.0,72.38,204.76,0.0,0.0,0.0,0.0,0.0,37.75,0.0,91.0,9.0,0.0,0.0,0.0,0.0,0.0,Very Low,10.333333333333334,1.0,1.0,204.76,0.9206666666666667,1.0,0.991,187.67738682031163,False,,,0.0,,0.0,,,False,False,,False,False,,,,,False,,,,1.0056,0.9996,1.0002,0.999,0.9992,186.8190653066667,0.999,187.67738682031163,0.0,0.0,1.0,0.8583215136449382,157.83668231588206,217.51809132474114,81.85,58.78,50,-15.051648214221728,202.72903503453335,157.0,4,1.33,1.33,24.5,236.0,0.0,0.0,24.5,236.0,0.14,0.0,40.744913969127104,31.04,177,WR50,LATE / WATCH,"[""Excellent durability profile"", ""High ceiling outcome""]","[""Limited recent fantasy production"", ""Limited projected opportunity""]",No major hidden edge identified yet.,10,gsis_id,5,DEEP_DEPTH,2026-08-21 07:40:57+00:00
00-0034869,Sam Darnold,QB,SEA,17.0,323.0,477.0,4048.0,25.0,14.0,35.0,95.0,0.0,0.0,0.0,0.0,0.0,0.0,0.0,0.0,0.0,235.42,2.0,0.0,0.0,0.0,0.0,0.0,0.0,0.0,0.0,12.0,4.0,0.0,0.0,0.0,0.0,ACT,8.0,2018.0,2018.0,NYJ,3.0,False,False,,,,,,True,True,95.0,25.0,0.0,0.0,2.7142857142857144,0.0,0.0,13.848235294117647,325.42,19.142352941176473,50.0,35.0,9.298,50.0,50.0,1.0,0.0,1.0,50.0,50.0,0.0,0.0,2.0588235294117645,28.058823529411764,5.588235294117647,0.0,43.75,43.75,89.8,10.2,0.0,0.0,0.0,0.0,5.2,Very Low,60.357142857142854,1.0,1.0,325.42,1.0207142857142857,1.0,0.9898,328.77280226000005,False,,,0.0,,0.0,,,False,False,,False,False,,,,,False,,,,1.0,1.0,1.0,1.0001,1.0001,328.77280226000005,1.0,328.77280226000005,0.0,0.0,1.0,0.0,276.103399337948,381.442205182052,96.43,76.11,20,-49.53415296317024,378.3069552231703,32.0,2,1.82,1.82,22.5,61.0,28.97,28.97,22.5,61.0,22.72,0.0,0.0,30.94,178,QB20,LATE / WATCH,"[""Strong fantasy production"", ""Strong durability profile"", ""Very high projection confidence"", ""High ceiling outcome""]",[],No major hidden edge identified yet.,11,gsis_id,1,STARTER,2026-08-21 07:40:57+00:00
00-0036924,Michael Carter,RB,TEN,13.0,0.0,0.0,0.0,0.0,0.0,92.0,333.0,1.0,33.0,45.0,267.0,0.0,75.0,0.09174163194029601,0.015365919928632683,0.14836859186048687,99.0,0.0,0.0,0.0,0.0,0.0,0.0,0.0,0.0,0.0,0.0,0.0,0.0,0.0,0.0,0.0,ACT,5.0,2021.0,2021.0,NYJ,107.0,False,False,,,,,,True,True,600.0,1.0,0.7333333333333333,5.933333333333334,3.619565217391304,8.090909090909092,1.6666666666666667,7.615384615384615,99.00000000000001,7.615384615384617,50.0,125.0,0.792,50.0,50.0,1.0,0.0,1.0,50.0,50.0,0.0,3.4615384615384617,7.076923076923077,0.0,25.615384615384617,0.07692307692307693,60.0,0.0,88.0,12.0,0.0,0.0,0.0,0.0,0.0,Very Low,73.4965034965035,1.0,1.0,129.46153846153848,1.0469930069930071,1.0,0.988,134.186731593315,False,,,0.0,,0.0,,,False,False,,False,False,,,,,False,,,,1.0014,0.9985,1.0006,1.0004,1.0003,133.9187815384616,1.0006,134.186731593315,0.0,0.0,1.0,0.26795005485340084,112.44848107519796,155.924982111432,88.8,63.29,62,-75.03392996275772,209.2206615560727,246.0,4,3.1,3.1,24.5,137.0,0.0,0.0,24.5,137.0,0.24,0.0,30.824305287011477,30.89,179,RB62,LATE / WATCH,"[""Strong durability profile"", ""High ceiling outcome""]","[""Limited recent fantasy production""]",No major hidden edge identified yet.,9,gsis_id,4,DEEP_DEPTH,2026-08-21 07:40:57+00:00
00-0040705,Chimere Dike,WR,TEN,17.0,0.0,0.0,0.0,0.0,0.0,11.0,18.0,0.0,48.0,74.0,423.0,4.0,599.0,0.13897943400616397,0.14905610482006662,0.3128084243832926,128.1,0.0,0.0,0.0,0.0,0.0,0.0,0.0,0.0,0.0,0.0,0.0,0.0,0.0,0.0,0.0,ACT,1.0,2025.0,2025.0,TEN,103.0,False,False,,,,,,True,True,441.0,4.0,0.6486486486486487,5.716216216216216,1.6363636363636365,8.8125,8.094594594594595,7.535294117647059,116.1,6.829411764705882,50.0,59.0,1.968,50.0,50.0,1.0,0.0,1.0,50.0,50.0,0.0,4.352941176470588,0.6470588235294118,0.0,1.0588235294117647,0.0,82.42708333333333,0.0,91.0,9.0,0.0,0.0,0.0,0.0,0.0,Very Low,70.33333333333334,1.0,1.0,116.1,1.0406666666666666,1.0,0.991,122.47699377552657,False,,,0.0,,0.0,,,False,False,,False,False,,,,,False,,,,1.0225,0.9985,1.0006,1.0004,1.0003,119.73400739999998,1.0004,122.47699377552657,0.0,0.0,1.0,2.742986375526584,103.00315176521784,141.95083578583527,96.85,63.46,101,-80.25204125900679,202.72903503453335,268.0,4,1.56,1.56,24.5,236.0,0.0,0.0,24.5,236.0,0.14,0.0,26.589855384969923,30.88,180,WR101,LATE / WATCH,"[""Adds meaningful rushing production"", ""Excellent durability profile"", ""Very high projection confidence"", ""High ceiling outcome""]","[""Limited recent fantasy production""]",Rushing usage creates additional fantasy scoring paths.,9,gsis_id,4,DEEP_DEPTH,2026-08-21 07:40:57+00:00
00-0035710,Daniel Jones,QB,IND,13.0,261.0,384.0,3101.0,19.0,8.0,45.0,164.0,5.0,0.0,0.0,0.0,0.0,0.0,0.0,0.0,0.0,226.44,2.0,0.0,0.0,0.0,0.0,0.0,0.0,0.0,0.0,7.0,0.0,0.0,0.0,0.0,0.0,ACT,7.0,2019.0,2019.0,NYG,6.0,False,False,,,,,,True,True,164.0,24.0,0.0,0.0,3.6444444444444444,0.0,0.0,17.41846153846154,270.44,20.803076923076922,50.0,45.0,6.01,50.0,50.0,1.0,0.0,1.0,50.0,50.0,0.0,0.0,3.4615384615384617,29.53846153846154,12.615384615384615,0.38461538461538464,76.3095238095238,76.3095238095238,85.8,14.2,0.0,0.0,0.0,0.0,9.2,Very Low,72.14285714285714,1.0,1.0,353.65230769230766,1.0442857142857143,1.0,0.9858,362.6135140254488,False,,,0.0,,0.0,,,False,False,,False,False,,,,,False,,,,1.0,0.996,1.0015,1.0047,1.0039,364.06979319824177,0.996,362.6135140254488,0.0,0.0,1.0,-1.4562791727929607,303.0723750224701,422.15465302842745,88.03,78.89,13,-15.693441197721484,378.3069552231703,23.0,2,15.69,15.69,22.5,61.0,28.97,28.97,22.5,61.0,22.72,0.0,0.0,30.8,181,QB13,LATE / WATCH,"[""Elite fantasy production"", ""Above-average quarterback rushing floor"", ""Strong durability profile"", ""High ceiling outcome""]","[""Elevated rushing contact exposure""]",No major hidden edge identified yet.,13,gsis_id,1,STARTER,2026-08-21 07:40:57+00:00
00-0039163,C.J. Stroud,QB,HOU,14.0,273.0,423.0,3041.0,19.0,8.0,48.0,209.0,1.0,0.0,0.0,0.0,0.0,0.0,0.0,0.0,0.0,208.54,1.0,0.0,0.0,0.0,0.0,0.0,0.0,0.0,0.0,10.0,4.0,0.0,0.0,0.0,0.0,ACT,3.0,2023.0,2023.0,HOU,2.0,False,False,,,,,,True,True,209.0,20.0,0.0,0.0,4.354166666666667,0.0,0.0,14.895714285714286,274.53999999999996,19.609999999999996,50.0,48.0,5.72,50.0,50.0,1.0,0.0,1.0,50.0,50.0,0.0,0.0,3.4285714285714284,30.214285714285715,14.928571428571429,0.07142857142857142,67.97619047619047,67.97619047619047,86.8,13.2,0.0,0.0,0.0,0.0,8.2,Very Low,75.59523809523809,1.0,1.0,333.36999999999995,1.0511904761904762,1.0,0.9868,345.4638125540142,False,,,0.0,,0.0,,,False,False,,False,False,,,,,False,,,,1.0,0.999,1.0004,1.0008,1.0007,345.80962217619043,0.999,345.4638125540142,0.0,0.0,1.0,-0.3458096221762048,289.0841183451991,401.84350676282935,88.38,78.55,15,-32.843142669156066,378.3069552231703,26.0,2,0.39,0.39,22.5,61.0,28.97,28.97,22.5,61.0,22.72,0.0,0.0,30.75,182,QB15,LATE / WATCH,"[""Strong fantasy production"", ""Strong projected opportunity"", ""Above-average quarterback rushing floor"", ""Strong durability profile"", ""High ceiling outcome""]","[""Elevated rushing contact exposure""]",No major hidden edge identified yet.,8,gsis_id,1,STARTER,2026-08-21 07:40:57+00:00
00-0039738,Blake Corum,RB,LAR,17.0,0.0,0.0,0.0,0.0,0.0,145.0,746.0,6.0,8.0,14.0,36.0,0.0,25.0,0.022618906421810473,0.000961141454664838,0.034601158650981095,122.2,0.0,0.0,0.0,1.0,0.0,0.0,0.0,0.0,0.0,0.0,0.0,1.0,1.0,0.0,0.0,ACT,2.0,2024.0,2024.0,LAR,83.0,False,False,,,,,,True,True,782.0,6.0,0.5714285714285714,2.5714285714285716,5.144827586206897,4.5,1.7857142857142858,7.188235294117647,128.2,7.541176470588234,50.0,153.0,0.838,50.0,50.0,1.0,0.0,1.0,50.0,50.0,0.0,0.8235294117647058,8.529411764705882,0.0,43.88235294117647,0.35294117647058826,72.93706293706293,0.0,88.0,12.0,0.0,0.0,0.0,0.0,0.0,Very Low,59.93006993006992,1.0,1.0,128.2,1.01986013986014,1.0,0.988,129.1771170909091,False,,,0.0,,0.0,,,False,False,,False,False,,,,,False,,,,1.0,,,,,129.1771170909091,1.0,129.1771170909091,0.0,0.0,1.0,0.0,108.25042412218181,150.10381005963634,95.8,60.85,65,-80.04354446516362,209.2206615560727,255.0,4,2.52,2.52,24.5,137.0,0.0,0.0,24.5,137.0,0.24,0.0,29.676874410174207,30.75,183,RB65,LATE / WATCH,"[""Strong durability profile"", ""Very high projection confidence"", ""High ceiling outcome""]","[""Limited recent fantasy production""]",No major hidden edge identified yet.,11,gsis_id,2,BACKUP,2026-08-21 07:40:57+00:00
00-0037157,Bam Knight,RB,ARI,12.0,0.0,0.0,0.0,0.0,0.0,82.0,269.0,4.0,22.0,31.0,160.0,1.0,37.0,0.0633088327197155,0.00950970758260545,0.10162004438739708,92.9,0.0,0.0,0.0,0.0,0.0,0.0,0.0,0.0,0.0,0.0,0.0,0.0,0.0,0.0,0.0,ACT,4.0,2022.0,2022.0,,0.0,False,False,,,,,,True,True,429.0,5.0,0.7096774193548387,5.161290322580645,3.2804878048780486,7.2727272727272725,1.1935483870967742,7.741666666666667,94.9,7.908333333333334,50.0,104.0,0.913,50.0,50.0,1.0,0.0,1.0,50.0,50.0,0.0,2.5833333333333335,6.833333333333333,0.0,22.416666666666668,0.3333333333333333,62.69230769230769,0.0,88.0,12.0,0.0,0.0,0.0,0.0,0.0,Very Low,66.78321678321679,1.0,1.0,134.4416666666667,1.0335664335664336,1.0,0.988,137.28694121212126,False,,,0.0,,0.0,,,False,False,,False,False,,,,,False,,,,1.0,,,,,137.28694121212126,1.0,137.28694121212126,0.0,0.0,1.0,0.0,115.04645673575762,159.5274256884849,88.8,61.98,61,-71.93372034395145,209.2206615560727,236.0,4,2.11,2.11,24.5,137.0,0.0,0.0,24.5,137.0,0.24,0.0,31.53439510321946,30.71,184,RB61,LATE / WATCH,"[""Strong durability profile"", ""High ceiling outcome""]","[""Limited recent fantasy production""]",No major hidden edge identified yet.,14,gsis_id,5,DEEP_DEPTH,2026-08-21 07:40:57+00:00
00-0023459,Aaron Rodgers,QB,PIT,16.0,327.0,498.0,3322.0,24.0,7.0,21.0,61.0,1.0,1.0,1.0,-9.0,0.0,-9.0,0.001893939393939394,-0.0026533018867924527,0.0009835977701543742,227.08,0.0,0.0,0.0,0.0,0.0,0.0,0.0,0.0,0.0,7.0,3.0,0.0,0.0,0.0,0.0,ACT,21.0,2005.0,2005.0,GB,24.0,False,False,,,,,,True,True,52.0,25.0,1.0,-9.0,2.9047619047619047,-9.0,-9.0,14.1925,274.08,17.13,50.0,22.0,12.458,50.0,50.0,1.0,0.0,1.0,50.0,50.0,0.0,0.0625,1.3125,31.125,3.8125,0.0625,43.69047619047619,43.69047619047619,89.8,10.2,0.0,0.0,0.0,0.0,5.2,Very Low,66.3095238095238,1.0,1.0,291.21,1.0326190476190475,1.0,0.9898,297.16553431219194,False,,,0.0,,0.0,,,False,False,,False,False,,,,,False,,,,1.0,0.9984,1.0007,1.0019,1.0016,297.64176112999996,0.9984,297.16553431219194,0.0,0.0,1.0,-0.4762268178080262,249.55961571537878,344.77145290900506,96.43,75.07,26,-81.14142091097835,378.3069552231703,46.0,2,7.66,7.66,22.5,61.0,28.97,28.97,22.5,61.0,22.72,0.0,0.0,30.68,185,QB26,LATE / WATCH,"[""Strong fantasy production"", ""Strong durability profile"", ""Very high projection confidence"", ""High ceiling outcome""]",[],No major hidden edge identified yet.,9,gsis_id,1,STARTER,2026-08-21 07:40:57+00:00
00-0041029,Jordyn Tyson,WR,NO,0.0,0.0,0.0,0.0,0.0,0.0,0.0,0.0,0.0,0.0,0.0,0.0,0.0,0.0,0.0,0.0,0.0,0.0,0.0,0.0,0.0,0.0,0.0,0.0,0.0,0.0,0.0,0.0,0.0,0.0,0.0,0.0,0.0,ACT,0.0,2026.0,2026.0,NO,8.0,True,False,,,,,,True,True,0.0,0.0,0.0,0.0,0.0,0.0,0.0,0.0,0.0,0.0,98.09,0.0,0.0,86.83,75.0,1.0,6.0,0.96,50.0,84.18,228.36,0.0,0.0,0.0,0.0,0.0,37.75,0.0,91.0,9.0,0.0,0.0,0.0,0.0,0.0,Very Low,10.333333333333334,1.0,1.0,228.36,0.9206666666666667,1.0,0.991,147.07146991058823,True,Doubtful,Hamstring,0.85,UNKNOWN,0.85,,,False,False,D,True,False,D,Sleeper,5.0,Could miss first five games,False,https://www.reuters.com/sports/reports-saints-rookie-wr-jordyn-tyson-could-miss-2-months--flm-2026-08-18/,2026-08-18,Report says up to two months and specifically notes the first five games could be missed.,1.0,0.9991,1.0004,1.0011,1.0009,208.35124904000003,1.0,208.35124904000003,0.29411764705882354,0.29411764705882354,0.7058823529411764,-61.27977912941179,123.6871061948047,170.45583362637174,81.85,64.1,88,-55.65756512394512,202.72903503453335,224.0,4,0.05,0.05,24.5,236.0,0.0,0.0,24.5,236.0,0.14,0.0,31.929336242076484,30.61,186,WR88,LATE / WATCH,"[""Excellent durability profile"", ""High ceiling outcome""]","[""Limited recent fantasy production"", ""Limited projected opportunity""]",No major hidden edge identified yet.,8,gsis_id,2,BACKUP,2026-08-21 07:40:57+00:00
00-0039150,Bryce Young,QB,CAR,16.0,304.0,478.0,3011.0,23.0,11.0,54.0,216.0,2.0,0.0,0.0,0.0,0.0,0.0,0.0,0.0,0.0,218.04000000000002,2.0,1.0,0.0,0.0,0.0,0.0,0.0,0.0,0.0,4.0,1.0,0.0,0.0,0.0,0.0,ACT,3.0,2023.0,2023.0,CAR,1.0,False,False,,,,,,True,True,216.0,25.0,0.0,0.0,4.0,0.0,0.0,13.627500000000001,263.03999999999996,16.439999999999998,50.0,54.0,4.871,50.0,50.0,1.0,0.0,1.0,50.0,50.0,0.0,0.0,3.375,29.875,13.5,0.125,70.17857142857143,70.17857142857143,86.6,13.4,0.0,0.0,0.0,0.0,8.4,Very Low,73.57142857142857,1.0,1.0,279.47999999999996,1.0471428571428572,1.0,0.9866,288.5029150839497,False,,,0.0,,0.0,,,False,False,,False,False,,,,,False,,,,1.0,0.9992,1.0003,1.0003,1.0003,288.7339022057143,0.9992,288.5029150839497,0.0,0.0,1.0,-0.23098712176459912,241.3615387592323,335.6442914086671,95.31,75.05,30,-89.8040401392206,378.3069552231703,51.0,2,1.23,1.23,22.5,61.0,28.97,28.97,22.5,61.0,22.72,0.0,0.0,30.57,187,QB30,LATE / WATCH,"[""Strong fantasy production"", ""Above-average quarterback rushing floor"", ""Strong durability profile"", ""Very high projection confidence"", ""High ceiling outcome""]","[""Elevated rushing contact exposure""]",No major hidden edge identified yet.,5,gsis_id,1,STARTER,2026-08-21 07:40:57+00:00
00-0039066,Michael Mayer,TE,LV,13.0,0.0,0.0,0.0,0.0,0.0,0.0,0.0,0.0,35.0,50.0,328.0,1.0,240.0,0.13716569304386328,0.13076171399323216,0.2972817393610574,73.8,0.0,0.0,0.0,0.0,0.0,0.0,0.0,0.0,0.0,0.0,0.0,0.0,0.0,0.0,0.0,ACT,3.0,2023.0,2023.0,LV,35.0,False,False,,,,,,True,True,328.0,1.0,0.7,6.56,0.0,9.371428571428572,4.8,5.676923076923076,73.80000000000001,5.676923076923078,50.0,35.0,2.109,50.0,50.0,1.0,0.0,1.0,50.0,50.0,0.0,3.8461538461538463,0.0,0.0,0.0,0.0,0.0,0.0,90.0,10.0,0.0,0.0,0.0,0.0,0.0,Very Low,80.45774647887325,1.0,1.0,96.50769230769232,1.0609154929577465,1.0,0.99,101.42345848378115,False,,,0.0,,0.0,,,False,False,,False,False,,,,,False,,,,1.0,0.9994,1.0002,1.0007,1.0006,101.36264089924161,1.0006,101.42345848378115,0.0,0.0,1.0,0.06081758453953512,85.19570512637615,117.65121184118613,89.5,63.19,55,-94.07342883202163,195.49688731580278,308.0,3,0.34,0.34,18.0,139.0,0.0,0.0,18.0,139.0,0.3,0.0,28.943857659188733,30.57,188,TE55,LATE / WATCH,"[""Strong projected opportunity"", ""Excellent durability profile"", ""High ceiling outcome""]","[""Limited recent fantasy production""]",No major hidden edge identified yet.,13,gsis_id,2,BACKUP,2026-08-21 07:40:57+00:00
00-0041483,Eli Stowers,TE,PHI,0.0,0.0,0.0,0.0,0.0,0.0,0.0,0.0,0.0,0.0,0.0,0.0,0.0,0.0,0.0,0.0,0.0,0.0,0.0,0.0,0.0,0.0,0.0,0.0,0.0,0.0,0.0,0.0,0.0,0.0,0.0,0.0,0.0,ACT,0.0,2026.0,2026.0,PHI,54.0,True,False,,,,,,True,True,0.0,0.0,0.0,0.0,0.0,0.0,0.0,0.0,0.0,0.0,85.51,0.0,0.0,72.43,55.0,1.0,0.0,1.0,50.0,73.71,149.25,0.0,0.0,0.0,0.0,0.0,0.0,0.0,90.0,10.0,0.0,0.0,0.0,0.0,0.0,Very Low,11.232394366197182,1.0,1.0,149.25,0.9224647887323943,1.0,0.99,136.64204820031608,False,,,0.0,,0.0,,,False,False,,False,False,,,,,False,,,,1.001,0.9984,1.0007,1.0019,1.0015,136.30109102112675,1.0015,136.64204820031608,0.0,0.0,1.0,0.3409571791893313,114.77932048826551,158.50477591236665,81.5,58.28,29,-58.8548391154867,195.49688731580278,238.0,3,0.01,0.01,18.0,139.0,0.0,0.0,18.0,139.0,0.3,0.0,38.99441068658095,30.55,189,TE29,LATE / WATCH,"[""Excellent durability profile"", ""High ceiling outcome""]","[""Limited recent fantasy production"", ""Limited projected opportunity""]",No major hidden edge identified yet.,10,gsis_id,2,BACKUP,2026-08-21 07:40:57+00:00
00-0034829,Mike Gesicki,TE,CIN,12.0,0.0,0.0,0.0,0.0,0.0,0.0,0.0,0.0,28.0,42.0,307.0,2.0,418.0,0.10343074985386352,0.13106222968674006,0.24688968556151333,70.7,0.0,0.0,0.0,0.0,0.0,0.0,0.0,0.0,0.0,0.0,0.0,0.0,0.0,0.0,0.0,ACT,8.0,2018.0,2018.0,MIA,42.0,False,False,,,,,,True,True,307.0,2.0,0.6666666666666666,7.309523809523809,0.0,10.964285714285714,9.952380952380953,5.891666666666667,70.7,5.891666666666667,50.0,28.0,2.525,50.0,50.0,1.0,0.0,1.0,50.0,50.0,0.0,3.5,0.0,0.0,0.0,0.0,0.0,0.0,90.0,10.0,0.0,0.0,0.0,0.0,0.0,Very Low,75.98591549295774,1.0,1.0,100.15833333333333,1.0519718309859156,1.0,0.99,104.31010785211268,False,,,0.0,,0.0,,,False,False,,False,False,,,,,False,,,,1.0,,,,,104.31010785211268,1.0,104.31010785211268,0.0,0.0,1.0,0.0,87.62049059577464,120.9997251084507,89.5,62.34,53,-91.1867794636901,195.49688731580278,300.0,3,1.05,1.05,18.0,139.0,0.0,0.0,18.0,139.0,0.3,0.0,29.76763915587607,30.52,190,TE53,LATE / WATCH,"[""Strong projected opportunity"", ""Excellent durability profile"", ""High ceiling outcome""]","[""Limited recent fantasy production""]",No major hidden edge identified yet.,6,gsis_id,1,STARTER,2026-08-21 07:40:57+00:00
00-0037263,Tyler Allgeier,RB,ARI,17.0,0.0,0.0,0.0,0.0,0.0,143.0,514.0,8.0,14.0,16.0,96.0,0.0,-26.0,0.032136053863616426,-0.00674174760287622,0.043484857473411284,123.0,0.0,0.0,0.0,0.0,0.0,0.0,0.0,0.0,0.0,0.0,0.0,0.0,0.0,0.0,0.0,ACT,4.0,2022.0,2022.0,ATL,151.0,False,False,,,,,,True,True,610.0,8.0,0.875,6.0,3.5944055944055946,6.857142857142857,-1.625,7.235294117647059,123.0,7.235294117647059,50.0,157.0,0.783,50.0,50.0,1.0,0.0,1.0,50.0,50.0,0.0,0.9411764705882353,8.411764705882353,0.0,30.235294117647058,0.47058823529411764,71.32867132867133,0.0,88.0,12.0,0.0,0.0,0.0,0.0,0.0,Very Low,61.15384615384615,1.0,1.0,123.0,1.0223076923076924,1.0,0.988,124.23492,False,,,0.0,,0.0,,,False,False,,False,False,,,,,False,,,,1.0,,,,,124.23492,1.0,124.23492,0.0,0.0,1.0,0.0,104.10886296,144.36097704,95.8,60.77,66,-84.98574155607271,209.2206615560727,265.0,4,4.94,4.94,24.5,137.0,0.0,0.0,24.5,137.0,0.24,0.0,28.54488520445769,30.51,191,RB66,LATE / WATCH,"[""Strong durability profile"", ""Very high projection confidence"", ""High ceiling outcome""]","[""Limited recent fantasy production""]",No major hidden edge identified yet.,14,gsis_id,2,BACKUP,2026-08-21 07:40:57+00:00
00-0035535,Darius Slayton,WR,NYG,14.0,0.0,0.0,0.0,0.0,0.0,0.0,0.0,0.0,37.0,63.0,538.0,1.0,843.0,0.1546141393821414,0.24970863938951218,0.4067172566458706,98.80000000000001,0.0,0.0,0.0,0.0,0.0,0.0,0.0,0.0,0.0,0.0,0.0,0.0,0.0,1.0,0.0,ACT,7.0,2019.0,2019.0,NYG,171.0,False,False,,,,,,True,True,538.0,1.0,0.5873015873015873,8.53968253968254,0.0,14.54054054054054,13.380952380952381,7.057142857142858,96.80000000000001,6.9142857142857155,50.0,37.0,2.616,50.0,50.0,1.0,0.0,1.0,50.0,50.0,0.0,4.5,0.0,0.0,0.0,0.0,37.75,0.0,91.0,9.0,0.0,0.0,0.0,0.0,0.0,Very Low,76.5,1.0,1.0,117.54285714285716,1.053,1.0,0.991,126.04885642904291,False,,,0.0,,0.0,,,False,False,,False,False,,,,,False,,,,1.0261,0.9987,1.0005,1.0015,1.0013,122.65867491428573,1.0015,126.04885642904291,0.0,0.0,1.0,3.390181514757188,106.00708825682509,146.0906246012607,89.85,64.06,99,-76.68017860549044,202.72903503453335,262.0,4,2.33,2.33,24.5,236.0,0.0,0.0,24.5,236.0,0.14,0.0,27.365309684461003,30.49,192,WR99,LATE / WATCH,"[""Strong projected opportunity"", ""Excellent durability profile"", ""High ceiling outcome""]","[""Limited recent fantasy production""]",No major hidden edge identified yet.,8,gsis_id,2,BACKUP,2026-08-21 07:40:57+00:00
00-0039890,Adonai Mitchell,WR,NYJ,16.0,0.0,0.0,0.0,0.0,0.0,1.0,-4.0,0.0,33.0,74.0,453.0,2.0,1102.0,0.15344955067738858,0.3028932903334916,0.442199629249527,87.9,0.0,0.0,0.0,0.0,0.0,0.0,1.0,0.0,0.0,0.0,0.0,0.0,0.0,2.0,1.0,ACT,2.0,2024.0,2024.0,IND,52.0,False,False,,,,,,True,True,449.0,2.0,0.44594594594594594,6.121621621621622,-4.0,13.727272727272727,14.891891891891891,5.49375,95.9,5.99375,50.0,34.0,2.821,50.0,50.0,1.0,0.0,1.0,50.0,50.0,0.0,4.625,0.0625,0.0,-0.25,0.0,40.95833333333334,0.0,91.0,9.0,0.0,0.0,0.0,0.0,0.0,Very Low,78.14583333333334,1.0,1.0,101.89375000000001,1.0562916666666666,1.0,0.991,107.70759842199878,False,,,0.0,,0.0,,,False,False,,False,False,,,,,False,,,,1.0081,0.9986,1.0006,1.0017,1.0014,106.66085333932293,1.0017,107.70759842199878,0.0,0.0,1.0,1.046745082675855,90.58209027290097,124.83310657109656,96.85,64.36,109,-95.02143661253457,202.72903503453335,292.0,4,0.49,0.49,24.5,236.0,0.0,0.0,24.5,236.0,0.14,0.0,23.383407590427275,30.47,193,WR109,LATE / WATCH,"[""Strong projected opportunity"", ""Excellent durability profile"", ""Very high projection confidence"", ""High ceiling outcome""]","[""Limited recent fantasy production""]",No major hidden edge identified yet.,13,gsis_id,2,BACKUP,2026-08-21 07:40:57+00:00
00-0041503,Nate Boerkircher,TE,JAX,0.0,0.0,0.0,0.0,0.0,0.0,0.0,0.0,0.0,0.0,0.0,0.0,0.0,0.0,0.0,0.0,0.0,0.0,0.0,0.0,0.0,0.0,0.0,0.0,0.0,0.0,0.0,0.0,0.0,0.0,0.0,0.0,0.0,ACT,0.0,2026.0,2026.0,JAX,56.0,True,False,,,,,,True,True,0.0,0.0,0.0,0.0,0.0,0.0,0.0,0.0,0.0,0.0,84.96,0.0,0.0,72.24,55.0,1.0,0.0,1.0,50.0,73.4,148.77,0.0,0.0,0.0,0.0,0.0,0.0,0.0,90.0,10.0,0.0,0.0,0.0,0.0,0.0,Very Low,11.232394366197182,1.0,1.0,148.77,0.9224647887323943,1.0,0.99,135.91708084782252,False,,,0.0,,0.0,,,False,False,,False,False,,,,,False,,,,1.0,0.9996,1.0002,1.0005,1.0004,135.86273575352112,1.0004,135.91708084782252,0.0,0.0,1.0,0.05434509430139656,114.17034791217091,157.6638137834741,81.5,58.0,30,-59.57980646798026,195.49688731580278,239.0,3,0.72,0.72,18.0,139.0,0.0,0.0,18.0,139.0,0.3,0.0,38.78752214055993,30.44,194,TE30,LATE / WATCH,"[""Excellent durability profile"", ""High ceiling outcome""]","[""Limited recent fantasy production"", ""Limited projected opportunity""]",No major hidden edge identified yet.,7,gsis_id,2,BACKUP,2026-08-21 07:40:57+00:00
00-0036309,Darnell Mooney,WR,NYG,15.0,0.0,0.0,0.0,0.0,0.0,0.0,0.0,0.0,32.0,72.0,443.0,1.0,1019.0,0.16215341769605954,0.2797852626274233,0.4390798103832856,82.3,0.0,0.0,0.0,0.0,0.0,0.0,0.0,0.0,0.0,0.0,0.0,0.0,0.0,1.0,1.0,ACT,6.0,2020.0,2020.0,CHI,173.0,False,False,,,,,,True,True,443.0,1.0,0.4444444444444444,6.152777777777778,0.0,13.84375,14.152777777777779,5.486666666666666,86.30000000000001,5.753333333333334,50.0,32.0,2.697,50.0,50.0,1.0,0.0,1.0,50.0,50.0,0.0,4.8,0.0,0.0,0.0,0.0,37.75,0.0,91.0,9.0,0.0,0.0,0.0,0.0,0.0,Very Low,78.91666666666667,1.0,1.0,97.80666666666667,1.0578333333333334,1.0,0.991,105.3658807337114,False,,,0.0,,0.0,,,False,False,,False,False,,,,,False,,,,1.0261,0.9987,1.0005,1.0015,1.0013,102.53198385222224,1.0015,105.3658807337114,0.0,0.0,1.0,2.833896881489167,88.6127056970513,122.1190557703715,96.85,64.25,112,-97.36315430082195,202.72903503453335,296.0,4,0.61,0.61,24.5,236.0,0.0,0.0,24.5,236.0,0.14,0.0,22.87501876764063,30.34,195,WR112,LATE / WATCH,"[""Strong projected opportunity"", ""Excellent durability profile"", ""Very high projection confidence"", ""High ceiling outcome""]","[""Limited recent fantasy production""]",No major hidden edge identified yet.,8,gsis_id,4,DEEP_DEPTH,2026-08-21 07:40:57+00:00
00-0035644,Noah Fant,TE,NO,13.0,0.0,0.0,0.0,0.0,0.0,0.0,0.0,0.0,34.0,41.0,288.0,3.0,137.0,0.09154413371330539,0.036679122631039604,0.1629915864116858,74.8,0.0,0.0,0.0,0.0,0.0,0.0,0.0,0.0,0.0,0.0,0.0,0.0,0.0,0.0,0.0,ACT,7.0,2019.0,2019.0,DEN,20.0,False,False,,,,,,True,True,288.0,3.0,0.8292682926829268,7.024390243902439,0.0,8.470588235294118,3.341463414634146,5.753846153846154,80.8,6.2153846153846155,50.0,34.0,2.376,50.0,50.0,1.0,0.0,1.0,50.0,50.0,0.0,3.1538461538461537,0.0,0.0,0.0,0.0,0.0,0.0,90.0,10.0,0.0,0.0,0.0,0.0,0.0,Very Low,67.67605633802818,1.0,1.0,105.66153846153847,1.0353521126760563,1.0,0.99,108.40040073930227,False,,,0.0,,0.0,,,False,False,,False,False,,,,,False,,,,1.0,0.9991,1.0004,1.0011,1.0009,108.30292810400867,1.0009,108.40040073930227,0.0,0.0,1.0,0.09747263529359884,91.0563366210139,125.74446485759063,89.5,60.67,50,-87.09648657650051,195.49688731580278,289.0,3,2.21,2.21,18.0,139.0,0.0,0.0,18.0,139.0,0.3,0.0,30.934912061780174,30.33,196,TE50,LATE / WATCH,"[""Excellent durability profile"", ""High ceiling outcome""]","[""Limited recent fantasy production""]",No major hidden edge identified yet.,8,gsis_id,2,BACKUP,2026-08-21 07:40:57+00:00
00-0041472,Marlin Klein,TE,HOU,0.0,0.0,0.0,0.0,0.0,0.0,0.0,0.0,0.0,0.0,0.0,0.0,0.0,0.0,0.0,0.0,0.0,0.0,0.0,0.0,0.0,0.0,0.0,0.0,0.0,0.0,0.0,0.0,0.0,0.0,0.0,0.0,0.0,ACT,0.0,2026.0,2026.0,HOU,59.0,True,False,,,,,,True,True,0.0,0.0,0.0,0.0,0.0,0.0,0.0,0.0,0.0,0.0,84.14,0.0,0.0,71.95,55.0,1.0,0.0,1.0,50.0,72.95,148.07,0.0,0.0,0.0,0.0,0.0,0.0,0.0,90.0,10.0,0.0,0.0,0.0,0.0,0.0,Very Low,11.232394366197182,1.0,1.0,148.07,0.9224647887323943,1.0,0.99,135.45344220637028,False,,,0.0,,0.0,,,False,False,,False,False,,,,,False,,,,1.001,0.999,1.0004,1.0008,1.0007,135.22346765492958,1.0007,135.45344220637028,0.0,0.0,1.0,0.229974551440705,113.78089145335103,157.12599295938952,81.5,57.64,32,-60.0434451094325,195.49688731580278,242.0,3,0.14,0.14,18.0,139.0,0.0,0.0,18.0,139.0,0.3,0.0,38.65521063152537,30.32,197,TE32,LATE / WATCH,"[""Excellent durability profile"", ""High ceiling outcome""]","[""Limited recent fantasy production"", ""Limited projected opportunity""]",No major hidden edge identified yet.,8,gsis_id,5,DEEP_DEPTH,2026-08-21 07:40:57+00:00
00-0039880,Malik Washington,WR,MIA,17.0,0.0,0.0,0.0,0.0,0.0,17.0,110.0,1.0,46.0,65.0,317.0,3.0,337.0,0.14419246062768662,0.10523969812995097,0.2899564796324956,116.7,0.0,0.0,0.0,0.0,0.0,0.0,0.0,0.0,0.0,0.0,0.0,0.0,0.0,0.0,0.0,ACT,2.0,2024.0,2024.0,MIA,184.0,False,False,,,,,,True,True,427.0,4.0,0.7076923076923077,4.876923076923077,6.470588235294118,6.891304347826087,5.184615384615385,6.864705882352942,112.7,6.629411764705883,50.0,63.0,1.789,50.0,50.0,1.0,0.0,1.0,50.0,50.0,0.0,3.823529411764706,1.0,0.0,6.470588235294118,0.058823529411764705,98.26041666666667,0.0,91.0,9.0,0.0,0.0,0.0,0.0,0.0,Very Low,66.66666666666667,1.0,1.0,112.7,1.0333333333333334,1.0,0.991,116.10046674053591,False,,,0.0,,0.0,,,False,False,,False,False,,,,,False,,,,1.0067,0.9994,1.0003,0.9993,0.9994,115.40855666666668,0.9993,116.10046674053591,0.0,0.0,1.0,0.6919100738692237,97.64049252879069,134.56044095228108,96.85,62.29,105,-86.62856829399745,202.72903503453335,276.0,4,1.55,1.55,24.5,236.0,0.0,0.0,24.5,236.0,0.14,0.0,25.20550615747743,30.31,198,WR105,LATE / WATCH,"[""Hybrid rushing role adds extra fantasy upside"", ""Excellent durability profile"", ""Very high projection confidence"", ""High ceiling outcome""]","[""Limited recent fantasy production""]",Rushing usage creates additional fantasy scoring paths.,6,gsis_id,1,STARTER,2026-08-21 07:40:57+00:00
00-0041081,Max Bredeson,RB,MIN,0.0,0.0,0.0,0.0,0.0,0.0,0.0,0.0,0.0,0.0,0.0,0.0,0.0,0.0,0.0,0.0,0.0,0.0,0.0,0.0,0.0,0.0,0.0,0.0,0.0,0.0,0.0,0.0,0.0,0.0,0.0,0.0,0.0,ACT,0.0,2026.0,2026.0,MIN,159.0,True,False,,,,,,True,True,0.0,0.0,0.0,0.0,0.0,0.0,0.0,0.0,0.0,0.0,56.8,0.0,0.0,77.38,85.0,1.0,0.0,1.0,50.0,68.27,220.19,0.0,0.0,0.0,0.0,0.0,11.433566433566433,0.0,88.0,12.0,0.0,0.0,0.0,0.0,0.0,Very Low,9.44055944055944,1.0,1.0,220.19,0.9188811188811189,1.0,0.988,199.90049236363637,False,,,0.0,,0.0,,,False,False,,False,False,,,,,False,,,,1.0,1.0,1.0,0.9998,0.9999,199.90049236363637,1.0,199.90049236363637,0.0,0.0,1.0,0.0,167.51661260072729,232.28437212654546,80.8,51.91,35,-9.320169192436339,209.2206615560727,134.0,4,9.32,9.32,24.5,137.0,0.0,0.0,24.5,137.0,0.24,0.0,45.875762460962136,30.26,199,RB35,LATE / WATCH,"[""Strong durability profile"", ""High ceiling outcome""]","[""Limited recent fantasy production"", ""Limited projected opportunity""]",No major hidden edge identified yet.,6,gsis_id,1,STARTER,2026-08-21 07:40:57+00:00
00-0041510,Max Klare,TE,LAR,0.0,0.0,0.0,0.0,0.0,0.0,0.0,0.0,0.0,0.0,0.0,0.0,0.0,0.0,0.0,0.0,0.0,0.0,0.0,0.0,0.0,0.0,0.0,0.0,0.0,0.0,0.0,0.0,0.0,0.0,0.0,0.0,0.0,ACT,0.0,2026.0,2026.0,LAR,61.0,True,False,,,,,,True,True,0.0,0.0,0.0,0.0,0.0,0.0,0.0,0.0,0.0,0.0,83.59,0.0,0.0,71.76,55.0,1.0,0.0,1.0,50.0,72.64,147.59,0.0,0.0,0.0,0.0,0.0,0.0,0.0,90.0,10.0,0.0,0.0,0.0,0.0,0.0,Very Low,11.232394366197182,1.0,1.0,147.59,0.9224647887323943,1.0,0.99,134.78511238732395,False,,,0.0,,0.0,,,False,False,,False,False,,,,,False,,,,1.0,,,,,134.78511238732395,1.0,134.78511238732395,0.0,0.0,1.0,0.0,113.21949440535211,156.35073036929577,81.5,57.38,34,-60.71177492847883,195.49688731580278,245.0,3,0.12,0.12,18.0,139.0,0.0,0.0,18.0,139.0,0.3,0.0,38.46448509878324,30.22,200,TE34,LATE / WATCH,"[""Excellent durability profile"", ""High ceiling outcome""]","[""Limited recent fantasy production"", ""Limited projected opportunity""]",No major hidden edge identified yet.,11,gsis_id,4,DEEP_DEPTH,2026-08-21 07:40:57+00:00
00-0038558,Darnell Washington,TE,PIT,13.0,0.0,0.0,0.0,0.0,0.0,0.0,0.0,0.0,31.0,43.0,364.0,1.0,242.0,0.11201615361500615,0.11862028063171498,0.2510584268647097,73.4,0.0,0.0,0.0,0.0,0.0,0.0,0.0,0.0,0.0,0.0,0.0,0.0,0.0,0.0,0.0,ACT,3.0,2023.0,2023.0,PIT,93.0,False,False,,,,,,True,True,364.0,1.0,0.7209302325581395,8.465116279069768,0.0,11.741935483870968,5.627906976744186,5.6461538461538465,73.4,5.6461538461538465,50.0,31.0,2.368,50.0,50.0,1.0,0.0,1.0,50.0,50.0,0.0,3.3076923076923075,0.0,0.0,0.0,0.0,0.0,0.0,90.0,10.0,0.0,0.0,0.0,0.0,0.0,Very Low,75.98591549295774,1.0,1.0,95.9846153846154,1.0519718309859156,1.0,0.99,100.12332188546915,False,,,0.0,,0.0,,,False,False,,False,False,,,,,False,,,,1.0,0.9984,1.0007,1.0019,1.0016,99.96338047670642,1.0016,100.12332188546915,0.0,0.0,1.0,0.15994140876273377,84.10359038379409,116.1430533871442,89.5,62.03,57,-95.37356543033363,195.49688731580278,311.0,3,0.3,0.3,18.0,139.0,0.0,0.0,18.0,139.0,0.3,0.0,28.572829405946294,30.2,201,TE57,LATE / WATCH,"[""Strong projected opportunity"", ""Excellent durability profile"", ""High ceiling outcome""]","[""Limited recent fantasy production""]",No major hidden edge identified yet.,9,gsis_id,2,BACKUP,2026-08-21 07:40:57+00:00
00-0041013,Emmett Johnson,RB,KC,0.0,0.0,0.0,0.0,0.0,0.0,0.0,0.0,0.0,0.0,0.0,0.0,0.0,0.0,0.0,0.0,0.0,0.0,0.0,0.0,0.0,0.0,0.0,0.0,0.0,0.0,0.0,0.0,0.0,0.0,0.0,0.0,0.0,ACT,0.0,2026.0,2026.0,KC,161.0,True,False,,,,,,True,True,0.0,0.0,0.0,0.0,0.0,0.0,0.0,0.0,0.0,0.0,56.25,0.0,0.0,77.19,85.0,1.0,0.0,1.0,50.0,67.97,219.53,0.0,0.0,0.0,0.0,0.0,11.433566433566433,0.0,88.0,12.0,0.0,0.0,0.0,0.0,0.0,Very Low,9.44055944055944,1.0,1.0,219.53,0.9188811188811189,1.0,0.988,199.36109875614545,False,,,0.0,,0.0,,,False,False,,False,False,,,,,False,,,,1.0,0.9993,1.0003,0.9968,0.9973,199.30130836363637,1.0003,199.36109875614545,0.0,0.0,1.0,0.05979039250908613,167.06460075764988,231.657596754641,80.8,51.65,36,-9.85956279992726,209.2206615560727,135.0,4,0.54,0.54,24.5,137.0,0.0,0.0,24.5,137.0,0.24,0.0,45.75221665125832,30.17,202,RB36,LATE / WATCH,"[""Strong durability profile"", ""High ceiling outcome""]","[""Limited recent fantasy production"", ""Limited projected opportunity""]",No major hidden edge identified yet.,5,gsis_id,3,DEPTH,2026-08-21 07:40:57+00:00
00-0041525,Chris Bell,WR,MIA,0.0,0.0,0.0,0.0,0.0,0.0,0.0,0.0,0.0,0.0,0.0,0.0,0.0,0.0,0.0,0.0,0.0,0.0,0.0,0.0,0.0,0.0,0.0,0.0,0.0,0.0,0.0,0.0,0.0,0.0,0.0,0.0,0.0,ACT,0.0,2026.0,2026.0,MIA,94.0,True,False,,,,,,True,True,0.0,0.0,0.0,0.0,0.0,0.0,0.0,0.0,0.0,0.0,74.57,0.0,0.0,78.6,75.0,1.0,6.0,0.96,50.0,71.65,203.3,0.0,0.0,0.0,0.0,0.0,37.75,0.0,91.0,9.0,0.0,0.0,0.0,0.0,0.0,Very Low,10.333333333333334,1.0,1.0,203.3,0.9206666666666667,1.0,0.991,175.34786261406438,True,Questionable,Knee - ACL,0.45,UNKNOWN,0.45,,,False,False,D,False,False,D,Sleeper,,,False,,,,1.0,0.9994,1.0003,0.9993,0.9994,185.48698953333337,0.9993,185.35714864066003,0.054,0.0,0.946,-10.139126919268989,147.46755245842814,203.2281727697006,81.85,57.24,65,-27.38117242046897,202.72903503453335,182.0,4,0.59,0.59,24.5,236.0,0.0,0.0,24.5,236.0,0.14,0.0,38.06816419348794,30.12,203,WR65,LATE / WATCH,"[""Excellent durability profile"", ""High ceiling outcome""]","[""Limited recent fantasy production"", ""Limited projected opportunity""]",No major hidden edge identified yet.,6,gsis_id,5,DEEP_DEPTH,2026-08-21 07:40:57+00:00
00-0039342,Xavier Legette,WR,CAR,15.0,0.0,0.0,0.0,0.0,0.0,1.0,0.0,0.0,35.0,64.0,363.0,3.0,633.0,0.14297009246791456,0.19689258901014836,0.3522799510089757,89.30000000000001,0.0,0.0,0.0,0.0,0.0,0.0,0.0,0.0,0.0,0.0,0.0,0.0,0.0,0.0,0.0,ACT,2.0,2024.0,2024.0,CAR,32.0,False,False,,,,,,True,True,363.0,3.0,0.546875,5.671875,0.0,10.371428571428572,9.890625,5.953333333333334,89.30000000000001,5.953333333333334,50.0,36.0,2.481,50.0,50.0,1.0,0.0,1.0,50.0,50.0,0.0,4.266666666666667,0.06666666666666667,0.0,0.0,0.0,53.96875,0.0,91.0,9.0,0.0,0.0,0.0,0.0,0.0,Very Low,72.95833333333333,1.0,1.0,101.20666666666668,1.0459166666666666,1.0,0.991,106.50651399777398,False,,,0.0,,0.0,,,False,False,,False,False,,,,,False,,,,1.015,0.9992,1.0003,1.0003,1.0003,104.90105578944444,1.0003,106.50651399777398,0.0,0.0,1.0,1.6054582083295372,89.57197827212791,123.44104972342002,96.85,63.02,110,-96.22252103675937,202.72903503453335,294.0,4,1.2,1.2,24.5,236.0,0.0,0.0,24.5,236.0,0.14,0.0,23.122651180910804,30.08,204,WR110,LATE / WATCH,"[""Excellent durability profile"", ""Very high projection confidence"", ""High ceiling outcome""]","[""Limited recent fantasy production""]",No major hidden edge identified yet.,5,gsis_id,3,DEPTH,2026-08-21 07:40:57+00:00
00-0040886,Nicholas Singleton,RB,TEN,0.0,0.0,0.0,0.0,0.0,0.0,0.0,0.0,0.0,0.0,0.0,0.0,0.0,0.0,0.0,0.0,0.0,0.0,0.0,0.0,0.0,0.0,0.0,0.0,0.0,0.0,0.0,0.0,0.0,0.0,0.0,0.0,0.0,ACT,0.0,2026.0,2026.0,TEN,165.0,True,False,,,,,,True,True,0.0,0.0,0.0,0.0,0.0,0.0,0.0,0.0,0.0,0.0,55.16,0.0,0.0,76.81,85.0,1.0,0.0,1.0,50.0,67.36,218.19,0.0,0.0,0.0,0.0,0.0,11.433566433566433,0.0,88.0,12.0,0.0,0.0,0.0,0.0,0.0,Very Low,9.44055944055944,1.0,1.0,218.19,0.9188811188811189,1.0,0.988,198.48111923049072,False,,,0.0,,0.0,,,False,False,,False,False,,,,,False,,,,1.0014,0.9985,1.0006,1.0004,1.0003,198.0847832727273,1.0006,198.48111923049072,0.0,0.0,1.0,0.39633595776342645,166.32717791515122,230.6350605458302,80.8,51.16,37,-10.739542325581994,209.2206615560727,136.0,4,0.88,0.88,24.5,137.0,0.0,0.0,24.5,137.0,0.24,0.0,45.55066108680602,30.0,205,RB37,LATE / WATCH,"[""Strong durability profile"", ""High ceiling outcome""]","[""Limited recent fantasy production"", ""Limited projected opportunity""]",No major hidden edge identified yet.,9,gsis_id,3,DEPTH,2026-08-21 07:40:57+00:00
00-0041397,Kaden Wetjen,WR,PIT,0.0,0.0,0.0,0.0,0.0,0.0,0.0,0.0,0.0,0.0,0.0,0.0,0.0,0.0,0.0,0.0,0.0,0.0,0.0,0.0,0.0,0.0,0.0,0.0,0.0,0.0,0.0,0.0,0.0,0.0,0.0,0.0,0.0,ACT,0.0,2026.0,2026.0,PIT,121.0,True,False,,,,,,True,True,0.0,0.0,0.0,0.0,0.0,0.0,0.0,0.0,0.0,0.0,67.19,0.0,0.0,76.02,75.0,1.0,6.0,0.96,50.0,67.72,195.44,0.0,0.0,0.0,0.0,0.0,37.75,0.0,91.0,9.0,0.0,0.0,0.0,0.0,0.0,Very Low,10.333333333333334,1.0,1.0,195.44,0.9206666666666667,1.0,0.991,184.31782421036482,False,,,0.0,,0.0,,,False,False,,False,False,,,,,False,,,,1.0317,0.9984,1.0007,1.0019,1.0016,178.31567749333337,1.0019,184.31782421036482,0.0,0.0,1.0,6.002146717031451,155.01129016091681,213.6243582598128,81.85,55.09,56,-18.411210824168535,202.72903503453335,164.0,4,0.93,0.93,24.5,236.0,0.0,0.0,24.5,236.0,0.14,0.0,40.01555018249661,29.97,206,WR56,LATE / WATCH,"[""Excellent durability profile"", ""High ceiling outcome""]","[""Limited recent fantasy production"", ""Limited projected opportunity""]",No major hidden edge identified yet.,9,gsis_id,6,DEEP_DEPTH,2026-08-21 07:40:57+00:00
00-0030565,Geno Smith,QB,NYJ,15.0,302.0,448.0,3025.0,19.0,17.0,41.0,109.0,0.0,0.0,0.0,0.0,0.0,0.0,0.0,0.0,0.0,173.9,1.0,0.0,0.0,0.0,0.0,0.0,0.0,0.0,0.0,3.0,2.0,0.0,0.0,0.0,0.0,ACT,13.0,2013.0,2013.0,NYJ,39.0,False,False,,,,,,True,True,109.0,19.0,0.0,0.0,2.658536585365854,0.0,0.0,11.593333333333334,212.9,14.193333333333333,50.0,41.0,5.193,50.0,50.0,1.0,0.0,1.0,50.0,50.0,0.0,0.0,2.7333333333333334,29.866666666666667,7.266666666666667,0.0,49.16666666666667,49.16666666666667,89.1,10.9,0.0,0.0,0.0,0.0,5.9,Very Low,70.59523809523809,1.0,1.0,241.28666666666666,1.0411904761904762,1.0,0.9891,248.139140898178,False,,,0.0,,0.0,,,False,False,,False,False,,,,,False,,,,1.0,0.9986,1.0006,1.0017,1.0014,248.48702272999998,0.9986,248.139140898178,0.0,0.0,1.0,-0.3478818318219794,208.21355312766116,288.0647286686948,96.185,72.23,35,-130.1678143249923,378.3069552231703,77.0,2,0.77,0.77,22.5,61.0,28.97,28.97,22.5,61.0,22.72,0.0,0.0,29.95,207,QB35,LATE / WATCH,"[""Strong durability profile"", ""Very high projection confidence"", ""High ceiling outcome""]",[],No major hidden edge identified yet.,13,gsis_id,1,STARTER,2026-08-21 07:40:57+00:00
00-0041550,Brenen Thompson,WR,LAC,0.0,0.0,0.0,0.0,0.0,0.0,0.0,0.0,0.0,0.0,0.0,0.0,0.0,0.0,0.0,0.0,0.0,0.0,0.0,0.0,0.0,0.0,0.0,0.0,0.0,0.0,0.0,0.0,0.0,0.0,0.0,0.0,0.0,RES,0.0,2026.0,2026.0,LAC,105.0,True,False,,,,,,True,True,0.0,0.0,0.0,0.0,0.0,0.0,0.0,0.0,0.0,0.0,71.56,0.0,0.0,62.55,75.0,1.0,6.0,0.96,50.0,65.73,191.46,0.0,0.0,0.0,0.0,0.0,37.75,0.0,91.0,9.0,0.0,0.0,0.0,0.0,0.0,Very Low,10.333333333333334,1.0,1.0,191.46,0.9206666666666667,1.0,0.991,176.6070208975112,False,,,0.0,,0.0,,,False,False,,False,False,,,,,False,,,,1.0104,0.9995,1.0002,1.0006,1.0005,174.68440244,1.0006,176.6070208975112,0.0,0.0,1.0,1.9226184575111915,148.52650457480692,204.68753722021546,81.85,56.17,63,-26.12201413702215,202.72903503453335,180.0,4,1.05,1.05,24.5,236.0,0.0,0.0,24.5,236.0,0.14,0.0,38.341528485274864,29.91,208,WR63,LATE / WATCH,"[""Excellent durability profile"", ""High ceiling outcome""]","[""Limited recent fantasy production"", ""Limited projected opportunity""]",No major hidden edge identified yet.,7,gsis_id,4,DEEP_DEPTH,2026-08-21 07:40:57+00:00
00-0040876,Elijah Sarratt,WR,BAL,0.0,0.0,0.0,0.0,0.0,0.0,0.0,0.0,0.0,0.0,0.0,0.0,0.0,0.0,0.0,0.0,0.0,0.0,0.0,0.0,0.0,0.0,0.0,0.0,0.0,0.0,0.0,0.0,0.0,0.0,0.0,0.0,0.0,ACT,0.0,2026.0,2026.0,BAL,115.0,True,False,,,,,,True,True,0.0,0.0,0.0,0.0,0.0,0.0,0.0,0.0,0.0,0.0,68.83,0.0,0.0,76.59,75.0,1.0,6.0,0.96,50.0,68.59,197.18,0.0,0.0,0.0,0.0,0.0,37.75,0.0,91.0,9.0,0.0,0.0,0.0,0.0,0.0,Very Low,10.333333333333334,1.0,1.0,197.18,0.9206666666666667,1.0,0.991,180.02907294981398,False,,,0.0,,0.0,,,False,False,,False,False,,,,,False,,,,1.0011,1.0,1.0,0.9996,0.9997,179.90321985333335,0.9996,180.02907294981398,0.0,0.0,1.0,0.12585309648062548,151.40445035079355,208.65369554883438,81.85,55.38,60,-22.699962084719374,202.72903503453335,172.0,4,0.72,0.72,24.5,236.0,0.0,0.0,24.5,236.0,0.14,0.0,39.08445878088073,29.86,209,WR60,LATE / WATCH,"[""Excellent durability profile"", ""High ceiling outcome""]","[""Limited recent fantasy production"", ""Limited projected opportunity""]",No major hidden edge identified yet.,13,gsis_id,5,DEEP_DEPTH,2026-08-21 07:40:57+00:00
00-0034796,Lamar Jackson,QB,BAL,13.0,192.0,302.0,2549.0,21.0,7.0,67.0,349.0,2.0,0.0,0.0,0.0,0.0,0.0,0.0,0.0,0.0,214.85999999999999,0.0,0.0,0.0,0.0,0.0,0.0,0.0,0.0,0.0,6.0,2.0,0.0,0.0,0.0,0.0,ACT,8.0,2018.0,2018.0,BAL,32.0,False,False,,,,,,True,True,349.0,23.0,0.0,0.0,5.208955223880597,0.0,0.0,16.527692307692305,257.86,19.835384615384616,50.0,67.0,3.849,50.0,50.0,1.0,0.0,1.0,50.0,50.0,0.0,0.0,5.153846153846154,23.23076923076923,26.846153846153847,0.15384615384615385,84.22619047619047,84.22619047619047,84.9,15.1,0.0,0.0,0.0,0.0,10.1,Low,63.45238095238096,1.0,1.0,337.20153846153846,1.026904761904762,1.0,0.9849,341.04513019769234,False,,,0.0,,0.0,,,False,False,,False,False,,,,,False,,,,1.0,1.0,1.0,0.9996,0.9997,341.04513019769234,1.0,341.04513019769234,0.0,0.0,1.0,0.0,284.7385792020533,397.3516811933313,87.715,75.23,17,-37.26182502547795,378.3069552231703,29.0,2,1.84,1.84,22.5,61.0,28.97,28.97,22.5,61.0,22.72,0.0,0.0,29.85,210,QB17,LATE / WATCH,"[""Strong fantasy production"", ""Above-average quarterback rushing floor"", ""Strong durability profile"", ""High ceiling outcome""]","[""Very high rushing contact exposure""]",Rushing usage creates additional fantasy scoring paths.,13,gsis_id,1,STARTER,2026-08-21 07:40:57+00:00
00-0038611,Chris Rodriguez Jr.,RB,JAX,12.0,0.0,0.0,0.0,0.0,0.0,112.0,500.0,6.0,3.0,4.0,30.0,0.0,16.0,0.013278046649190025,0.00348096929720035,0.02235374848182528,92.0,0.0,0.0,0.0,0.0,0.0,0.0,0.0,0.0,0.0,0.0,0.0,1.0,0.0,0.0,0.0,ACT,3.0,2023.0,2023.0,WAS,193.0,False,False,,,,,,True,True,530.0,6.0,0.75,7.5,4.464285714285714,10.0,4.0,7.666666666666667,92.0,7.666666666666667,50.0,115.0,0.8,50.0,50.0,1.0,0.0,1.0,50.0,50.0,0.0,0.3333333333333333,9.333333333333334,0.0,41.666666666666664,0.5,76.78321678321679,0.0,88.0,12.0,0.0,0.0,0.0,0.0,0.0,Very Low,58.28671328671329,1.0,1.0,130.33333333333334,1.0165734265734265,1.0,0.988,131.81998482994823,False,,,0.0,,0.0,,,False,False,,False,False,,,,,False,,,,1.0068,0.9996,1.0002,1.0005,1.0004,130.90348242424244,1.0002,131.81998482994823,0.0,0.0,1.0,0.9165024057057849,110.4651472874966,153.17482237239983,88.8,59.55,63,-77.40067672612449,209.2206615560727,251.0,4,2.37,2.37,24.5,137.0,0.0,0.0,24.5,137.0,0.24,0.0,30.282212015635512,29.85,211,RB63,LATE / WATCH,"[""Strong durability profile"", ""High ceiling outcome""]","[""Limited recent fantasy production""]",No major hidden edge identified yet.,7,gsis_id,2,BACKUP,2026-08-21 07:40:57+00:00
00-0038104,Tyquan Thornton,WR,KC,12.0,0.0,0.0,0.0,0.0,0.0,0.0,0.0,0.0,19.0,37.0,438.0,3.0,995.0,0.09029038925324066,0.2745210687225282,0.3276003319856307,80.8,0.0,0.0,0.0,0.0,0.0,0.0,0.0,0.0,0.0,0.0,0.0,0.0,0.0,2.0,1.0,ACT,4.0,2022.0,2022.0,NE,50.0,False,False,,,,,,True,True,438.0,3.0,0.5135135135135135,11.837837837837839,0.0,23.05263157894737,26.89189189189189,6.733333333333333,84.80000000000001,7.066666666666667,50.0,19.0,4.463,50.0,50.0,1.0,0.0,1.0,50.0,50.0,0.0,3.0833333333333335,0.0,0.0,0.0,0.0,37.75,0.0,91.0,9.0,0.0,0.0,0.0,0.0,0.0,Very Low,66.35416666666667,1.0,1.0,120.13333333333334,1.0327083333333333,1.0,0.991,124.03559027901387,False,,,0.0,,0.0,,,False,False,,False,False,,,,,False,,,,1.0121,0.9993,1.0003,0.9968,0.9973,122.94613019444445,0.9968,124.03559027901387,0.0,0.0,1.0,1.0894600845694242,104.31393142465066,143.75724913337706,89.85,61.72,100,-78.69344475551948,202.72903503453335,266.0,4,2.01,2.01,24.5,236.0,0.0,0.0,24.5,236.0,0.14,0.0,26.92822795890167,29.81,212,WR100,LATE / WATCH,"[""Excellent durability profile"", ""High ceiling outcome""]","[""Limited recent fantasy production""]",No major hidden edge identified yet.,5,gsis_id,3,DEPTH,2026-08-21 07:40:57+00:00
00-0037838,Isaiah Likely,TE,NYG,12.0,0.0,0.0,0.0,0.0,0.0,0.0,0.0,0.0,27.0,36.0,307.0,1.0,287.0,0.11997037649051716,0.12003379261315689,0.26397921956498555,61.7,0.0,0.0,0.0,0.0,0.0,0.0,0.0,0.0,0.0,0.0,0.0,0.0,0.0,1.0,0.0,ACT,4.0,2022.0,2022.0,BAL,139.0,False,False,,,,,,True,True,307.0,1.0,0.75,8.527777777777779,0.0,11.37037037037037,7.972222222222222,5.141666666666667,63.7,5.308333333333334,50.0,27.0,2.359,50.0,50.0,1.0,0.0,1.0,50.0,50.0,0.0,3.0,0.0,0.0,0.0,0.0,0.0,0.0,90.0,10.0,0.0,0.0,0.0,0.0,0.0,Very Low,76.42605633802816,1.0,1.0,90.24166666666667,1.0528521126760564,1.0,0.99,94.183297430934,False,,,0.0,,0.0,,,False,False,,False,False,,,,,False,,,,1.0,0.9987,1.0005,1.0015,1.0013,94.06101810739439,1.0013,94.183297430934,0.0,0.0,1.0,0.12227932353961535,79.11396984198456,109.25262501988344,89.5,61.72,58,-101.31358988486878,195.49688731580278,317.0,3,5.94,5.94,18.0,139.0,0.0,0.0,18.0,139.0,0.3,0.0,26.877686833662008,29.79,213,TE58,LATE / WATCH,"[""Strong projected opportunity"", ""Excellent durability profile"", ""High ceiling outcome""]","[""Limited recent fantasy production""]",No major hidden edge identified yet.,8,gsis_id,1,STARTER,2026-08-21 07:40:57+00:00
00-0035228,Kyler Murray,QB,MIN,5.0,110.0,161.0,962.0,6.0,3.0,29.0,173.0,1.0,0.0,0.0,0.0,0.0,0.0,0.0,0.0,0.0,77.78,0.0,0.0,0.0,0.0,0.0,0.0,0.0,0.0,0.0,2.0,0.0,0.0,0.0,0.0,0.0,ACT,7.0,2019.0,2019.0,ARI,1.0,False,False,,,,,,True,True,173.0,7.0,0.0,0.0,5.9655172413793105,0.0,0.0,15.556000000000001,90.78,18.156,50.0,29.0,3.13,50.0,50.0,1.0,0.0,1.0,50.0,50.0,0.0,0.0,5.8,32.2,34.6,0.2,89.58333333333333,89.58333333333333,84.2,15.8,0.0,0.0,0.0,0.0,10.8,Low,89.52380952380952,1.0,1.0,308.652,1.079047619047619,1.0,0.9842,327.78801246399996,False,,,0.0,,0.0,,,False,False,,False,False,,,,,False,,,,1.0,1.0,1.0,0.9998,0.9999,327.78801246399996,1.0,327.78801246399996,0.0,0.0,1.0,0.0,273.4407599974688,382.13526493053115,79.47,78.22,21,-50.51894275917033,378.3069552231703,34.0,2,0.98,0.98,22.5,61.0,28.97,28.97,22.5,61.0,22.72,0.0,0.0,29.77,214,QB21,LATE / WATCH,"[""Strong fantasy production"", ""Strong projected opportunity"", ""Elite quarterback rushing upside"", ""Strong durability profile"", ""High ceiling outcome""]","[""Very high rushing contact exposure""]",Rushing usage creates additional fantasy scoring paths.,6,gsis_id,1,STARTER,2026-08-21 07:40:57+00:00
00-0036290,Cole Kmet,TE,CHI,16.0,0.0,1.0,0.0,0.0,0.0,0.0,0.0,0.0,30.0,48.0,347.0,2.0,421.0,0.09575483769972233,0.09616480217109465,0.21094761806934975,78.7,0.0,0.0,0.0,0.0,0.0,0.0,0.0,0.0,0.0,0.0,0.0,0.0,0.0,0.0,0.0,ACT,6.0,2020.0,2020.0,CHI,43.0,False,False,,,,,,True,True,347.0,2.0,0.625,7.229166666666667,0.0,11.566666666666666,8.770833333333334,4.91875,76.7,4.79375,50.0,30.0,2.557,50.0,50.0,1.0,0.0,1.0,50.0,50.0,0.0,3.0,0.0,0.0625,0.0,0.0,0.0,0.0,90.0,10.0,0.0,0.0,0.0,0.0,0.0,Very Low,72.20070422535211,1.0,1.0,81.49375,1.0444014084507043,1.0,0.99,84.38730196488062,False,,,0.0,,0.0,,,False,False,,False,False,,,,,False,,,,1.0023,0.9996,1.0002,0.999,0.9992,84.26106540713029,0.9992,84.38730196488062,0.0,0.0,1.0,0.1262365577503317,70.88533365049972,97.88927027926151,96.5,61.06,64,-111.10958535092216,195.49688731580278,334.0,3,0.18,0.18,18.0,139.0,0.0,0.0,18.0,139.0,0.3,0.0,24.08214128001824,29.76,215,TE64,LATE / WATCH,"[""Excellent durability profile"", ""Very high projection confidence"", ""High ceiling outcome""]","[""Limited recent fantasy production""]",No major hidden edge identified yet.,10,gsis_id,2,BACKUP,2026-08-21 07:40:57+00:00
00-0040676,Cam Ward,QB,TEN,17.0,323.0,540.0,3169.0,15.0,7.0,39.0,159.0,2.0,0.0,0.0,0.0,0.0,0.0,0.0,0.0,0.0,186.66,0.0,0.0,0.0,0.0,0.0,0.0,0.0,0.0,0.0,3.0,1.0,0.0,0.0,0.0,0.0,ACT,1.0,2025.0,2025.0,TEN,1.0,False,False,,,,,,True,True,159.0,17.0,0.0,0.0,4.076923076923077,0.0,0.0,10.98,223.66,13.156470588235294,50.0,39.0,5.735,50.0,50.0,1.0,0.0,1.0,50.0,50.0,0.0,0.0,2.2941176470588234,31.764705882352942,9.352941176470589,0.11764705882352941,60.535714285714285,60.535714285714285,87.7,12.3,0.0,0.0,0.0,0.0,7.3,Very Low,75.11904761904762,1.0,1.0,223.66,1.0502380952380952,1.0,0.9877,231.6590179339517,False,,,0.0,,0.0,,,False,False,,False,False,,,,,False,,,,1.0,0.9985,1.0006,1.0004,1.0003,232.00702847666668,0.9985,231.6590179339517,0.0,0.0,1.0,-0.3480105427149738,194.06075932327133,269.257276544632,95.695,71.63,43,-146.6479372892186,378.3069552231703,97.0,2,5.1,5.1,22.5,61.0,28.97,28.97,22.5,61.0,22.72,0.0,0.0,29.75,216,QB43,LATE / WATCH,"[""Strong projected opportunity"", ""Strong durability profile"", ""Very high projection confidence"", ""High ceiling outcome""]","[""Elevated rushing contact exposure""]",No major hidden edge identified yet.,9,gsis_id,1,STARTER,2026-08-21 07:40:57+00:00
00-0039405,Jawhar Jordan,RB,HOU,4.0,0.0,0.0,0.0,0.0,0.0,43.0,193.0,0.0,7.0,7.0,34.0,0.0,-6.0,0.055995475113122174,-0.016771752837326608,0.07225298568355464,29.7,0.0,0.0,0.0,1.0,0.0,0.0,0.0,0.0,0.0,0.0,0.0,1.0,0.0,0.0,0.0,ACT,2.0,2024.0,2024.0,HOU,205.0,False,False,,,,,,True,True,227.0,0.0,1.0,4.857142857142857,4.488372093023256,4.857142857142857,-0.8571428571428571,7.425,31.700000000000003,7.925000000000001,50.0,50.0,0.634,50.0,50.0,1.0,0.0,1.0,50.0,50.0,0.0,1.75,10.75,0.0,48.25,0.0,67.97202797202796,0.0,88.0,12.0,0.0,0.0,0.0,0.0,0.0,Very Low,72.91958041958043,1.0,1.0,134.72500000000002,1.0458391608391608,1.0,0.988,131.692539643,True,Questionable,Hip,0.45,UNKNOWN,0.45,,,False,False,D,False,False,D,Sleeper,,,False,,,,1.0,0.999,1.0004,1.0008,1.0007,139.2098727727273,1.0,139.2098727727273,0.054,0.0,0.946,-7.517333129727291,110.358348220834,153.026731065166,80.8,62.33,64,-77.52812191307271,209.2206615560727,252.0,4,0.13,0.13,24.5,137.0,0.0,0.0,24.5,137.0,0.24,0.0,30.253021238073995,29.74,217,RB64,LATE / WATCH,"[""Strong durability profile"", ""High ceiling outcome""]","[""Limited recent fantasy production""]",No major hidden edge identified yet.,8,gsis_id,3,DEPTH,2026-08-21 07:40:57+00:00
00-0041041,Oscar Delp,TE,NO,0.0,0.0,0.0,0.0,0.0,0.0,0.0,0.0,0.0,0.0,0.0,0.0,0.0,0.0,0.0,0.0,0.0,0.0,0.0,0.0,0.0,0.0,0.0,0.0,0.0,0.0,0.0,0.0,0.0,0.0,0.0,0.0,0.0,ACT,0.0,2026.0,2026.0,NO,73.0,True,False,,,,,,True,True,0.0,0.0,0.0,0.0,0.0,0.0,0.0,0.0,0.0,0.0,80.31,0.0,0.0,70.61,55.0,1.0,0.0,1.0,50.0,70.82,144.77,0.0,0.0,0.0,0.0,0.0,0.0,0.0,90.0,10.0,0.0,0.0,0.0,0.0,0.0,Very Low,11.232394366197182,1.0,1.0,144.77,0.9224647887323943,1.0,0.99,132.32876398781198,False,,,0.0,,0.0,,,False,False,,False,False,,,,,False,,,,1.0,0.9991,1.0004,1.0011,1.0009,132.20977519014087,1.0009,132.32876398781198,0.0,0.0,1.0,0.1189887976711077,111.15616174976206,153.5013662258619,81.5,55.9,35,-63.1681233279908,195.49688731580278,248.0,3,2.46,2.46,18.0,139.0,0.0,0.0,18.0,139.0,0.3,0.0,37.76350132737873,29.71,218,TE35,LATE / WATCH,"[""Excellent durability profile"", ""High ceiling outcome""]","[""Limited recent fantasy production"", ""Limited projected opportunity""]",No major hidden edge identified yet.,8,gsis_id,3,DEPTH,2026-08-21 07:40:57+00:00
00-0040743,Tyler Shough,QB,NO,11.0,221.0,327.0,2384.0,10.0,6.0,45.0,186.0,3.0,0.0,0.0,0.0,0.0,0.0,0.0,0.0,0.0,157.96,2.0,0.0,0.0,0.0,0.0,0.0,0.0,0.0,0.0,3.0,1.0,0.0,0.0,0.0,0.0,ACT,1.0,2025.0,2025.0,NO,40.0,False,False,,,,,,True,True,186.0,13.0,0.0,0.0,4.133333333333334,0.0,0.0,14.360000000000001,185.96,16.905454545454546,50.0,45.0,4.132,50.0,50.0,1.0,0.0,1.0,50.0,50.0,0.0,0.0,4.090909090909091,29.727272727272727,16.90909090909091,0.2727272727272727,77.5595238095238,77.5595238095238,85.7,14.3,0.0,0.0,0.0,0.0,9.3,Very Low,74.4047619047619,1.0,1.0,287.39272727272726,1.0488095238095239,1.0,0.9857,296.8425212281364,False,,,0.0,,0.0,,,False,False,,False,False,,,,,False,,,,1.0,0.9991,1.0004,1.0011,1.0009,297.10992015627704,0.9991,296.8425212281364,0.0,0.0,1.0,-0.2673989281406648,248.07129499035358,345.6137474659192,87.995,74.52,27,-81.46443399503391,378.3069552231703,47.0,2,0.32,0.32,22.5,61.0,28.97,28.97,22.5,61.0,22.72,0.0,0.0,29.7,219,QB27,LATE / WATCH,"[""Strong fantasy production"", ""Above-average quarterback rushing floor"", ""Strong durability profile"", ""High ceiling outcome""]","[""Elevated rushing contact exposure""]",No major hidden edge identified yet.,8,gsis_id,1,STARTER,2026-08-21 07:40:57+00:00
00-0034837,Calvin Ridley,WR,TEN,7.0,0.0,0.0,0.0,0.0,0.0,0.0,0.0,0.0,17.0,36.0,303.0,0.0,453.0,0.1681893336286538,0.2441702115822781,0.4232031485505754,47.3,0.0,0.0,0.0,0.0,0.0,0.0,1.0,0.0,0.0,0.0,0.0,0.0,0.0,1.0,0.0,ACT,8.0,2018.0,2018.0,ATL,26.0,False,False,,,,,,True,True,303.0,0.0,0.4722222222222222,8.416666666666666,0.0,17.823529411764707,12.583333333333334,6.757142857142857,49.3,7.042857142857143,50.0,17.0,2.9,50.0,50.0,1.0,0.0,1.0,50.0,50.0,0.0,5.142857142857143,0.0,0.0,0.0,0.0,37.75,0.0,91.0,9.0,0.0,0.0,0.0,0.0,0.0,Very Low,78.875,1.0,1.0,119.72857142857143,1.05775,1.0,0.991,128.37826111596786,False,,,0.0,,0.0,,,False,False,,False,False,,,,,False,,,,1.0225,0.9985,1.0006,1.0004,1.0003,125.50311036071427,1.0004,128.37826111596786,0.0,0.0,1.0,2.8751507552535855,107.96611759852897,148.79040463340672,81.85,63.62,98,-74.3507739185655,202.72903503453335,259.0,4,0.75,0.75,24.5,236.0,0.0,0.0,24.5,236.0,0.14,0.0,27.871025344594898,29.68,220,WR98,LATE / WATCH,"[""Strong projected opportunity"", ""Excellent durability profile"", ""High ceiling outcome""]","[""Limited recent fantasy production""]",No major hidden edge identified yet.,9,gsis_id,3,DEPTH,2026-08-21 07:40:57+00:00
00-0036442,Joe Burrow,QB,CIN,8.0,173.0,259.0,1809.0,17.0,5.0,14.0,41.0,0.0,0.0,0.0,0.0,0.0,0.0,0.0,0.0,0.0,134.46,2.0,0.0,0.0,0.0,0.0,0.0,0.0,0.0,0.0,1.0,0.0,0.0,0.0,0.0,0.0,ACT,6.0,2020.0,2020.0,CIN,1.0,False,False,,,,,,True,True,41.0,17.0,0.0,0.0,2.9285714285714284,0.0,0.0,16.8075,147.45999999999998,18.432499999999997,50.0,14.0,10.533,50.0,50.0,1.0,0.0,1.0,50.0,50.0,0.0,0.0,1.75,32.375,5.125,0.0,40.0,40.0,90.2,9.8,0.0,0.0,0.0,0.0,4.8,Very Low,75.71428571428571,1.0,1.0,313.35249999999996,1.0514285714285714,1.0,0.9902,326.23898726857135,False,,,0.0,,0.0,,,False,False,,False,False,,,,,False,,,,1.0,,,,,326.23898726857135,1.0,326.23898726857135,0.0,0.0,1.0,0.0,274.10599710305365,378.37197743408905,81.57,76.93,22,-52.06796795459894,378.3069552231703,36.0,2,1.55,1.55,22.5,61.0,28.97,28.97,22.5,61.0,22.72,0.0,0.0,29.66,221,QB22,LATE / WATCH,"[""Strong fantasy production"", ""Strong projected opportunity"", ""Excellent durability profile"", ""High ceiling outcome""]",[],No major hidden edge identified yet.,6,gsis_id,1,STARTER,2026-08-21 07:40:57+00:00
00-0040691,Jaxson Dart,QB,NYG,14.0,216.0,339.0,2272.0,15.0,5.0,86.0,487.0,9.0,0.0,0.0,0.0,0.0,0.0,0.0,0.0,0.0,241.58,0.0,0.0,0.0,0.0,0.0,0.0,0.0,0.0,0.0,3.0,2.0,0.0,0.0,0.0,0.0,ACT,1.0,2025.0,2025.0,NYG,25.0,False,False,,,,,,True,True,487.0,24.0,0.0,0.0,5.662790697674419,0.0,0.0,17.255714285714287,268.58,19.184285714285714,50.0,86.0,3.123,50.0,50.0,1.0,0.0,1.0,50.0,50.0,0.0,0.0,6.142857142857143,24.214285714285715,34.785714285714285,0.6428571428571429,96.72619047619047,96.72619047619047,83.4,16.6,0.0,0.0,0.0,0.0,11.6,Low,66.07142857142856,1.0,1.0,326.1328571428571,1.032142857142857,1.0,0.9834,330.59754213464106,False,,,0.0,,0.0,,,False,False,,False,False,,,,,False,,,,1.0,0.9987,1.0005,1.0015,1.0013,331.02787837653057,0.9987,330.59754213464106,0.0,0.0,1.0,-0.43033624188950625,275.51999161500987,385.6750926542722,87.19,74.61,19,-47.70941308852923,378.3069552231703,31.0,2,5.0,5.0,22.5,61.0,28.97,28.97,22.5,61.0,22.72,0.0,0.0,29.64,222,QB19,LATE / WATCH,"[""Strong fantasy production"", ""Elite quarterback rushing upside"", ""Strong durability profile"", ""High ceiling outcome""]","[""Very high rushing contact exposure""]",Rushing usage creates additional fantasy scoring paths.,8,gsis_id,1,STARTER,2026-08-21 07:40:57+00:00
00-0038618,Xavier Hutchinson,WR,HOU,16.0,0.0,0.0,0.0,0.0,0.0,3.0,22.0,0.0,35.0,57.0,428.0,3.0,584.0,0.11204371841973836,0.13193312398560295,0.2604187644195296,98.0,0.0,0.0,0.0,0.0,0.0,0.0,0.0,0.0,0.0,0.0,0.0,0.0,0.0,0.0,0.0,ACT,3.0,2023.0,2023.0,HOU,205.0,False,False,,,,,,True,True,450.0,3.0,0.6140350877192983,7.508771929824562,7.333333333333333,12.228571428571428,10.24561403508772,6.125,98.0,6.125,50.0,38.0,2.579,50.0,50.0,1.0,0.0,1.0,50.0,50.0,0.0,3.5625,0.1875,0.0,1.375,0.0,76.72916666666667,0.0,91.0,9.0,0.0,0.0,0.0,0.0,0.0,Very Low,63.74999999999999,1.0,1.0,104.125,1.0275,1.0,0.991,108.20073612706626,False,,,0.0,,0.0,,,False,False,,False,False,,,,,False,,,,1.0197,0.999,1.0004,1.0008,1.0007,106.0255415625,1.0008,108.20073612706626,0.0,0.0,1.0,2.1751945645662687,90.99681908286273,125.40465317126979,96.85,60.93,108,-94.52829890746709,202.72903503453335,290.0,4,1.04,1.04,24.5,236.0,0.0,0.0,24.5,236.0,0.14,0.0,23.490468188980604,29.63,223,WR108,LATE / WATCH,"[""Adds meaningful rushing production"", ""Excellent durability profile"", ""Very high projection confidence"", ""High ceiling outcome""]","[""Limited recent fantasy production""]",No major hidden edge identified yet.,8,gsis_id,3,DEPTH,2026-08-21 07:40:57+00:00
00-0040888,Adam Randall,RB,BAL,0.0,0.0,0.0,0.0,0.0,0.0,0.0,0.0,0.0,0.0,0.0,0.0,0.0,0.0,0.0,0.0,0.0,0.0,0.0,0.0,0.0,0.0,0.0,0.0,0.0,0.0,0.0,0.0,0.0,0.0,0.0,0.0,0.0,ACT,0.0,2026.0,2026.0,BAL,174.0,True,False,,,,,,True,True,0.0,0.0,0.0,0.0,0.0,0.0,0.0,0.0,0.0,0.0,52.7,0.0,0.0,75.95,85.0,1.0,0.0,1.0,50.0,66.0,215.2,0.0,0.0,0.0,0.0,0.0,11.433566433566433,0.0,88.0,12.0,0.0,0.0,0.0,0.0,0.0,Very Low,9.44055944055944,1.0,1.0,215.2,0.9188811188811189,1.0,0.988,196.17131640436364,False,,,0.0,,0.0,,,False,False,,False,False,,,,,False,,,,1.0041,1.0,1.0,0.9996,0.9997,195.37029818181819,1.0,196.17131640436364,0.0,0.0,1.0,0.8010182225454514,164.39156314685673,227.95106966187052,80.8,50.01,39,-13.049345151709076,209.2206615560727,140.0,4,1.45,1.45,24.5,137.0,0.0,0.0,24.5,137.0,0.24,0.0,45.02161058185571,29.61,224,RB39,LATE / WATCH,"[""Strong durability profile"", ""High ceiling outcome""]","[""Limited recent fantasy production"", ""Limited projected opportunity""]",No major hidden edge identified yet.,13,gsis_id,4,DEEP_DEPTH,2026-08-21 07:40:57+00:00
00-0040162,Dylan Sampson,RB,CLE,15.0,0.0,0.0,0.0,0.0,0.0,65.0,175.0,0.0,33.0,40.0,271.0,2.0,-62.0,0.08675009596748316,-0.021052251197132606,0.11538856811323192,87.60000000000001,0.0,0.0,0.0,0.0,0.0,0.0,0.0,0.0,0.0,0.0,0.0,0.0,0.0,1.0,1.0,ACT,1.0,2025.0,2025.0,CLE,126.0,False,False,,,,,,True,True,446.0,2.0,0.825,6.775,2.6923076923076925,8.212121212121213,-1.55,5.840000000000001,93.6,6.239999999999999,50.0,98.0,0.955,50.0,50.0,1.0,0.0,1.0,50.0,50.0,0.0,2.6666666666666665,4.333333333333333,0.0,11.666666666666666,0.0,41.748251748251754,0.0,88.0,12.0,0.0,0.0,0.0,0.0,0.0,Very Low,61.15384615384615,1.0,1.0,106.07999999999998,1.0223076923076924,1.0,0.988,110.07097075420988,False,,,0.0,,0.0,,,False,False,,False,False,,,,,False,,,,1.027,0.9994,1.0003,1.0008,1.0006,107.14504319999998,1.0003,110.07097075420988,0.0,0.0,1.0,2.925927554209906,92.23947349202788,127.90246801639188,95.8,59.52,70,-99.14969080186283,209.2206615560727,287.0,4,0.98,0.98,24.5,137.0,0.0,0.0,24.5,137.0,0.24,0.0,25.30069292284194,29.54,225,RB70,LATE / WATCH,"[""Strong durability profile"", ""Very high projection confidence"", ""High ceiling outcome""]","[""Limited recent fantasy production""]",No major hidden edge identified yet.,11,gsis_id,2,BACKUP,2026-08-21 07:40:57+00:00
00-0037291,Jalen Nailor,WR,LV,17.0,0.0,0.0,0.0,0.0,0.0,2.0,13.0,0.0,29.0,53.0,444.0,4.0,656.0,0.11654959347072943,0.17139498862231317,0.29480088224171336,100.7,0.0,0.0,0.0,0.0,0.0,0.0,1.0,0.0,0.0,0.0,0.0,0.0,0.0,1.0,0.0,ACT,4.0,2022.0,2022.0,MIN,191.0,False,False,,,,,,True,True,457.0,4.0,0.5471698113207547,8.377358490566039,6.5,15.310344827586206,12.377358490566039,5.923529411764706,100.7,5.923529411764706,50.0,31.0,3.248,50.0,50.0,1.0,0.0,1.0,50.0,50.0,0.0,3.1176470588235294,0.11764705882352941,0.0,0.7647058823529411,0.0,71.32291666666667,0.0,91.0,9.0,0.0,0.0,0.0,0.0,0.0,Very Low,65.58333333333334,1.0,1.0,100.7,1.0311666666666668,1.0,0.991,104.06751501845741,False,,,0.0,,0.0,,,False,False,,False,False,,,,,False,,,,1.0106,0.9994,1.0002,1.0007,1.0006,102.90393698333334,1.0007,104.06751501845741,0.0,0.0,1.0,1.1635780351240754,87.52078013052268,120.61424990639212,96.85,61.13,116,-98.66152001607594,202.72903503453335,302.0,4,0.2,0.2,24.5,236.0,0.0,0.0,24.5,236.0,0.14,0.0,22.59314251038467,29.5,226,WR116,LATE / WATCH,"[""Adds meaningful rushing production"", ""Excellent durability profile"", ""Very high projection confidence"", ""High ceiling outcome""]","[""Limited recent fantasy production""]",No major hidden edge identified yet.,13,gsis_id,2,BACKUP,2026-08-21 07:40:57+00:00
00-0039424,Devaughn Vele,WR,NO,9.0,0.0,0.0,0.0,0.0,0.0,0.0,0.0,0.0,25.0,39.0,293.0,2.0,432.0,0.13330291103843173,0.17964850653050313,0.3257083211289997,66.3,0.0,0.0,0.0,0.0,0.0,0.0,0.0,0.0,0.0,0.0,0.0,0.0,0.0,0.0,0.0,ACT,2.0,2024.0,2024.0,DEN,235.0,False,False,,,,,,True,True,293.0,2.0,0.6410256410256411,7.512820512820513,0.0,11.72,11.076923076923077,7.366666666666666,66.3,7.366666666666666,50.0,25.0,2.652,50.0,50.0,1.0,0.0,1.0,50.0,50.0,0.0,4.333333333333333,0.0,0.0,0.0,0.0,37.75,0.0,91.0,9.0,0.0,0.0,0.0,0.0,0.0,Very Low,71.75,1.0,1.0,125.23333333333332,1.0435,1.0,0.991,131.98096140008377,False,,,0.0,,0.0,,,False,False,,False,False,,,,,False,,,,1.018,0.9991,1.0004,1.0011,1.0009,129.50485448333333,1.0011,131.98096140008377,0.0,0.0,1.0,2.476106916750439,110.99598853747045,152.96593426269706,81.85,62.24,94,-70.74807363444958,202.72903503453335,249.0,4,2.11,2.11,24.5,236.0,0.0,0.0,24.5,236.0,0.14,0.0,28.65317451887659,29.49,227,WR94,LATE / WATCH,"[""Excellent durability profile"", ""High ceiling outcome""]","[""Limited recent fantasy production""]",No major hidden edge identified yet.,8,gsis_id,3,DEPTH,2026-08-21 07:40:57+00:00
00-0033307,Kendrick Bourne,WR,ARI,14.0,0.0,0.0,0.0,0.0,0.0,0.0,0.0,0.0,37.0,53.0,551.0,0.0,584.0,0.1079856856376302,0.14798562299917323,0.2655684645558665,92.10000000000001,0.0,0.0,0.0,0.0,0.0,0.0,2.0,0.0,0.0,0.0,0.0,0.0,0.0,2.0,0.0,ACT,9.0,2017.0,2017.0,,0.0,False,False,,,,,,True,True,551.0,0.0,0.6981132075471698,10.39622641509434,0.0,14.891891891891891,11.018867924528301,6.578571428571429,96.1,6.864285714285714,50.0,37.0,2.597,50.0,50.0,1.0,0.0,1.0,50.0,50.0,0.0,3.7857142857142856,0.0,0.0,0.0,0.0,37.75,0.0,91.0,9.0,0.0,0.0,0.0,0.0,0.0,Very Low,65.16666666666666,1.0,1.0,116.69285714285714,1.0303333333333333,1.0,0.991,119.15044761190475,False,,,0.0,,0.0,,,False,False,,False,False,,,,,False,,,,1.0,,,,,119.15044761190475,1.0,119.15044761190475,0.0,0.0,1.0,0.0,100.2055264416119,138.0953687821976,89.85,61.16,103,-83.5785874226286,202.72903503453335,271.0,4,1.52,1.52,24.5,236.0,0.0,0.0,24.5,236.0,0.14,0.0,25.86765949580363,29.46,228,WR103,LATE / WATCH,"[""Excellent durability profile"", ""High ceiling outcome""]","[""Limited recent fantasy production""]",No major hidden edge identified yet.,14,gsis_id,3,DEPTH,2026-08-21 07:40:57+00:00
00-0032950,Carson Wentz,QB,MIN,5.0,110.0,169.0,1216.0,6.0,5.0,11.0,57.0,0.0,0.0,0.0,0.0,0.0,0.0,0.0,0.0,0.0,70.34,2.0,0.0,0.0,0.0,0.0,0.0,0.0,0.0,0.0,2.0,0.0,0.0,0.0,0.0,0.0,ACT,10.0,2016.0,2016.0,PHI,2.0,False,False,,,,,,True,True,57.0,6.0,0.0,0.0,5.181818181818182,0.0,0.0,14.068000000000001,85.34,17.068,50.0,11.0,7.758,50.0,50.0,1.0,0.0,1.0,50.0,50.0,0.0,0.0,2.2,33.8,11.4,0.0,49.58333333333333,49.58333333333333,89.0,10.9,0.0,0.0,0.0,0.0,5.9,Very Low,81.07142857142857,1.0,1.0,290.156,1.0621428571428573,1.0,0.9891,304.82788321800007,False,,,0.0,,0.0,,,False,False,,False,False,,,,,False,,,,1.0,1.0,1.0,0.9998,0.9999,304.82788321800007,1.0,304.82788321800007,0.0,0.0,1.0,0.0,255.78107680822384,353.8746896277762,81.185,76.2,25,-73.47907200517022,378.3069552231703,43.0,2,12.8,12.8,22.5,61.0,28.97,28.97,22.5,61.0,22.72,0.0,0.0,29.44,229,QB25,LATE / WATCH,"[""Strong fantasy production"", ""Strong projected opportunity"", ""Strong durability profile"", ""High ceiling outcome""]",[],No major hidden edge identified yet.,6,gsis_id,3,DEPTH,2026-08-21 07:40:57+00:00
00-0037837,Calvin Austin III,WR,NYG,14.0,0.0,0.0,0.0,0.0,0.0,0.0,0.0,0.0,31.0,55.0,372.0,3.0,605.0,0.13091222626551144,0.25454780922144843,0.37455180585328113,86.2,0.0,0.0,0.0,0.0,0.0,0.0,0.0,0.0,0.0,0.0,0.0,0.0,0.0,0.0,0.0,ACT,4.0,2022.0,2022.0,PIT,138.0,False,False,,,,,,True,True,372.0,3.0,0.5636363636363636,6.763636363636364,0.0,12.0,11.0,6.1571428571428575,86.2,6.1571428571428575,50.0,31.0,2.781,50.0,50.0,1.0,0.0,1.0,50.0,50.0,0.0,3.9285714285714284,0.0,0.0,0.0,0.0,37.75,0.0,91.0,9.0,0.0,0.0,0.0,0.0,0.0,Very Low,73.5,1.0,1.0,104.67142857142858,1.047,1.0,0.991,111.60640752042691,False,,,0.0,,0.0,,,False,False,,False,False,,,,,False,,,,1.0261,0.9987,1.0005,1.0015,1.0013,108.60466684285714,1.0015,111.60640752042691,0.0,0.0,1.0,3.001740677569771,93.86098872467903,129.35182631617477,89.85,62.36,106,-91.12262751410644,202.72903503453335,283.0,4,4.49,4.49,24.5,236.0,0.0,0.0,24.5,236.0,0.14,0.0,24.229842230150805,29.43,230,WR106,LATE / WATCH,"[""Excellent durability profile"", ""High ceiling outcome""]","[""Limited recent fantasy production""]",No major hidden edge identified yet.,8,gsis_id,3,DEPTH,2026-08-21 07:40:57+00:00
00-0035250,Devin Singletary,RB,NYG,17.0,0.0,0.0,0.0,0.0,0.0,119.0,437.0,5.0,18.0,19.0,151.0,0.0,-12.0,0.04000595556122939,-0.00553447810638002,0.05613479866737808,108.8,0.0,0.0,0.0,0.0,0.0,0.0,0.0,0.0,0.0,0.0,0.0,0.0,0.0,1.0,0.0,ACT,7.0,2019.0,2019.0,BUF,74.0,False,False,,,,,,True,True,588.0,5.0,0.9473684210526315,7.947368421052632,3.672268907563025,8.38888888888889,-0.631578947368421,6.3999999999999995,106.80000000000001,6.282352941176471,50.0,137.0,0.78,50.0,50.0,1.0,0.0,1.0,50.0,50.0,0.0,1.1176470588235294,7.0,0.0,25.705882352941178,0.29411764705882354,64.47552447552447,0.0,88.0,12.0,0.0,0.0,0.0,0.0,0.0,Very Low,60.41958041958041,1.0,1.0,106.80000000000001,1.020839160839161,1.0,0.988,108.0944870872451,False,,,0.0,,0.0,,,False,False,,False,False,,,,,False,,,,1.003,0.9987,1.0005,1.0015,1.0013,107.71731490909093,1.0005,108.0944870872451,0.0,0.0,1.0,0.3771721781541686,90.5831801791114,125.6057939953788,95.8,59.39,71,-101.12617446882761,209.2206615560727,291.0,4,1.98,1.98,24.5,137.0,0.0,0.0,24.5,137.0,0.24,0.0,24.847987752423975,29.42,231,RB71,LATE / WATCH,"[""Strong durability profile"", ""Very high projection confidence"", ""High ceiling outcome""]","[""Limited recent fantasy production""]",No major hidden edge identified yet.,8,gsis_id,3,DEPTH,2026-08-21 07:40:57+00:00
00-0041558,Sam Roush,TE,CHI,0.0,0.0,0.0,0.0,0.0,0.0,0.0,0.0,0.0,0.0,0.0,0.0,0.0,0.0,0.0,0.0,0.0,0.0,0.0,0.0,0.0,0.0,0.0,0.0,0.0,0.0,0.0,0.0,0.0,0.0,0.0,0.0,0.0,RES,0.0,2026.0,2026.0,CHI,69.0,True,False,,,,,,True,True,0.0,0.0,0.0,0.0,0.0,0.0,0.0,0.0,0.0,0.0,81.41,0.0,0.0,55.99,55.0,1.0,0.0,1.0,50.0,66.93,138.74,0.0,0.0,0.0,0.0,0.0,0.0,0.0,90.0,10.0,0.0,0.0,0.0,0.0,0.0,Very Low,11.232394366197182,1.0,1.0,138.74,0.9224647887323943,1.0,0.99,126.892758413152,False,,,0.0,,0.0,,,False,False,,False,False,,,,,False,,,,1.0023,0.9996,1.0002,0.999,0.9992,126.70293714084507,0.9992,126.892758413152,0.0,0.0,1.0,0.18982127230692925,106.58991706704767,147.1955997592563,81.5,55.88,39,-68.60412890265079,195.49688731580278,261.0,3,0.93,0.93,18.0,139.0,0.0,0.0,18.0,139.0,0.3,0.0,36.212193829688964,29.39,232,TE39,LATE / WATCH,"[""Excellent durability profile"", ""High ceiling outcome""]","[""Limited recent fantasy production"", ""Limited projected opportunity""]",No major hidden edge identified yet.,10,gsis_id,3,DEPTH,2026-08-21 07:40:57+00:00
00-0038619,Andrei Iosivas,WR,CIN,15.0,0.0,0.0,0.0,0.0,0.0,3.0,14.0,0.0,33.0,58.0,435.0,2.0,606.0,0.10200819182678812,0.1311847832961335,0.24484163604747564,89.9,0.0,0.0,0.0,0.0,0.0,0.0,0.0,0.0,0.0,0.0,0.0,0.0,0.0,0.0,0.0,ACT,3.0,2023.0,2023.0,CIN,206.0,False,False,,,,,,True,True,449.0,2.0,0.5689655172413793,7.5,4.666666666666667,13.181818181818182,10.448275862068966,5.993333333333334,89.9,5.993333333333334,50.0,36.0,2.497,50.0,50.0,1.0,0.0,1.0,50.0,50.0,0.0,3.8666666666666667,0.2,0.0,0.9333333333333333,0.0,75.97916666666667,0.0,91.0,9.0,0.0,0.0,0.0,0.0,0.0,Very Low,63.208333333333336,1.0,1.0,101.88666666666668,1.0264166666666668,1.0,0.991,103.63696922277781,False,,,0.0,,0.0,,,False,False,,False,False,,,,,False,,,,1.0,,,,,103.63696922277781,1.0,103.63696922277781,0.0,0.0,1.0,0.0,87.15869111635614,120.11524732919946,96.85,60.63,117,-99.09206581175555,202.72903503453335,303.0,4,0.43,0.43,24.5,236.0,0.0,0.0,24.5,236.0,0.14,0.0,22.499670666483034,29.36,233,WR117,LATE / WATCH,"[""Adds meaningful rushing production"", ""Excellent durability profile"", ""Very high projection confidence"", ""High ceiling outcome""]","[""Limited recent fantasy production""]",No major hidden edge identified yet.,6,gsis_id,3,DEPTH,2026-08-21 07:40:57+00:00
00-0037197,Isiah Pacheco,RB,DET,13.0,0.0,0.0,0.0,0.0,0.0,118.0,462.0,1.0,19.0,26.0,101.0,1.0,-27.0,0.06798821574496818,-0.006067380663582119,0.09773515715294477,87.30000000000001,0.0,0.0,0.0,0.0,0.0,0.0,0.0,0.0,0.0,0.0,0.0,0.0,0.0,0.0,0.0,ACT,4.0,2022.0,2022.0,KC,251.0,False,False,,,,,,True,True,563.0,2.0,0.7307692307692307,3.8846153846153846,3.9152542372881354,5.315789473684211,-1.0384615384615385,6.715384615384616,87.30000000000001,6.715384615384616,50.0,137.0,0.637,50.0,50.0,1.0,0.0,1.0,50.0,50.0,0.0,2.0,9.076923076923077,0.0,35.53846153846154,0.07692307692307693,66.85314685314685,0.0,88.0,12.0,0.0,0.0,0.0,0.0,0.0,Very Low,70.4020979020979,1.0,1.0,114.16153846153848,1.0408041958041958,1.0,0.988,111.05469612276924,True,Questionable,Knee - MCL,0.45,UNKNOWN,0.45,,,False,False,D,False,False,D,Sleeper,,,False,,,,1.0,0.9989,1.0005,1.0013,1.0011,117.39397053146855,1.0,117.39397053146855,0.054,0.0,0.946,-6.3392744086993105,93.06383535088062,129.04555689465786,88.8,61.38,69,-98.16596543330347,209.2206615560727,284.0,4,5.18,5.18,24.5,137.0,0.0,0.0,24.5,137.0,0.24,0.0,25.526011030985995,29.35,234,RB69,LATE / WATCH,"[""Strong durability profile"", ""High ceiling outcome""]","[""Limited recent fantasy production""]",No major hidden edge identified yet.,6,gsis_id,2,BACKUP,2026-08-21 07:40:57+00:00
00-0038621,DeMario Douglas,WR,NE,16.0,0.0,0.0,0.0,0.0,0.0,7.0,21.0,0.0,31.0,46.0,447.0,3.0,445.0,0.09764330564696007,0.10129810979857017,0.2173736353294392,95.8,0.0,0.0,0.0,0.0,0.0,0.0,1.0,0.0,0.0,0.0,0.0,0.0,0.0,3.0,1.0,ACT,3.0,2023.0,2023.0,NE,210.0,False,False,,,,,,True,True,468.0,3.0,0.6739130434782609,9.717391304347826,3.0,14.419354838709678,9.673913043478262,5.9875,101.80000000000001,6.362500000000001,50.0,38.0,2.679,50.0,50.0,1.0,0.0,1.0,50.0,50.0,0.0,2.875,0.4375,0.0,1.3125,0.0,80.80208333333333,0.0,91.0,9.0,0.0,0.0,0.0,0.0,0.0,Very Low,56.79166666666667,1.0,1.0,108.16250000000001,1.0135833333333333,1.0,0.991,109.2428411591897,False,,,0.0,,0.0,,,False,False,,False,False,,,,,False,,,,1.005,0.9997,1.0002,1.0005,1.0004,108.64502192604166,1.0005,109.2428411591897,0.0,0.0,1.0,0.5978192331480301,91.87322941487852,126.61245290350084,96.85,59.49,107,-93.48619387534366,202.72903503453335,288.0,4,2.36,2.36,24.5,236.0,0.0,0.0,24.5,236.0,0.14,0.0,23.716710042621273,29.31,235,WR107,LATE / WATCH,"[""Adds meaningful rushing production"", ""Excellent durability profile"", ""Very high projection confidence"", ""High ceiling outcome""]","[""Limited recent fantasy production""]",Rushing usage creates additional fantasy scoring paths.,11,gsis_id,3,DEPTH,2026-08-21 07:40:57+00:00
00-0040237,Tez Johnson,WR,TB,15.0,0.0,0.0,0.0,0.0,0.0,7.0,22.0,0.0,28.0,44.0,322.0,5.0,516.0,0.09162643379859875,0.13771533606969405,0.23384038594668397,92.4,0.0,0.0,0.0,0.0,0.0,0.0,0.0,0.0,0.0,0.0,0.0,0.0,0.0,1.0,1.0,ACT,1.0,2025.0,2025.0,TB,235.0,False,False,,,,,,True,True,344.0,5.0,0.6363636363636364,7.318181818181818,3.142857142857143,11.5,11.727272727272727,6.16,96.4,6.426666666666667,50.0,35.0,2.754,50.0,50.0,1.0,0.0,1.0,50.0,50.0,0.0,2.933333333333333,0.4666666666666667,0.0,1.4666666666666666,0.0,81.375,0.0,91.0,9.0,0.0,0.0,0.0,0.0,0.0,Very Low,58.97916666666667,1.0,1.0,109.25333333333333,1.0179583333333333,1.0,0.991,104.26282527689109,True,Questionable,Groin,0.45,UNKNOWN,0.45,,,False,False,D,False,False,D,Sleeper,,,False,,,,1.0,0.9977,1.001,1.0029,1.0024,110.2144030411111,1.0,110.2144030411111,0.054,0.0,0.946,-5.951577764220005,87.6850360578654,120.84061449591675,96.85,60.12,115,-98.46620975764226,202.72903503453335,301.0,4,0.4,0.4,24.5,236.0,0.0,0.0,24.5,236.0,0.14,0.0,22.63554452701541,29.26,236,WR115,LATE / WATCH,"[""Adds meaningful rushing production"", ""Excellent durability profile"", ""Very high projection confidence"", ""High ceiling outcome""]","[""Limited recent fantasy production""]",Rushing usage creates additional fantasy scoring paths.,10,gsis_id,5,DEEP_DEPTH,2026-08-21 07:40:57+00:00
00-0039855,Jalen McMillan,WR,TB,4.0,0.0,0.0,0.0,0.0,0.0,1.0,1.0,0.0,12.0,15.0,178.0,0.0,179.0,0.108125,0.14240912324469795,0.26187388627128855,29.9,0.0,0.0,0.0,0.0,0.0,0.0,1.0,0.0,0.0,0.0,0.0,0.0,0.0,0.0,0.0,ACT,2.0,2024.0,2024.0,TB,92.0,False,False,,,,,,True,True,179.0,0.0,0.8,11.866666666666667,1.0,14.833333333333334,11.933333333333334,7.475,31.9,7.975,50.0,13.0,2.454,50.0,50.0,1.0,0.0,1.0,50.0,50.0,0.0,3.75,0.25,0.0,0.25,0.0,73.07291666666667,0.0,91.0,9.0,0.0,0.0,0.0,0.0,0.0,Very Low,64.70833333333334,1.0,1.0,135.575,1.0294166666666666,1.0,0.991,130.83851291257082,True,Questionable,Calf,0.45,UNKNOWN,0.45,,,False,False,D,False,False,D,Sleeper,,,False,,,,1.0,0.9977,1.001,1.0029,1.0024,138.30709610208334,1.0,138.30709610208334,0.054,0.0,0.946,-7.468583189512515,110.03518935947206,151.64183646566954,81.85,61.25,96,-71.89052212196253,202.72903503453335,253.0,4,1.08,1.08,24.5,236.0,0.0,0.0,24.5,236.0,0.14,0.0,28.40514801911271,29.19,237,WR96,LATE / WATCH,"[""Adds meaningful rushing production"", ""Excellent durability profile"", ""High ceiling outcome""]","[""Limited recent fantasy production""]",No major hidden edge identified yet.,10,gsis_id,3,DEPTH,2026-08-21 07:40:57+00:00
00-0041067,Bryce Lance,WR,NO,0.0,0.0,0.0,0.0,0.0,0.0,0.0,0.0,0.0,0.0,0.0,0.0,0.0,0.0,0.0,0.0,0.0,0.0,0.0,0.0,0.0,0.0,0.0,0.0,0.0,0.0,0.0,0.0,0.0,0.0,0.0,0.0,0.0,ACT,0.0,2026.0,2026.0,NO,136.0,True,False,,,,,,True,True,0.0,0.0,0.0,0.0,0.0,0.0,0.0,0.0,0.0,0.0,63.09,0.0,0.0,74.58,75.0,1.0,6.0,0.96,50.0,65.53,191.06,0.0,0.0,0.0,0.0,0.0,37.75,0.0,91.0,9.0,0.0,0.0,0.0,0.0,0.0,Very Low,10.333333333333334,1.0,1.0,191.06,0.9206666666666667,1.0,0.991,177.65240319675746,False,,,0.0,,0.0,,,False,False,,False,False,,,,,False,,,,1.018,0.9991,1.0004,1.0011,1.0009,174.31945017333334,1.0011,177.65240319675746,0.0,0.0,1.0,3.3329530234241247,149.405671088473,205.89913530504185,81.85,52.95,62,-25.076631837775892,202.72903503453335,176.0,4,1.17,1.17,24.5,236.0,0.0,0.0,24.5,236.0,0.14,0.0,38.56848183628468,29.15,238,WR62,LATE / WATCH,"[""Excellent durability profile"", ""High ceiling outcome""]","[""Limited recent fantasy production"", ""Limited projected opportunity""]",No major hidden edge identified yet.,8,gsis_id,4,DEEP_DEPTH,2026-08-21 07:40:57+00:00
00-0041524,Will Kacmarek,TE,MIA,0.0,0.0,0.0,0.0,0.0,0.0,0.0,0.0,0.0,0.0,0.0,0.0,0.0,0.0,0.0,0.0,0.0,0.0,0.0,0.0,0.0,0.0,0.0,0.0,0.0,0.0,0.0,0.0,0.0,0.0,0.0,0.0,0.0,ACT,0.0,2026.0,2026.0,MIA,87.0,True,False,,,,,,True,True,0.0,0.0,0.0,0.0,0.0,0.0,0.0,0.0,0.0,0.0,76.48,0.0,0.0,69.27,55.0,1.0,0.0,1.0,50.0,68.7,141.49,0.0,0.0,0.0,0.0,0.0,0.0,0.0,90.0,10.0,0.0,0.0,0.0,0.0,0.0,Very Low,11.232394366197182,1.0,1.0,141.49,0.9224647887323943,1.0,0.99,129.79541669614238,False,,,0.0,,0.0,,,False,False,,False,False,,,,,False,,,,1.0051,0.9994,1.0003,0.9993,0.9994,129.21434752816904,0.9994,129.79541669614238,0.0,0.0,1.0,0.5810691679733395,109.0281500247596,150.56268336752515,81.5,54.19,36,-65.7014706196604,195.49688731580278,254.0,3,2.53,2.53,18.0,139.0,0.0,0.0,18.0,139.0,0.3,0.0,37.040543892209996,29.14,239,TE36,LATE / WATCH,"[""Excellent durability profile"", ""High ceiling outcome""]","[""Limited recent fantasy production"", ""Limited projected opportunity""]",No major hidden edge identified yet.,6,gsis_id,2,BACKUP,2026-08-21 07:40:57+00:00
00-0041096,Kaytron Allen,RB,WAS,0.0,0.0,0.0,0.0,0.0,0.0,0.0,0.0,0.0,0.0,0.0,0.0,0.0,0.0,0.0,0.0,0.0,0.0,0.0,0.0,0.0,0.0,0.0,0.0,0.0,0.0,0.0,0.0,0.0,0.0,0.0,0.0,0.0,ACT,0.0,2026.0,2026.0,WAS,187.0,True,False,,,,,,True,True,0.0,0.0,0.0,0.0,0.0,0.0,0.0,0.0,0.0,0.0,49.14,0.0,0.0,74.7,85.0,1.0,0.0,1.0,50.0,64.02,210.84,0.0,0.0,0.0,0.0,0.0,11.433566433566433,0.0,88.0,12.0,0.0,0.0,0.0,0.0,0.0,Very Low,9.44055944055944,1.0,1.0,210.84,0.9188811188811189,1.0,0.988,194.09234939399178,False,,,0.0,,0.0,,,False,False,,False,False,,,,,False,,,,1.0138,0.9997,1.0002,0.999,0.9992,191.41205236363635,1.0002,194.09234939399178,0.0,0.0,1.0,2.680297030355433,162.6493887921651,225.53530999581844,80.8,48.45,40,-15.128312162080931,209.2206615560727,144.0,4,2.08,2.08,24.5,137.0,0.0,0.0,24.5,137.0,0.24,0.0,44.5454320378817,29.13,240,RB40,LATE / WATCH,"[""Strong durability profile"", ""High ceiling outcome""]","[""Limited recent fantasy production"", ""Limited projected opportunity""]",No major hidden edge identified yet.,7,gsis_id,3,DEPTH,2026-08-21 07:40:57+00:00
00-0026158,Joe Flacco,QB,CIN,13.0,251.0,416.0,2479.0,15.0,10.0,21.0,35.0,1.0,0.0,0.0,0.0,0.0,0.0,0.0,0.0,0.0,146.66,2.0,1.0,0.0,0.0,0.0,0.0,0.0,0.0,0.0,2.0,2.0,0.0,0.0,0.0,0.0,ACT,18.0,2008.0,2008.0,BAL,18.0,False,False,,,,,,True,True,35.0,16.0,0.0,0.0,1.6666666666666667,0.0,0.0,11.281538461538462,182.66,14.05076923076923,50.0,21.0,8.698,50.0,50.0,1.0,0.0,1.0,50.0,50.0,0.0,0.0,1.6153846153846154,32.0,2.6923076923076925,0.07692307692307693,46.01190476190476,46.01190476190476,89.5,10.5,0.0,0.0,0.0,0.0,5.5,Very Low,72.55952380952381,1.0,1.0,238.8630769230769,1.0451190476190477,1.0,0.9895,247.01912777481687,False,,,0.0,,0.0,,,False,False,,False,False,,,,,False,,,,1.0,,,,,247.01912777481687,1.0,247.01912777481687,0.0,0.0,1.0,0.0,207.37255776695878,286.66569778267495,89.325,71.61,36,-131.28782744835343,378.3069552231703,78.0,2,1.12,1.12,22.5,61.0,28.97,28.97,22.5,61.0,22.72,0.0,0.0,29.11,241,QB36,LATE / WATCH,"[""Strong durability profile"", ""High ceiling outcome""]",[],No major hidden edge identified yet.,6,gsis_id,2,BACKUP,2026-08-21 07:40:57+00:00
00-0038976,Marvin Mims Jr.,WR,DEN,15.0,0.0,0.0,0.0,0.0,0.0,12.0,78.0,1.0,37.0,51.0,322.0,1.0,478.0,0.09941748886558459,0.09708684870712012,0.21708702739336097,95.0,0.0,0.0,0.0,0.0,0.0,0.0,0.0,0.0,0.0,0.0,0.0,0.0,0.0,0.0,0.0,ACT,3.0,2023.0,2023.0,DEN,63.0,False,False,,,,,,True,True,400.0,2.0,0.7254901960784313,6.313725490196078,6.5,8.702702702702704,9.372549019607844,6.333333333333333,89.0,5.933333333333334,50.0,49.0,1.816,50.0,50.0,1.0,0.0,1.0,50.0,50.0,0.0,3.4,0.8,0.0,5.2,0.06666666666666667,97.11458333333334,0.0,91.0,9.0,0.0,0.0,0.0,0.0,0.0,Very Low,58.833333333333336,1.0,1.0,100.86666666666667,1.0176666666666667,1.0,0.991,102.94641577844533,False,,,0.0,,0.0,,,False,False,,False,False,,,,,False,,,,1.0112,0.9994,1.0003,1.0008,1.0006,101.72480664444446,1.0008,102.94641577844533,0.0,0.0,1.0,1.2216091340008717,86.57793566967251,119.31489588721811,96.85,59.46,118,-99.78261925608803,202.72903503453335,304.0,4,0.69,0.69,24.5,236.0,0.0,0.0,24.5,236.0,0.14,0.0,22.349750949690783,29.03,242,WR118,LATE / WATCH,"[""Hybrid rushing role adds extra fantasy upside"", ""Excellent durability profile"", ""Very high projection confidence"", ""High ceiling outcome""]","[""Limited recent fantasy production""]",Rushing usage creates additional fantasy scoring paths.,10,gsis_id,4,DEEP_DEPTH,2026-08-21 07:40:57+00:00
00-0035208,Olamide Zaccheaus,WR,ATL,14.0,0.0,0.0,0.0,0.0,0.0,4.0,25.0,0.0,39.0,65.0,313.0,2.0,462.0,0.14699815636808536,0.11535085137869072,0.30124283051721157,84.80000000000001,0.0,0.0,0.0,0.0,0.0,0.0,0.0,0.0,0.0,0.0,0.0,0.0,0.0,0.0,0.0,ACT,7.0,2019.0,2019.0,,0.0,False,False,,,,,,True,True,338.0,2.0,0.6,4.815384615384615,6.25,8.025641025641026,7.107692307692307,6.057142857142858,84.8,6.057142857142857,50.0,43.0,1.972,50.0,50.0,1.0,0.0,1.0,50.0,50.0,0.0,4.642857142857143,0.2857142857142857,0.0,1.7857142857142858,0.0,79.52083333333334,0.0,91.0,9.0,0.0,0.0,0.0,0.0,0.0,Very Low,69.77083333333334,1.0,1.0,102.97142857142856,1.0395416666666666,1.0,0.991,105.97362295924285,False,,,0.0,,0.0,,,False,False,,False,False,,,,,False,,,,1.0,1.0,1.0,0.999,0.9991,106.07970266190475,0.999,105.97362295924285,0.0,0.0,1.0,-0.10607970266190136,89.12381690872323,122.82342900976244,89.85,61.3,111,-96.75541207529051,202.72903503453335,295.0,4,0.53,0.53,24.5,236.0,0.0,0.0,24.5,236.0,0.14,0.0,23.006960101192938,28.93,243,WR111,LATE / WATCH,"[""Adds meaningful rushing production"", ""Excellent durability profile"", ""High ceiling outcome""]","[""Limited recent fantasy production""]",No major hidden edge identified yet.,11,gsis_id,3,DEPTH,2026-08-21 07:40:57+00:00
00-0041443,Skyler Bell,WR,BUF,0.0,0.0,0.0,0.0,0.0,0.0,0.0,0.0,0.0,0.0,0.0,0.0,0.0,0.0,0.0,0.0,0.0,0.0,0.0,0.0,0.0,0.0,0.0,0.0,0.0,0.0,0.0,0.0,0.0,0.0,0.0,0.0,0.0,ACT,0.0,2026.0,2026.0,BUF,125.0,True,False,,,,,,True,True,0.0,0.0,0.0,0.0,0.0,0.0,0.0,0.0,0.0,0.0,66.09,0.0,0.0,75.63,75.0,1.0,6.0,0.96,50.0,67.13,194.26,0.0,0.0,0.0,0.0,0.0,37.75,0.0,91.0,9.0,0.0,0.0,0.0,0.0,0.0,Very Low,10.333333333333334,1.0,1.0,194.26,0.9206666666666667,1.0,0.991,167.66815861810667,True,Questionable,Lower Body,0.45,UNKNOWN,0.45,,,False,False,F,False,False,F,Sleeper,,,False,,,,1.0,0.9992,1.0003,1.0009,1.0008,177.2390683066667,1.0,177.2390683066667,0.054,0.0,0.946,-9.570909688560022,141.00892139782772,194.3273958383856,81.85,53.3,70,-35.06087641642668,202.72903503453335,192.0,4,1.16,1.16,24.5,236.0,0.0,0.0,24.5,236.0,0.14,0.0,36.40089418336548,28.8,244,WR70,LATE / WATCH,"[""Excellent durability profile"", ""High ceiling outcome""]","[""Limited recent fantasy production"", ""Limited projected opportunity""]",No major hidden edge identified yet.,7,gsis_id,5,DEEP_DEPTH,2026-08-21 07:40:57+00:00
00-0041395,Eli Raridon,TE,NE,0.0,0.0,0.0,0.0,0.0,0.0,0.0,0.0,0.0,0.0,0.0,0.0,0.0,0.0,0.0,0.0,0.0,0.0,0.0,0.0,0.0,0.0,0.0,0.0,0.0,0.0,0.0,0.0,0.0,0.0,0.0,0.0,0.0,ACT,0.0,2026.0,2026.0,NE,95.0,True,False,,,,,,True,True,0.0,0.0,0.0,0.0,0.0,0.0,0.0,0.0,0.0,0.0,74.3,0.0,0.0,68.5,55.0,1.0,0.0,1.0,50.0,67.48,139.59,0.0,0.0,0.0,0.0,0.0,0.0,0.0,90.0,10.0,0.0,0.0,0.0,0.0,0.0,Very Low,11.232394366197182,1.0,1.0,139.59,0.9224647887323943,1.0,0.99,127.82350235782285,False,,,0.0,,0.0,,,False,False,,False,False,,,,,False,,,,1.0023,0.9997,1.0002,1.0005,1.0004,127.47919126056337,1.0004,127.82350235782285,0.0,0.0,1.0,0.34431109725947806,107.37174198057119,148.2752627350745,81.5,53.18,38,-67.67338495797993,195.49688731580278,260.0,3,1.17,1.17,18.0,139.0,0.0,0.0,18.0,139.0,0.3,0.0,36.477806151083165,28.77,245,TE38,LATE / WATCH,"[""Excellent durability profile"", ""High ceiling outcome""]","[""Limited recent fantasy production"", ""Limited projected opportunity""]",No major hidden edge identified yet.,11,gsis_id,2,BACKUP,2026-08-21 07:40:57+00:00
00-0041069,Colbie Young,WR,CIN,0.0,0.0,0.0,0.0,0.0,0.0,0.0,0.0,0.0,0.0,0.0,0.0,0.0,0.0,0.0,0.0,0.0,0.0,0.0,0.0,0.0,0.0,0.0,0.0,0.0,0.0,0.0,0.0,0.0,0.0,0.0,0.0,0.0,ACT,0.0,2026.0,2026.0,CIN,140.0,True,False,,,,,,True,True,0.0,0.0,0.0,0.0,0.0,0.0,0.0,0.0,0.0,0.0,61.99,0.0,0.0,74.2,75.0,1.0,6.0,0.96,50.0,64.95,189.9,0.0,0.0,0.0,0.0,0.0,37.75,0.0,91.0,9.0,0.0,0.0,0.0,0.0,0.0,Very Low,10.333333333333334,1.0,1.0,189.9,0.9206666666666667,1.0,0.991,173.26108860000002,False,,,0.0,,0.0,,,False,False,,False,False,,,,,False,,,,1.0,,,,,173.26108860000002,1.0,173.26108860000002,0.0,0.0,1.0,0.0,145.7125755126,200.8096016874,81.85,52.16,66,-29.46794643453333,202.72903503453335,187.0,4,2.09,2.09,24.5,236.0,0.0,0.0,24.5,236.0,0.14,0.0,37.615123850607056,28.76,246,WR66,LATE / WATCH,"[""Excellent durability profile"", ""High ceiling outcome""]","[""Limited recent fantasy production"", ""Limited projected opportunity""]",No major hidden edge identified yet.,6,gsis_id,4,DEEP_DEPTH,2026-08-21 07:40:57+00:00
00-0039917,Michael Penix Jr.,QB,ATL,9.0,166.0,276.0,1982.0,9.0,3.0,21.0,70.0,1.0,0.0,0.0,0.0,0.0,0.0,0.0,0.0,0.0,120.28,1.0,0.0,0.0,0.0,0.0,0.0,0.0,0.0,0.0,5.0,1.0,0.0,0.0,0.0,0.0,ACT,2.0,2024.0,2024.0,ATL,8.0,False,False,,,,,,True,True,70.0,10.0,0.0,0.0,3.3333333333333335,0.0,0.0,13.364444444444445,151.28,16.808888888888887,50.0,21.0,7.204,50.0,50.0,1.0,0.0,1.0,50.0,50.0,0.0,0.0,2.3333333333333335,30.666666666666668,7.777777777777778,0.1111111111111111,59.375,59.375,87.9,12.1,0.0,0.0,0.0,0.0,7.1,Very Low,73.1547619047619,1.0,1.0,285.7511111111111,1.046309523809524,1.0,0.9879,295.36640127587305,False,,,0.0,,0.0,,,False,False,,False,False,,,,,False,,,,1.0,1.0,1.0,0.999,0.9991,295.36640127587305,1.0,295.36640127587305,0.0,0.0,1.0,0.0,247.48750762905402,343.24529492269204,80.765,73.55,28,-82.94055394729725,378.3069552231703,48.0,2,1.48,1.48,22.5,61.0,28.97,28.97,22.5,61.0,22.72,0.0,0.0,28.74,247,QB28,LATE / WATCH,"[""Strong fantasy production"", ""Strong durability profile"", ""High ceiling outcome""]",[],No major hidden edge identified yet.,11,gsis_id,2,BACKUP,2026-08-21 07:40:57+00:00
00-0032268,Marcus Mariota,QB,WAS,10.0,139.0,227.0,1695.0,10.0,7.0,50.0,297.0,1.0,0.0,0.0,0.0,0.0,0.0,0.0,0.0,0.0,125.5,0.0,0.0,0.0,0.0,0.0,0.0,0.0,0.0,0.0,5.0,2.0,1.0,0.0,0.0,0.0,ACT,11.0,2015.0,2015.0,TEN,2.0,False,False,,,,,,True,True,297.0,11.0,0.0,0.0,5.94,0.0,0.0,12.55,164.5,16.45,50.0,50.0,3.29,50.0,50.0,1.0,0.0,1.0,50.0,50.0,0.0,0.0,5.0,22.7,29.7,0.1,81.54761904761904,81.54761904761904,85.2,14.8,0.0,0.0,0.0,0.0,9.8,Very Low,62.26190476190476,1.0,1.0,279.65,1.0245238095238096,1.0,0.9852,266.94519686886196,True,Questionable,Knee,0.45,UNKNOWN,0.45,,,False,False,D,False,False,D,Sleeper,,,False,,,,1.0,0.9997,1.0002,0.999,0.9992,282.2677637,0.9997,282.18308337089,0.054,0.0,0.946,-15.322566831138033,222.9526284248735,310.9377653128504,87.82,70.76,32,-111.36175835430834,378.3069552231703,67.0,2,21.03,21.03,22.5,61.0,28.97,28.97,22.5,61.0,22.72,0.0,0.0,28.74,248,QB32,LATE / WATCH,"[""Strong fantasy production"", ""Above-average quarterback rushing floor"", ""Strong durability profile"", ""High ceiling outcome""]","[""Very high rushing contact exposure""]",Rushing usage creates additional fantasy scoring paths.,7,gsis_id,2,BACKUP,2026-08-21 07:40:57+00:00
00-0037005,Tommy Tremble,TE,CAR,15.0,0.0,0.0,0.0,0.0,0.0,0.0,0.0,0.0,27.0,37.0,249.0,2.0,163.0,0.0913954687620336,0.058303910668525125,0.177905940611018,63.900000000000006,0.0,0.0,0.0,0.0,0.0,0.0,0.0,0.0,0.0,0.0,0.0,0.0,0.0,1.0,0.0,ACT,5.0,2021.0,2021.0,CAR,83.0,False,False,,,,,,True,True,249.0,2.0,0.7297297297297297,6.72972972972973,0.0,9.222222222222221,4.405405405405405,4.260000000000001,63.900000000000006,4.260000000000001,50.0,27.0,2.367,50.0,50.0,1.0,0.0,1.0,50.0,50.0,0.0,2.466666666666667,0.0,0.0,0.0,0.0,0.0,0.0,90.0,10.0,0.0,0.0,0.0,0.0,0.0,Very Low,67.67605633802816,1.0,1.0,72.42000000000002,1.0353521126760563,1.0,0.99,74.2526671194,False,,,0.0,,0.0,,,False,False,,False,False,,,,,False,,,,1.0,0.9992,1.0003,1.0003,1.0003,74.23039800000001,1.0003,74.2526671194,0.0,0.0,1.0,0.022269119399993542,62.372240380296,86.133093858504,96.5,59.26,72,-121.24422019640278,195.49688731580278,356.0,3,3.53,3.53,18.0,139.0,0.0,0.0,18.0,139.0,0.3,0.0,21.189956052057855,28.73,249,TE72,LATE / WATCH,"[""Excellent durability profile"", ""Very high projection confidence"", ""High ceiling outcome""]","[""Limited recent fantasy production""]",No major hidden edge identified yet.,5,gsis_id,1,STARTER,2026-08-21 07:40:57+00:00
00-0038393,Dontayvion Wicks,WR,PHI,13.0,0.0,0.0,0.0,0.0,0.0,1.0,6.0,0.0,30.0,46.0,332.0,2.0,517.0,0.12813559267140168,0.16881006685036523,0.3103704358023582,75.8,0.0,0.0,0.0,0.0,0.0,0.0,0.0,0.0,0.0,0.0,0.0,0.0,0.0,0.0,0.0,ACT,3.0,2023.0,2023.0,GB,159.0,False,False,,,,,,True,True,338.0,2.0,0.6521739130434783,7.217391304347826,6.0,11.066666666666666,11.23913043478261,5.8307692307692305,75.80000000000001,5.830769230769231,50.0,31.0,2.445,50.0,50.0,1.0,0.0,1.0,50.0,50.0,0.0,3.5384615384615383,0.07692307692307693,0.0,0.46153846153846156,0.0,68.85416666666667,0.0,91.0,9.0,0.0,0.0,0.0,0.0,0.0,Very Low,68.20833333333334,1.0,1.0,99.12307692307694,1.0364166666666668,1.0,0.991,105.09229927338572,False,,,0.0,,0.0,,,False,False,,False,False,,,,,False,,,,1.0303,0.9984,1.0007,1.0019,1.0015,101.80821369358978,1.0019,105.09229927338572,0.0,0.0,1.0,3.284085579795942,88.38262368891739,121.80197485785403,89.85,60.62,113,-97.63673576114763,202.72903503453335,298.0,4,0.27,0.27,24.5,236.0,0.0,0.0,24.5,236.0,0.14,0.0,22.815624009149076,28.72,250,WR113,LATE / WATCH,"[""Adds meaningful rushing production"", ""Excellent durability profile"", ""High ceiling outcome""]","[""Limited recent fantasy production""]",No major hidden edge identified yet.,10,gsis_id,2,BACKUP,2026-08-21 07:40:57+00:00
00-0041562,Fernando Mendoza,QB,LV,0.0,0.0,0.0,0.0,0.0,0.0,0.0,0.0,0.0,0.0,0.0,0.0,0.0,0.0,0.0,0.0,0.0,0.0,0.0,0.0,0.0,0.0,0.0,0.0,0.0,0.0,0.0,0.0,0.0,0.0,0.0,0.0,0.0,RES,0.0,2026.0,2026.0,LV,1.0,True,False,,,,,,True,True,0.0,0.0,0.0,0.0,0.0,0.0,0.0,0.0,0.0,0.0,100.0,0.0,0.0,57.5,65.0,1.0,0.0,1.0,50.0,77.75,265.48,0.0,0.0,0.0,0.0,0.0,17.083333333333332,17.083333333333332,93.0,7.0,0.0,0.0,0.0,0.0,2.0,Very Low,8.154761904761903,1.0,1.0,265.48,0.9163095238095238,1.0,0.993,241.41408400263714,False,,,0.0,,0.0,,,False,False,,False,False,,,,,False,,,,1.0,0.9994,1.0002,1.0007,1.0006,241.55901941428573,0.9994,241.41408400263714,0.0,0.0,1.0,-0.14493541164858925,203.5120728142231,279.31609519105115,82.55,72.67,39,-136.89287122053315,378.3069552231703,87.0,2,3.68,3.68,22.5,61.0,28.97,28.97,22.5,61.0,22.72,0.0,0.0,28.69,251,QB39,LATE / WATCH,"[""Excellent durability profile"", ""High ceiling outcome""]","[""Limited recent fantasy production"", ""Limited projected opportunity""]",No major hidden edge identified yet.,13,gsis_id,2,BACKUP,2026-08-21 07:40:57+00:00
00-0040719,Bhayshul Tuten,RB,JAX,15.0,0.0,0.0,0.0,0.0,0.0,83.0,307.0,5.0,10.0,14.0,79.0,2.0,8.0,0.029744356875349785,0.0019362555261361622,0.04597191418131999,88.6,0.0,0.0,0.0,0.0,0.0,0.0,0.0,0.0,0.0,0.0,0.0,0.0,0.0,0.0,0.0,ACT,1.0,2025.0,2025.0,JAX,104.0,False,False,,,,,,True,True,386.0,7.0,0.7142857142857143,5.642857142857143,3.6987951807228914,7.9,0.5714285714285714,5.906666666666666,90.6,6.04,50.0,93.0,0.974,50.0,50.0,1.0,0.0,1.0,50.0,50.0,0.0,0.9333333333333333,5.533333333333333,0.0,20.466666666666665,0.3333333333333333,59.30069930069929,0.0,88.0,12.0,0.0,0.0,0.0,0.0,0.0,Very Low,53.63636363636364,1.0,1.0,102.68,1.0072727272727273,1.0,0.988,102.90108094251013,False,,,0.0,,0.0,,,False,False,,False,False,,,,,False,,,,1.0068,0.9996,1.0002,1.0005,1.0004,102.18564247272728,1.0002,102.90108094251013,0.0,0.0,1.0,0.7154384697828533,86.23110582982349,119.57105605519676,95.8,57.39,72,-106.31958061356258,209.2206615560727,305.0,4,5.19,5.19,24.5,137.0,0.0,0.0,24.5,137.0,0.24,0.0,23.658460182275928,28.68,252,RB72,LATE / WATCH,"[""Strong durability profile"", ""Very high projection confidence"", ""High ceiling outcome""]","[""Limited recent fantasy production""]",No major hidden edge identified yet.,7,gsis_id,1,STARTER,2026-08-21 07:40:57+00:00
00-0039910,Jayden Daniels,QB,WAS,7.0,114.0,188.0,1262.0,8.0,3.0,58.0,278.0,2.0,0.0,0.0,0.0,0.0,0.0,0.0,0.0,0.0,114.28,0.0,0.0,0.0,0.0,0.0,0.0,0.0,0.0,0.0,2.0,0.0,0.0,0.0,0.0,0.0,ACT,2.0,2024.0,2024.0,WAS,2.0,False,False,,,,,,True,True,278.0,10.0,0.0,0.0,4.793103448275862,0.0,0.0,16.325714285714287,127.28,18.18285714285714,50.0,58.0,2.194,50.0,50.0,1.0,0.0,1.0,50.0,50.0,0.0,0.0,8.285714285714286,26.857142857142858,39.714285714285715,0.2857142857142857,94.58333333333333,94.58333333333333,83.7,16.4,0.0,0.0,0.0,0.0,11.3,Low,72.5,1.0,1.0,309.1085714285714,1.045,1.0,0.9836,317.6256381593805,False,,,0.0,,0.0,,,False,False,,False,False,,,,,False,,,,1.0,0.9997,1.0002,0.999,0.9992,317.7209544457142,0.9997,317.6256381593805,0.0,0.0,1.0,-0.09531628633368427,264.7727319696596,370.4785443491014,79.26,73.83,24,-60.68131706378978,378.3069552231703,40.0,2,2.54,2.54,22.5,61.0,28.97,28.97,22.5,61.0,22.72,0.0,0.0,28.66,253,QB24,LATE / WATCH,"[""Strong fantasy production"", ""Elite quarterback rushing upside"", ""Strong durability profile"", ""High ceiling outcome""]","[""Very high rushing contact exposure""]",Rushing usage creates additional fantasy scoring paths.,7,gsis_id,1,STARTER,2026-08-21 07:40:57+00:00
00-0041070,Reggie Virgil,WR,ARI,0.0,0.0,0.0,0.0,0.0,0.0,0.0,0.0,0.0,0.0,0.0,0.0,0.0,0.0,0.0,0.0,0.0,0.0,0.0,0.0,0.0,0.0,0.0,0.0,0.0,0.0,0.0,0.0,0.0,0.0,0.0,0.0,0.0,ACT,0.0,2026.0,2026.0,ARI,143.0,True,False,,,,,,True,True,0.0,0.0,0.0,0.0,0.0,0.0,0.0,0.0,0.0,0.0,61.17,0.0,0.0,73.91,75.0,1.0,6.0,0.96,50.0,64.51,189.02,0.0,0.0,0.0,0.0,0.0,37.75,0.0,91.0,9.0,0.0,0.0,0.0,0.0,0.0,Very Low,10.333333333333334,1.0,1.0,189.02,0.9206666666666667,1.0,0.991,172.45819361333338,False,,,0.0,,0.0,,,False,False,,False,False,,,,,False,,,,1.0,,,,,172.45819361333338,1.0,172.45819361333338,0.0,0.0,1.0,0.0,145.03734082881337,199.87904639785336,81.85,51.78,67,-30.270841421199975,202.72903503453335,188.0,4,0.8,0.8,24.5,236.0,0.0,0.0,24.5,236.0,0.14,0.0,37.44081469321615,28.63,254,WR67,LATE / WATCH,"[""Excellent durability profile"", ""High ceiling outcome""]","[""Limited recent fantasy production"", ""Limited projected opportunity""]",No major hidden edge identified yet.,14,gsis_id,6,DEEP_DEPTH,2026-08-21 07:40:57+00:00
00-0034975,Justice Hill,RB,BAL,10.0,0.0,0.0,0.0,0.0,0.0,18.0,93.0,2.0,21.0,27.0,169.0,1.0,-6.0,0.10011482510624388,-0.006439026364388124,0.1456649192042941,65.2,0.0,0.0,0.0,0.0,0.0,0.0,0.0,0.0,0.0,0.0,0.0,1.0,1.0,0.0,0.0,ACT,7.0,2019.0,2019.0,BAL,113.0,False,False,,,,,,True,True,262.0,3.0,0.7777777777777778,6.2592592592592595,5.166666666666667,8.047619047619047,-0.2222222222222222,6.5200000000000005,69.2,6.92,50.0,39.0,1.774,50.0,50.0,1.0,0.0,1.0,50.0,50.0,0.0,2.7,1.8,0.0,9.3,0.2,41.04895104895105,0.0,88.0,12.0,0.0,0.0,0.0,0.0,0.0,Very Low,52.62237762237762,1.0,1.0,117.64,1.0052447552447552,1.0,0.988,117.3169445181818,False,,,0.0,,0.0,,,False,False,,False,False,,,,,False,,,,1.0041,1.0,1.0,0.9996,0.9997,116.83790909090908,1.0,117.3169445181818,0.0,0.0,1.0,0.47903542727271997,98.31159950623635,136.32228953012725,88.8,57.19,67,-91.90371703789091,209.2206615560727,274.0,4,6.92,6.92,24.5,137.0,0.0,0.0,24.5,137.0,0.24,0.0,26.960352368801537,28.59,255,RB67,LATE / WATCH,"[""Strong durability profile"", ""High ceiling outcome""]","[""Limited recent fantasy production""]",No major hidden edge identified yet.,13,gsis_id,2,BACKUP,2026-08-21 07:40:57+00:00
00-0035537,Ty Johnson,RB,BUF,17.0,0.0,0.0,0.0,0.0,0.0,50.0,200.0,3.0,24.0,33.0,263.0,2.0,-39.0,0.0684510609926211,-0.021071959126661186,0.0879262201002688,100.30000000000001,0.0,0.0,0.0,0.0,0.0,0.0,0.0,0.0,0.0,0.0,0.0,0.0,0.0,1.0,1.0,ACT,7.0,2019.0,2019.0,DET,186.0,False,False,,,,,,True,True,463.0,5.0,0.7272727272727273,7.96969696969697,4.0,10.958333333333334,-1.1818181818181819,5.9,104.3,6.135294117647058,50.0,74.0,1.409,50.0,50.0,1.0,0.0,1.0,50.0,50.0,0.0,1.9411764705882353,2.9411764705882355,0.0,11.764705882352942,0.17647058823529413,46.993006993006986,0.0,88.0,12.0,0.0,0.0,0.0,0.0,0.0,Very Low,53.56643356643357,1.0,1.0,104.3,1.0071328671328672,1.0,0.988,98.179125296,True,Questionable,Knee,0.45,UNKNOWN,0.45,,,False,False,D,False,False,D,Sleeper,,,False,,,,1.0,0.9992,1.0003,1.0009,1.0008,103.78343054545455,1.0,103.78343054545455,0.054,0.0,0.946,-5.604305249454555,82.274106998048,114.08414359395199,95.8,57.49,74,-111.04153626007272,209.2206615560727,314.0,4,1.64,1.64,24.5,137.0,0.0,0.0,24.5,137.0,0.24,0.0,22.576916341874686,28.49,256,RB74,LATE / WATCH,"[""Strong durability profile"", ""Very high projection confidence"", ""High ceiling outcome""]","[""Limited recent fantasy production""]",No major hidden edge identified yet.,7,gsis_id,3,DEPTH,2026-08-21 07:40:57+00:00
00-0036972,Mac Jones,QB,SF,11.0,201.0,289.0,2151.0,13.0,6.0,36.0,60.0,0.0,0.0,0.0,0.0,0.0,0.0,0.0,0.0,0.0,130.04,3.0,0.0,0.0,0.0,0.0,0.0,0.0,0.0,0.0,3.0,1.0,0.0,0.0,0.0,0.0,ACT,5.0,2021.0,2021.0,NE,15.0,False,False,,,,,,True,True,60.0,13.0,0.0,0.0,1.6666666666666667,0.0,0.0,11.82181818181818,160.04000000000002,14.54909090909091,50.0,36.0,4.446,50.0,50.0,1.0,0.0,1.0,50.0,50.0,0.0,0.0,3.272727272727273,26.272727272727273,5.454545454545454,0.0,49.58333333333333,49.58333333333333,89.0,10.9,0.0,0.0,0.0,0.0,5.9,Very Low,60.71428571428571,1.0,1.0,247.3345454545455,1.0214285714285714,1.0,0.9891,248.90631926705998,False,,,0.0,,0.0,,,False,False,,False,False,,,,,False,,,,1.0,0.9961,1.0015,1.0047,1.0039,249.8808546,0.9961,248.90631926705998,0.0,0.0,1.0,-0.9745353329400075,208.85729249699003,288.9553460371299,89.185,69.14,34,-129.4006359561103,378.3069552231703,76.0,2,10.36,10.36,22.5,61.0,28.97,28.97,22.5,61.0,22.72,0.0,0.0,28.48,257,QB34,LATE / WATCH,"[""Strong durability profile"", ""High ceiling outcome""]",[],No major hidden edge identified yet.,8,gsis_id,2,BACKUP,2026-08-21 07:40:57+00:00
00-0037231,Kevin Austin Jr.,WR,NO,5.0,0.0,0.0,0.0,0.0,0.0,0.0,0.0,0.0,13.0,23.0,140.0,1.0,191.0,0.13988028425105062,0.1303083405311768,0.3010362647483997,33.0,0.0,0.0,0.0,0.0,0.0,0.0,0.0,0.0,0.0,0.0,0.0,0.0,0.0,0.0,0.0,ACT,4.0,2022.0,2022.0,,0.0,False,False,,,,,,True,True,140.0,1.0,0.5652173913043478,6.086956521739131,0.0,10.76923076923077,8.304347826086957,6.6,33.0,6.6,50.0,13.0,2.538,50.0,50.0,1.0,0.0,1.0,50.0,50.0,0.0,4.6,0.0,0.0,0.0,0.0,37.75,0.0,91.0,9.0,0.0,0.0,0.0,0.0,0.0,Very Low,69.125,1.0,1.0,112.19999999999999,1.0382500000000001,1.0,0.991,117.65047652622299,False,,,0.0,,0.0,,,False,False,,False,False,,,,,False,,,,1.018,0.9991,1.0004,1.0011,1.0009,115.44322515,1.0011,117.65047652622299,0.0,0.0,1.0,2.2072513762229846,98.94405075855353,136.35690229389243,81.85,60.62,104,-85.07855850831037,202.72903503453335,273.0,4,1.5,1.5,24.5,236.0,0.0,0.0,24.5,236.0,0.14,0.0,25.542014547961323,28.46,258,WR104,LATE / WATCH,"[""Excellent durability profile"", ""High ceiling outcome""]","[""Limited recent fantasy production""]",No major hidden edge identified yet.,8,gsis_id,10,DEEP_DEPTH,2026-08-21 07:40:57+00:00
00-0036534,Shane Zylstra,TE,BUF,1.0,0.0,0.0,0.0,0.0,0.0,0.0,0.0,0.0,3.0,5.0,20.0,0.0,37.0,0.09615384615384616,0.11746031746031746,0.22645299145299147,5.0,0.0,0.0,0.0,0.0,0.0,0.0,0.0,0.0,0.0,0.0,0.0,0.0,0.0,0.0,0.0,ACT,5.0,2021.0,2021.0,,0.0,False,False,,,,,,True,True,20.0,0.0,0.6,4.0,0.0,6.666666666666667,7.4,5.0,5.0,5.0,50.0,3.0,1.667,50.0,50.0,1.0,0.0,1.0,50.0,50.0,0.0,5.0,0.0,0.0,0.0,0.0,0.0,0.0,90.0,10.0,0.0,0.0,0.0,0.0,0.0,Very Low,78.94366197183098,1.0,1.0,85.0,1.057887323943662,1.0,0.99,89.09243528450703,False,,,0.0,,0.0,,,False,False,,False,False,,,,,False,,,,1.0,0.9992,1.0003,1.0009,1.0008,89.02121830985915,1.0008,89.09243528450703,0.0,0.0,1.0,0.07121697464788213,74.8376456389859,103.34722493002815,81.5,60.76,61,-106.40445203129575,195.49688731580278,325.0,3,0.41,0.41,18.0,139.0,0.0,0.0,18.0,139.0,0.3,0.0,25.424875112078904,28.45,259,TE61,LATE / WATCH,"[""Strong projected opportunity"", ""Excellent durability profile"", ""High ceiling outcome""]","[""Limited recent fantasy production""]",No major hidden edge identified yet.,7,gsis_id,4,DEEP_DEPTH,2026-08-21 07:40:57+00:00
00-0041104,Demond Claiborne,RB,MIN,0.0,0.0,0.0,0.0,0.0,0.0,0.0,0.0,0.0,0.0,0.0,0.0,0.0,0.0,0.0,0.0,0.0,0.0,0.0,0.0,0.0,0.0,0.0,0.0,0.0,0.0,0.0,0.0,0.0,0.0,0.0,0.0,0.0,ACT,0.0,2026.0,2026.0,MIN,198.0,True,False,,,,,,True,True,0.0,0.0,0.0,0.0,0.0,0.0,0.0,0.0,0.0,0.0,46.13,0.0,0.0,73.65,85.0,1.0,0.0,1.0,50.0,62.35,207.17,0.0,0.0,0.0,0.0,0.0,11.433566433566433,0.0,88.0,12.0,0.0,0.0,0.0,0.0,0.0,Very Low,9.44055944055944,1.0,1.0,207.17,0.9188811188811189,1.0,0.988,188.08022618181818,False,,,0.0,,0.0,,,False,False,,False,False,,,,,False,,,,1.0,1.0,1.0,0.9998,0.9999,188.08022618181818,1.0,188.08022618181818,0.0,0.0,1.0,0.0,157.61122954036364,218.54922282327271,80.8,46.78,41,-21.140435374254537,209.2206615560727,156.0,4,6.01,6.01,24.5,137.0,0.0,0.0,24.5,137.0,0.24,0.0,43.16838080855357,28.43,260,RB41,LATE / WATCH,"[""Strong durability profile"", ""High ceiling outcome""]","[""Limited recent fantasy production"", ""Limited projected opportunity""]",No major hidden edge identified yet.,6,gsis_id,3,DEPTH,2026-08-21 07:40:57+00:00
00-0040648,Tory Horton,WR,SEA,8.0,0.0,0.0,0.0,0.0,0.0,0.0,0.0,0.0,13.0,22.0,161.0,5.0,337.0,0.1057619168356998,0.16793184865911379,0.2761951693149293,65.1,0.0,0.0,0.0,0.0,0.0,0.0,0.0,0.0,0.0,0.0,0.0,0.0,0.0,0.0,0.0,ACT,1.0,2025.0,2025.0,SEA,166.0,False,False,,,,,,True,True,161.0,5.0,0.5909090909090909,7.318181818181818,0.0,12.384615384615385,15.318181818181818,8.1375,59.1,7.3875,50.0,13.0,4.546,50.0,50.0,1.0,0.0,1.0,50.0,50.0,0.0,2.75,0.0,0.0,0.0,0.0,37.75,0.0,91.0,9.0,0.0,0.0,0.0,0.0,0.0,Very Low,62.458333333333336,1.0,1.0,125.5875,1.0249166666666667,1.0,0.991,120.67012472370625,True,Questionable,Undisclosed,0.45,UNKNOWN,0.45,,,False,False,F,False,False,F,Sleeper,,,False,,,,1.0,1.0,1.0,1.0001,1.0001,127.55827137812501,1.0,127.55827137812501,0.054,0.0,0.946,-6.888146654418762,101.48357489263695,139.8566745547755,81.85,59.95,102,-82.0589103108271,202.72903503453335,269.0,4,1.81,1.81,24.5,236.0,0.0,0.0,24.5,236.0,0.14,0.0,26.19758263801195,28.43,261,WR102,LATE / WATCH,"[""Excellent durability profile"", ""High ceiling outcome""]","[""Limited recent fantasy production""]",No major hidden edge identified yet.,11,gsis_id,4,DEEP_DEPTH,2026-08-21 07:40:57+00:00
00-0037801,KaVontae Turpin,WR,DAL,15.0,0.0,0.0,0.0,0.0,0.0,17.0,89.0,0.0,26.0,38.0,396.0,2.0,339.0,0.06934312810706501,0.07592911243545397,0.15716507086541529,84.5,0.0,0.0,0.0,0.0,0.0,0.0,0.0,0.0,0.0,0.0,0.0,0.0,0.0,2.0,1.0,ACT,7.0,2019.0,2022.0,,0.0,False,False,,,,,,True,True,485.0,2.0,0.6842105263157895,10.421052631578947,5.235294117647059,15.23076923076923,8.921052631578947,5.633333333333334,90.5,6.033333333333333,50.0,43.0,2.105,50.0,50.0,1.0,0.0,1.0,50.0,50.0,0.0,2.533333333333333,1.1333333333333333,0.0,5.933333333333334,0.0,88.8125,0.0,91.0,9.0,0.0,0.0,0.0,0.0,0.0,Very Low,49.58333333333333,1.0,1.0,102.56666666666666,0.9991666666666666,1.0,0.991,101.57917546718333,False,,,0.0,,0.0,,,False,False,,False,False,,,,,False,,,,1.0,0.9999,1.0001,1.0002,1.0002,101.55886369444444,1.0002,101.57917546718333,0.0,0.0,1.0,0.02031177273889284,85.42808656790118,117.73026436646546,96.85,57.27,119,-101.14985956735002,202.72903503453335,307.0,4,1.37,1.37,24.5,236.0,0.0,0.0,24.5,236.0,0.14,0.0,22.052921961386353,28.43,262,WR119,LATE / WATCH,"[""Hybrid rushing role adds extra fantasy upside"", ""Excellent durability profile"", ""Very high projection confidence"", ""High ceiling outcome""]","[""Limited recent fantasy production""]",Rushing usage creates additional fantasy scoring paths.,14,gsis_id,4,DEEP_DEPTH,2026-08-21 07:40:57+00:00
00-0040134,Pat Bryant,WR,DEN,13.0,0.0,0.0,0.0,0.0,0.0,0.0,0.0,0.0,31.0,49.0,378.0,1.0,410.0,0.10959196872399829,0.16203637038583896,0.2778134123560847,74.8,0.0,0.0,0.0,0.0,0.0,0.0,0.0,0.0,0.0,0.0,0.0,0.0,0.0,2.0,0.0,ACT,1.0,2025.0,2025.0,DEN,74.0,False,False,,,,,,True,True,378.0,1.0,0.6326530612244898,7.714285714285714,0.0,12.193548387096774,8.36734693877551,5.753846153846154,74.80000000000001,5.753846153846155,50.0,31.0,2.413,50.0,50.0,1.0,0.0,1.0,50.0,50.0,0.0,3.769230769230769,0.0,0.0,0.0,0.0,37.75,0.0,91.0,9.0,0.0,0.0,0.0,0.0,0.0,Very Low,66.45833333333333,1.0,1.0,97.81538461538463,1.0329166666666667,1.0,0.991,101.32823178087702,False,,,0.0,,0.0,,,False,False,,False,False,,,,,False,,,,1.0112,0.9994,1.0003,1.0008,1.0006,100.12582475641027,1.0008,101.32823178087702,0.0,0.0,1.0,1.2024070244667513,85.21704292771757,117.43942063403645,89.85,60.09,120,-101.40080325365633,202.72903503453335,309.0,4,0.25,0.25,24.5,236.0,0.0,0.0,24.5,236.0,0.14,0.0,21.9984418821244,28.42,263,WR120,LATE / WATCH,"[""Excellent durability profile"", ""High ceiling outcome""]","[""Limited recent fantasy production""]",No major hidden edge identified yet.,10,gsis_id,5,DEEP_DEPTH,2026-08-21 07:40:57+00:00
00-0038797,Emanuel Wilson,RB,SEA,17.0,0.0,0.0,0.0,0.0,0.0,125.0,496.0,3.0,15.0,17.0,99.0,0.0,-32.0,0.037322285557579674,-0.018630039522724153,0.04294240067046261,94.5,0.0,0.0,0.0,1.0,0.0,0.0,0.0,0.0,0.0,0.0,0.0,0.0,0.0,0.0,0.0,ACT,3.0,2023.0,2023.0,,0.0,False,False,,,,,,True,True,595.0,3.0,0.8823529411764706,5.823529411764706,3.968,6.6,-1.8823529411764706,5.5588235294117645,94.5,5.5588235294117645,50.0,140.0,0.675,50.0,50.0,1.0,0.0,1.0,50.0,50.0,0.0,1.0,7.352941176470588,0.0,29.176470588235293,0.17647058823529413,64.47552447552448,0.0,88.0,12.0,0.0,0.0,0.0,0.0,0.0,Very Low,60.6993006993007,1.0,1.0,94.5,1.0213986013986014,1.0,0.988,90.21425112,True,Questionable,Hamstring,0.45,UNKNOWN,0.45,,,False,False,D,False,False,D,Sleeper,,,False,,,,1.0,1.0,1.0,1.0001,1.0001,95.36390181818183,1.0,95.36390181818183,0.054,0.0,0.946,-5.14965069818183,75.59954243856,104.82895980143999,95.8,58.55,77,-119.00641043607271,209.2206615560727,321.0,4,2.97,2.97,24.5,137.0,0.0,0.0,24.5,137.0,0.24,0.0,20.75259581675702,28.39,264,RB77,LATE / WATCH,"[""Strong durability profile"", ""Very high projection confidence"", ""High ceiling outcome""]","[""Limited recent fantasy production""]",No major hidden edge identified yet.,11,gsis_id,4,DEEP_DEPTH,2026-08-21 07:40:57+00:00
00-0033526,Samaje Perine,RB,CIN,15.0,0.0,0.0,0.0,0.0,0.0,84.0,382.0,3.0,17.0,21.0,87.0,0.0,-32.0,0.04140430535019743,-0.00935150132194843,0.05556040709993224,77.9,0.0,0.0,0.0,0.0,0.0,0.0,0.0,0.0,0.0,0.0,0.0,0.0,0.0,0.0,0.0,ACT,9.0,2017.0,2017.0,WAS,114.0,False,False,,,,,,True,True,469.0,3.0,0.8095238095238095,4.142857142857143,4.5476190476190474,5.117647058823529,-1.5238095238095237,5.193333333333333,81.9,5.46,50.0,101.0,0.811,50.0,50.0,1.0,0.0,1.0,50.0,50.0,0.0,1.4,5.6,0.0,25.466666666666665,0.2,59.510489510489506,0.0,88.0,12.0,0.0,0.0,0.0,0.0,0.0,Very Low,58.05944055944055,1.0,1.0,92.82,1.016118881118881,1.0,0.988,93.18436069090909,False,,,0.0,,0.0,,,False,False,,False,False,,,,,False,,,,1.0,,,,,93.18436069090909,1.0,93.18436069090909,0.0,0.0,1.0,0.0,78.08849425898181,108.28022712283635,95.8,57.76,76,-116.03630086516362,209.2206615560727,318.0,4,3.09,3.09,24.5,137.0,0.0,0.0,24.5,137.0,0.24,0.0,21.432886770804334,28.33,265,RB76,LATE / WATCH,"[""Strong durability profile"", ""Very high projection confidence"", ""High ceiling outcome""]","[""Limited recent fantasy production""]",No major hidden edge identified yet.,6,gsis_id,2,BACKUP,2026-08-21 07:40:57+00:00
00-0039923,J.J. McCarthy,QB,MIN,10.0,140.0,243.0,1632.0,11.0,12.0,37.0,181.0,4.0,0.0,0.0,0.0,0.0,0.0,0.0,0.0,0.0,125.38,0.0,0.0,0.0,0.0,0.0,0.0,0.0,0.0,0.0,3.0,0.0,0.0,0.0,0.0,0.0,ACT,2.0,2024.0,2024.0,MIN,10.0,False,False,,,,,,True,True,181.0,15.0,0.0,0.0,4.891891891891892,0.0,0.0,12.538,151.38,15.138,50.0,37.0,4.091,50.0,50.0,1.0,0.0,1.0,50.0,50.0,0.0,0.0,3.7,24.3,18.1,0.4,80.17857142857143,80.17857142857143,85.4,14.6,0.0,0.0,0.0,0.0,9.6,Very Low,61.19047619047619,1.0,1.0,257.346,1.0223809523809524,1.0,0.9854,259.26430610228573,False,,,0.0,,0.0,,,False,False,,False,False,,,,,False,,,,1.0,1.0,1.0,0.9998,0.9999,259.26430610228573,1.0,259.26430610228573,0.0,0.0,1.0,0.0,216.5894013178495,301.9392108867219,87.89,68.9,33,-119.04264912088456,378.3069552231703,71.0,2,7.68,7.68,22.5,61.0,28.97,28.97,22.5,61.0,22.72,0.0,0.0,28.29,266,QB33,LATE / WATCH,"[""Strong fantasy production"", ""Above-average quarterback rushing floor"", ""Strong durability profile"", ""High ceiling outcome""]","[""Very high rushing contact exposure""]",Rushing usage creates additional fantasy scoring paths.,6,gsis_id,2,BACKUP,2026-08-21 07:40:57+00:00
00-0036212,Tua Tagovailoa,QB,ATL,14.0,260.0,384.0,2660.0,20.0,15.0,20.0,43.0,0.0,0.0,0.0,0.0,0.0,0.0,0.0,0.0,0.0,160.70000000000002,1.0,0.0,0.0,0.0,0.0,0.0,0.0,0.0,0.0,4.0,2.0,0.0,0.0,0.0,0.0,ACT,6.0,2020.0,2020.0,MIA,5.0,False,False,,,,,,True,True,43.0,20.0,0.0,0.0,2.15,0.0,0.0,11.47857142857143,201.7,14.407142857142857,50.0,20.0,10.085,50.0,50.0,1.0,0.0,1.0,50.0,50.0,0.0,0.0,1.4285714285714286,27.428571428571427,3.0714285714285716,0.0,35.0,35.0,90.8,9.2,0.0,0.0,0.0,0.0,4.2,Very Low,55.238095238095234,1.0,1.0,244.92142857142855,1.0104761904761905,1.0,0.9908,245.2103892054422,False,,,0.0,,0.0,,,False,False,,False,False,,,,,False,,,,1.0,1.0,1.0,0.999,0.9991,245.2103892054422,1.0,245.2103892054422,0.0,0.0,1.0,0.0,206.17289524393578,284.2478831669486,89.78,68.12,37,-133.0965660177281,378.3069552231703,81.0,2,1.81,1.81,22.5,61.0,28.97,28.97,22.5,61.0,22.72,0.0,0.0,28.28,267,QB37,LATE / WATCH,"[""Excellent durability profile"", ""High ceiling outcome""]",[],No major hidden edge identified yet.,11,gsis_id,1,STARTER,2026-08-21 07:40:57+00:00
00-0041568,Ty Simpson,QB,LAR,0.0,0.0,0.0,0.0,0.0,0.0,0.0,0.0,0.0,0.0,0.0,0.0,0.0,0.0,0.0,0.0,0.0,0.0,0.0,0.0,0.0,0.0,0.0,0.0,0.0,0.0,0.0,0.0,0.0,0.0,0.0,0.0,0.0,RES,0.0,2026.0,2026.0,LAR,13.0,True,False,,,,,,True,True,0.0,0.0,0.0,0.0,0.0,0.0,0.0,0.0,0.0,0.0,96.72,0.0,0.0,56.35,65.0,1.0,0.0,1.0,50.0,75.93,260.2,0.0,0.0,0.0,0.0,0.0,17.083333333333332,17.083333333333332,93.0,7.0,0.0,0.0,0.0,0.0,2.0,Very Low,8.154761904761903,1.0,1.0,260.2,0.9163095238095238,1.0,0.993,236.75477192857142,False,,,0.0,,0.0,,,False,False,,False,False,,,,,False,,,,1.0,,,,,236.75477192857142,1.0,236.75477192857142,0.0,0.0,1.0,0.0,199.5842727357857,273.92527112135707,82.55,71.01,42,-141.55218329459888,378.3069552231703,92.0,2,1.58,1.58,22.5,61.0,28.97,28.97,22.5,61.0,22.72,0.0,0.0,28.28,268,QB42,LATE / WATCH,"[""Excellent durability profile"", ""High ceiling outcome""]","[""Limited recent fantasy production"", ""Limited projected opportunity""]",No major hidden edge identified yet.,11,gsis_id,3,DEPTH,2026-08-21 07:40:57+00:00
00-0040737,Terrance Ferguson,TE,LAR,11.0,0.0,0.0,0.0,0.0,0.0,1.0,0.0,0.0,11.0,25.0,231.0,3.0,466.0,0.06453540003669894,0.1168905704414016,0.17862649936402952,52.1,0.0,0.0,0.0,0.0,0.0,0.0,0.0,0.0,0.0,0.0,0.0,0.0,0.0,0.0,0.0,ACT,1.0,2025.0,2025.0,LAR,46.0,False,False,,,,,,True,True,231.0,3.0,0.44,9.24,0.0,21.0,18.64,4.736363636363636,52.1,4.736363636363636,50.0,12.0,4.342,50.0,50.0,1.0,0.0,1.0,50.0,50.0,0.0,2.272727272727273,0.09090909090909091,0.0,0.0,0.0,0.0,0.0,90.0,10.0,0.0,0.0,0.0,0.0,0.0,Very Low,65.66901408450705,1.0,1.0,80.51818181818182,1.031338028169014,1.0,0.99,82.21104823943661,False,,,0.0,,0.0,,,False,False,,False,False,,,,,False,,,,1.0,,,,,82.21104823943661,1.0,82.21104823943661,0.0,0.0,1.0,0.0,69.05728052112674,95.36481595774646,89.5,58.31,65,-113.28583907636617,195.49688731580278,336.0,3,2.18,2.18,18.0,139.0,0.0,0.0,18.0,139.0,0.3,0.0,23.46108990786844,28.25,269,TE65,LATE / WATCH,"[""Excellent durability profile"", ""High ceiling outcome""]","[""Limited recent fantasy production""]",No major hidden edge identified yet.,11,gsis_id,3,DEPTH,2026-08-21 07:40:57+00:00
00-0039356,Ja'Tavion Sanders,TE,CAR,12.0,0.0,0.0,0.0,0.0,0.0,0.0,0.0,0.0,29.0,34.0,190.0,1.0,164.0,0.0915680000100193,0.05343641961402524,0.17475749374484661,54.0,0.0,0.0,0.0,0.0,0.0,0.0,0.0,0.0,0.0,0.0,0.0,0.0,0.0,0.0,0.0,ACT,2.0,2024.0,2024.0,CAR,101.0,False,False,,,,,,True,True,190.0,1.0,0.8529411764705882,5.588235294117647,0.0,6.551724137931035,4.823529411764706,4.5,54.0,4.5,50.0,29.0,1.862,50.0,50.0,1.0,0.0,1.0,50.0,50.0,0.0,2.8333333333333335,0.0,0.0,0.0,0.0,0.0,0.0,90.0,10.0,0.0,0.0,0.0,0.0,0.0,Very Low,68.45070422535211,1.0,1.0,76.5,1.0369014084507042,1.0,0.99,78.5532870874648,False,,,0.0,,0.0,,,False,False,,False,False,,,,,False,,,,1.0,0.9992,1.0003,1.0003,1.0003,78.52972816901409,1.0003,78.5532870874648,0.0,0.0,1.0,0.02355891845070346,65.98476115347043,91.12181302145916,89.5,58.71,70,-116.94360022833798,195.49688731580278,349.0,3,0.13,0.13,18.0,139.0,0.0,0.0,18.0,139.0,0.3,0.0,22.41725133524757,28.14,270,TE70,LATE / WATCH,"[""Excellent durability profile"", ""High ceiling outcome""]","[""Limited recent fantasy production""]",No major hidden edge identified yet.,5,gsis_id,4,DEEP_DEPTH,2026-08-21 07:40:57+00:00
00-0037614,John Metchie III,WR,CAR,13.0,0.0,0.0,0.0,0.0,0.0,3.0,-5.0,0.0,33.0,48.0,274.0,2.0,268.0,0.13206001548579274,0.1047123303898023,0.2713886545015507,71.9,0.0,0.0,0.0,0.0,0.0,0.0,0.0,0.0,0.0,0.0,0.0,0.0,0.0,0.0,0.0,ACT,4.0,2022.0,2022.0,HOU,44.0,False,False,,,,,,True,True,269.0,2.0,0.6875,5.708333333333333,-1.6666666666666667,8.303030303030303,5.583333333333333,5.5307692307692315,71.9,5.5307692307692315,50.0,36.0,1.997,50.0,50.0,1.0,0.0,1.0,50.0,50.0,0.0,3.6923076923076925,0.23076923076923078,0.0,-0.38461538461538464,0.0,47.5625,0.0,91.0,9.0,0.0,0.0,0.0,0.0,0.0,Very Low,64.5,1.0,1.0,94.02307692307694,1.029,1.0,0.991,97.34637857006298,False,,,0.0,,0.0,,,False,False,,False,False,,,,,False,,,,1.015,0.9992,1.0003,1.0003,1.0003,95.87899843846155,1.0003,97.34637857006298,0.0,0.0,1.0,1.4673801316014305,81.86830437742296,112.82445276270298,89.85,59.32,122,-105.38265646447037,202.72903503453335,315.0,4,1.81,1.81,24.5,236.0,0.0,0.0,24.5,236.0,0.14,0.0,21.133978297773428,28.06,271,WR122,LATE / WATCH,"[""Excellent durability profile"", ""High ceiling outcome""]","[""Limited recent fantasy production""]",No major hidden edge identified yet.,5,gsis_id,5,DEEP_DEPTH,2026-08-21 07:40:57+00:00
00-0038115,Daniel Bellinger,TE,TEN,13.0,0.0,0.0,0.0,0.0,0.0,0.0,0.0,0.0,19.0,26.0,286.0,2.0,244.0,0.06282152135151822,0.06623904290617862,0.14059961206160237,59.6,0.0,0.0,0.0,0.0,0.0,0.0,0.0,0.0,0.0,0.0,0.0,0.0,0.0,1.0,1.0,ACT,4.0,2022.0,2022.0,NYG,112.0,False,False,,,,,,True,True,286.0,2.0,0.7307692307692307,11.0,0.0,15.052631578947368,9.384615384615385,4.584615384615384,63.6,4.892307692307693,50.0,19.0,3.347,50.0,50.0,1.0,0.0,1.0,50.0,50.0,0.0,2.0,0.0,0.0,0.0,0.0,0.0,0.0,90.0,10.0,0.0,0.0,0.0,0.0,0.0,Very Low,59.63028169014085,1.0,1.0,83.16923076923078,1.0192605633802818,1.0,0.99,84.56980237457962,False,,,0.0,,0.0,,,False,False,,False,False,,,,,False,,,,1.0074,0.9985,1.0006,1.0004,1.0003,83.92340583965333,1.0003,84.56980237457962,0.0,0.0,1.0,0.6463965349262963,71.03863399464689,98.10097075451236,89.5,56.99,63,-110.92708494122316,195.49688731580278,333.0,3,3.05,3.05,18.0,139.0,0.0,0.0,18.0,139.0,0.3,0.0,24.134222583101753,28.05,272,TE63,LATE / WATCH,"[""Excellent durability profile"", ""High ceiling outcome""]","[""Limited recent fantasy production""]",No major hidden edge identified yet.,9,gsis_id,2,BACKUP,2026-08-21 07:40:57+00:00
00-0040202,Devin Neal,RB,NO,9.0,0.0,0.0,0.0,0.0,0.0,57.0,206.0,2.0,17.0,19.0,104.0,0.0,-38.0,0.061148370928830756,-0.015209394297245946,0.08107598038517397,60.0,0.0,0.0,0.0,0.0,0.0,0.0,0.0,0.0,0.0,0.0,0.0,0.0,0.0,0.0,0.0,ACT,1.0,2025.0,2025.0,NO,184.0,False,False,,,,,,True,True,310.0,2.0,0.8947368421052632,5.473684210526316,3.6140350877192984,6.117647058823529,-2.0,6.666666666666667,60.0,6.666666666666667,50.0,74.0,0.811,50.0,50.0,1.0,0.0,1.0,50.0,50.0,0.0,2.111111111111111,6.333333333333333,0.0,22.88888888888889,0.2222222222222222,59.44055944055944,0.0,88.0,12.0,0.0,0.0,0.0,0.0,0.0,Very Low,63.28671328671329,1.0,1.0,113.33333333333334,1.0265734265734265,1.0,0.988,116.23677216690423,False,,,0.0,,0.0,,,False,False,,False,False,,,,,False,,,,1.0108,0.9991,1.0004,1.0011,1.0009,114.94884848484848,1.0004,116.23677216690423,0.0,0.0,1.0,1.287923682055748,97.40641507586574,135.0671292579427,80.8,58.34,68,-92.98388938916848,209.2206615560727,275.0,4,1.08,1.08,24.5,137.0,0.0,0.0,24.5,137.0,0.24,0.0,26.712943489821615,28.03,273,RB68,LATE / WATCH,"[""Strong durability profile"", ""High ceiling outcome""]","[""Limited recent fantasy production""]",No major hidden edge identified yet.,8,gsis_id,4,DEEP_DEPTH,2026-08-21 07:40:57+00:00
00-0031503,Jameis Winston,QB,NYG,3.0,37.0,66.0,567.0,2.0,2.0,7.0,23.0,1.0,1.0,1.0,33.0,1.0,13.0,0.00980392156862745,0.010594947025264874,0.02212234527062659,43.28,1.0,0.0,0.0,0.0,0.0,0.0,0.0,0.0,0.0,2.0,0.0,0.0,0.0,0.0,0.0,ACT,11.0,2015.0,2015.0,TB,1.0,False,False,,,,,,True,True,56.0,4.0,1.0,33.0,3.2857142857142856,33.0,13.0,14.426666666666668,57.28,19.093333333333334,50.0,8.0,7.16,50.0,50.0,1.0,0.0,1.0,50.0,50.0,0.0,0.3333333333333333,2.3333333333333335,22.0,7.666666666666667,0.3333333333333333,65.0297619047619,65.0297619047619,87.2,12.8,0.0,0.0,0.0,0.0,7.8,Very Low,50.238095238095234,1.0,1.0,324.5866666666667,1.0004761904761905,1.0,0.9872,320.16778407250905,False,,,0.0,,0.0,,,False,False,,False,False,,,,,False,,,,1.0,0.9987,1.0005,1.0015,1.0013,320.5845439796826,0.9987,320.16778407250905,0.0,0.0,1.0,-0.4167599071735708,268.04446882550457,372.2910993195135,80.52,70.49,23,-58.13917115066124,378.3069552231703,39.0,2,6.07,6.07,22.5,61.0,28.97,28.97,22.5,61.0,22.72,0.0,0.0,27.95,274,QB23,LATE / WATCH,"[""Strong fantasy production"", ""Above-average quarterback rushing floor"", ""Strong durability profile"", ""High ceiling outcome""]","[""Elevated rushing contact exposure""]",No major hidden edge identified yet.,8,gsis_id,2,BACKUP,2026-08-21 07:40:57+00:00
00-0038951,Sean Tucker,RB,TB,17.0,0.0,0.0,0.0,0.0,0.0,86.0,320.0,7.0,8.0,11.0,34.0,1.0,-10.0,0.018916417867093038,-0.0010702393198831104,0.027625459276721376,91.4,0.0,0.0,0.0,1.0,0.0,0.0,0.0,0.0,0.0,0.0,0.0,1.0,1.0,0.0,0.0,ACT,3.0,2023.0,2023.0,,0.0,False,False,,,,,,True,True,354.0,8.0,0.7272727272727273,3.090909090909091,3.7209302325581395,4.25,-0.9090909090909091,5.376470588235295,97.4,5.729411764705882,50.0,94.0,1.036,50.0,50.0,1.0,0.0,1.0,50.0,50.0,0.0,0.6470588235294118,5.0588235294117645,0.0,18.823529411764707,0.4117647058823529,58.39160839160839,0.0,88.0,12.0,0.0,0.0,0.0,0.0,0.0,Very Low,48.25174825174825,1.0,1.0,97.4,0.9965034965034966,1.0,0.988,96.278593866,False,,,0.0,,0.0,,,False,False,,False,False,,,,,False,,,,1.003,0.9977,1.001,1.0029,1.0024,95.89472727272728,1.001,96.278593866,0.0,0.0,1.0,0.3838665932727139,80.68146165970799,111.87572607229198,95.8,55.65,75,-112.94206769007272,209.2206615560727,316.0,4,1.9,1.9,24.5,137.0,0.0,0.0,24.5,137.0,0.24,0.0,22.141607708019848,27.94,275,RB75,LATE / WATCH,"[""Strong durability profile"", ""Very high projection confidence"", ""High ceiling outcome""]","[""Limited recent fantasy production""]",No major hidden edge identified yet.,10,gsis_id,3,DEPTH,2026-08-21 07:40:57+00:00
00-0034613,Tanner Hudson,TE,CIN,10.0,0.0,0.0,0.0,0.0,0.0,0.0,0.0,0.0,19.0,24.0,168.0,2.0,119.0,0.06413706839228661,0.037564300627050254,0.1225006130273651,47.8,0.0,0.0,0.0,0.0,0.0,0.0,0.0,0.0,0.0,0.0,0.0,0.0,0.0,0.0,0.0,ACT,8.0,2018.0,2018.0,,0.0,False,False,,,,,,True,True,168.0,2.0,0.7916666666666666,7.0,0.0,8.842105263157896,4.958333333333333,4.779999999999999,47.8,4.779999999999999,50.0,19.0,2.516,50.0,50.0,1.0,0.0,1.0,50.0,50.0,0.0,2.4,0.0,0.0,0.0,0.0,0.0,0.0,90.0,10.0,0.0,0.0,0.0,0.0,0.0,Very Low,59.647887323943664,1.0,1.0,81.25999999999999,1.0192957746478872,1.0,0.99,81.99969490140843,False,,,0.0,,0.0,,,False,False,,False,False,,,,,False,,,,1.0,,,,,81.99969490140843,1.0,81.99969490140843,0.0,0.0,1.0,0.0,68.87974371718308,95.11964608563378,89.5,56.86,66,-113.49719241439435,195.49688731580278,337.0,3,0.21,0.21,18.0,139.0,0.0,0.0,18.0,139.0,0.3,0.0,23.400774661049482,27.88,276,TE66,LATE / WATCH,"[""Excellent durability profile"", ""High ceiling outcome""]","[""Limited recent fantasy production""]",No major hidden edge identified yet.,6,gsis_id,3,DEPTH,2026-08-21 07:40:57+00:00
00-0034775,Christian Kirk,WR,SF,11.0,0.0,0.0,0.0,0.0,0.0,0.0,0.0,0.0,28.0,52.0,239.0,1.0,365.0,0.1457830508287641,0.1152797342252783,0.29937039020084105,57.9,0.0,0.0,0.0,0.0,0.0,0.0,0.0,0.0,0.0,0.0,0.0,0.0,0.0,1.0,0.0,ACT,8.0,2018.0,2018.0,ARI,47.0,False,False,,,,,,True,True,239.0,1.0,0.5384615384615384,4.596153846153846,0.0,8.535714285714286,7.019230769230769,5.263636363636364,57.900000000000006,5.263636363636365,50.0,28.0,2.068,50.0,50.0,1.0,0.0,1.0,50.0,50.0,0.0,4.7272727272727275,0.0,0.0,0.0,0.0,37.75,0.0,91.0,9.0,0.0,0.0,0.0,0.0,0.0,Very Low,69.58333333333333,1.0,1.0,89.4818181818182,1.0391666666666666,1.0,0.991,87.1735632455,True,Questionable,Undisclosed,0.45,UNKNOWN,0.45,,,False,False,F,False,False,F,Sleeper,,,False,,,,1.0,0.9961,1.0015,1.0047,1.0039,92.14964402272729,1.0,92.14964402272729,0.054,0.0,0.946,-4.976080777227281,73.3129666894655,101.03415980153449,89.85,60.25,128,-115.55547178903335,202.72903503453335,330.0,4,0.27,0.27,24.5,236.0,0.0,0.0,24.5,236.0,0.14,0.0,18.92545178189657,27.85,277,WR128,LATE / WATCH,"[""Excellent durability profile"", ""High ceiling outcome""]","[""Limited recent fantasy production""]",No major hidden edge identified yet.,8,gsis_id,3,DEPTH,2026-08-21 07:40:57+00:00
00-0039074,Davis Allen,TE,LAR,15.0,0.0,0.0,0.0,0.0,0.0,0.0,0.0,0.0,24.0,33.0,208.0,3.0,130.0,0.06347992225232067,0.027350108505173023,0.11436495933210213,62.800000000000004,0.0,0.0,0.0,0.0,0.0,0.0,0.0,0.0,0.0,0.0,0.0,0.0,0.0,0.0,0.0,ACT,3.0,2023.0,2023.0,LAR,175.0,False,False,,,,,,True,True,208.0,3.0,0.7272727272727273,6.303030303030303,0.0,8.666666666666666,3.9393939393939394,4.1866666666666665,62.8,4.1866666666666665,50.0,24.0,2.617,50.0,50.0,1.0,0.0,1.0,50.0,50.0,0.0,2.2,0.0,0.0,0.0,0.0,0.0,0.0,90.0,10.0,0.0,0.0,0.0,0.0,0.0,Very Low,56.54929577464789,1.0,1.0,71.17333333333333,1.0130985915492958,1.0,0.99,71.38454771830986,False,,,0.0,,0.0,,,False,False,,False,False,,,,,False,,,,1.0,,,,,71.38454771830986,1.0,71.38454771830986,0.0,0.0,1.0,0.0,59.96302008338028,82.80607535323944,96.5,56.39,73,-124.11233959749292,195.49688731580278,362.0,3,2.87,2.87,18.0,139.0,0.0,0.0,18.0,139.0,0.3,0.0,20.371462570020014,27.85,278,TE73,LATE / WATCH,"[""Excellent durability profile"", ""Very high projection confidence"", ""High ceiling outcome""]","[""Limited recent fantasy production""]",No major hidden edge identified yet.,11,gsis_id,5,DEEP_DEPTH,2026-08-21 07:40:57+00:00
00-0032392,Austin Hooper,TE,ATL,13.0,0.0,0.0,0.0,0.0,0.0,0.0,0.0,0.0,21.0,26.0,263.0,2.0,234.0,0.07103212693079525,0.06903537699930595,0.15487295429570702,59.300000000000004,0.0,0.0,0.0,0.0,0.0,0.0,0.0,0.0,0.0,0.0,0.0,0.0,0.0,0.0,0.0,ACT,10.0,2016.0,2016.0,ATL,81.0,False,False,,,,,,True,True,263.0,2.0,0.8076923076923077,10.115384615384615,0.0,12.523809523809524,9.0,4.561538461538462,59.3,4.561538461538461,50.0,21.0,2.824,50.0,50.0,1.0,0.0,1.0,50.0,50.0,0.0,2.0,0.0,0.0,0.0,0.0,0.0,0.0,90.0,10.0,0.0,0.0,0.0,0.0,0.0,Very Low,62.940140845070424,1.0,1.0,77.54615384615384,1.025880281690141,1.0,0.99,78.68665766465736,False,,,0.0,,0.0,,,False,False,,False,False,,,,,False,,,,1.0,1.0,1.0,0.999,0.9991,78.75753945016251,0.9991,78.68665766465736,0.0,0.0,1.0,-0.07088178550515067,66.09679243831218,91.27652289100253,89.5,57.41,69,-116.81022965114542,195.49688731580278,348.0,3,1.31,1.31,18.0,139.0,0.0,0.0,18.0,139.0,0.3,0.0,22.455312145437777,27.82,279,TE69,LATE / WATCH,"[""Excellent durability profile"", ""High ceiling outcome""]","[""Limited recent fantasy production""]",No major hidden edge identified yet.,11,gsis_id,3,DEPTH,2026-08-21 07:40:57+00:00
00-0036415,Van Jefferson,WR,WAS,14.0,0.0,0.0,0.0,0.0,0.0,0.0,0.0,0.0,29.0,52.0,350.0,1.0,623.0,0.1203991887651996,0.20002955380960377,0.3206194708145221,70.0,0.0,0.0,0.0,0.0,0.0,0.0,0.0,0.0,0.0,0.0,0.0,0.0,0.0,1.0,0.0,ACT,6.0,2020.0,2020.0,LAR,57.0,False,False,,,,,,True,True,350.0,1.0,0.5576923076923077,6.730769230769231,0.0,12.068965517241379,11.98076923076923,5.0,70.0,5.0,50.0,29.0,2.414,50.0,50.0,1.0,0.0,1.0,50.0,50.0,0.0,3.7142857142857144,0.0,0.0,0.0,0.0,37.75,0.0,91.0,9.0,0.0,0.0,0.0,0.0,0.0,Very Low,69.54166666666666,1.0,1.0,85.0,1.0390833333333334,1.0,0.991,87.43965739875,False,,,0.0,,0.0,,,False,False,,False,False,,,,,False,,,,1.0,0.9997,1.0002,0.999,0.9992,87.52718458333334,0.999,87.43965739875,0.0,0.0,1.0,-0.08752718458333675,73.53675187234874,101.34256292515123,89.85,59.91,127,-115.28937763578335,202.72903503453335,329.0,4,0.02,0.02,24.5,236.0,0.0,0.0,24.5,236.0,0.14,0.0,18.983221039906535,27.77,280,WR127,LATE / WATCH,"[""Excellent durability profile"", ""High ceiling outcome""]","[""Limited recent fantasy production""]",No major hidden edge identified yet.,7,gsis_id,8,DEEP_DEPTH,2026-08-21 07:40:57+00:00
00-0040668,Shedeur Sanders,QB,CLE,8.0,120.0,212.0,1400.0,7.0,10.0,21.0,169.0,1.0,0.0,0.0,0.0,0.0,0.0,0.0,0.0,0.0,84.9,1.0,0.0,0.0,0.0,0.0,0.0,0.0,0.0,0.0,7.0,2.0,0.0,0.0,0.0,0.0,ACT,1.0,2025.0,2025.0,CLE,144.0,False,False,,,,,,True,True,169.0,8.0,0.0,0.0,8.047619047619047,0.0,0.0,10.6125,134.9,16.8625,50.0,21.0,6.424,50.0,50.0,1.0,0.0,1.0,50.0,50.0,0.0,0.0,2.625,26.5,21.125,0.125,70.59523809523809,70.59523809523809,86.5,13.5,0.0,0.0,0.0,0.0,8.5,Very Low,59.46428571428571,1.0,1.0,286.6625,1.0189285714285714,1.0,0.9865,287.97252810123615,False,,,0.0,,0.0,,,False,False,,False,False,,,,,False,,,,1.0,0.9994,1.0003,1.0008,1.0006,288.14541535044646,0.9994,287.97252810123615,0.0,0.0,1.0,-0.17288724921030507,240.88901975668404,335.05603644578827,80.275,69.77,31,-90.33442712193414,378.3069552231703,53.0,2,0.53,0.53,22.5,61.0,28.97,28.97,22.5,61.0,22.72,0.0,0.0,27.74,281,QB31,LATE / WATCH,"[""Strong fantasy production"", ""Above-average quarterback rushing floor"", ""Strong durability profile"", ""High ceiling outcome""]","[""Elevated rushing contact exposure""]",No major hidden edge identified yet.,11,gsis_id,2,BACKUP,2026-08-21 07:40:57+00:00
00-0036945,Justin Fields,QB,KC,9.0,128.0,204.0,1259.0,7.0,1.0,71.0,383.0,4.0,0.0,1.0,0.0,0.0,6.0,0.004273504273504274,0.00315955766192733,0.00862194677360554,142.66,0.0,0.0,0.0,0.0,0.0,0.0,0.0,0.0,0.0,1.0,1.0,1.0,1.0,0.0,0.0,ACT,5.0,2021.0,2021.0,CHI,11.0,False,False,,,,,,True,True,383.0,11.0,0.0,0.0,5.394366197183099,0.0,6.0,15.851111111111111,151.66,16.85111111111111,50.0,71.0,2.136,50.0,50.0,1.0,0.0,1.0,50.0,50.0,0.0,0.1111111111111111,7.888888888888889,22.666666666666668,42.55555555555556,0.4444444444444444,97.79761904761904,97.79761904761904,83.3,16.7,0.0,0.0,0.0,0.0,11.7,Low,64.64285714285714,1.0,1.0,286.46888888888884,1.0292857142857144,1.0,0.9833,289.73124678695103,False,,,0.0,,0.0,,,False,False,,False,False,,,,,False,,,,1.0,0.9993,1.0003,0.9968,0.9973,289.9342007274603,0.9993,289.73124678695103,0.0,0.0,1.0,-0.20295394050924642,241.43304794756628,338.0294456263357,79.155,70.08,29,-88.57570843621926,378.3069552231703,49.0,2,5.64,5.64,22.5,61.0,28.97,28.97,22.5,61.0,22.72,0.0,0.0,27.71,282,QB29,LATE / WATCH,"[""Strong fantasy production"", ""Elite quarterback rushing upside"", ""Strong durability profile"", ""High ceiling outcome""]","[""Very high rushing contact exposure""]",Rushing usage creates additional fantasy scoring paths.,5,gsis_id,2,BACKUP,2026-08-21 07:40:57+00:00
00-0040667,Matthew Golden,WR,GB,14.0,0.0,0.0,0.0,0.0,0.0,10.0,49.0,0.0,29.0,44.0,361.0,0.0,552.0,0.12389280549218437,0.19409788994592472,0.32170773120042384,70.0,0.0,0.0,0.0,0.0,0.0,0.0,0.0,0.0,0.0,0.0,0.0,0.0,0.0,1.0,0.0,ACT,1.0,2025.0,2025.0,GB,23.0,False,False,,,,,,True,True,410.0,0.0,0.6590909090909091,8.204545454545455,4.9,12.448275862068966,12.545454545454545,5.0,70.0,5.0,50.0,39.0,1.795,50.0,50.0,1.0,0.0,1.0,50.0,50.0,0.0,3.142857142857143,0.7142857142857143,0.0,3.5,0.0,85.81250000000001,0.0,91.0,9.0,0.0,0.0,0.0,0.0,0.0,Very Low,67.83333333333334,1.0,1.0,85.0,1.0356666666666667,1.0,0.991,87.45748012083332,False,,,0.0,,0.0,,,False,False,,False,False,,,,,False,,,,1.0,0.998,1.0008,1.0025,1.0021,87.23938166666666,1.0025,87.45748012083332,0.0,0.0,1.0,0.21809845416666462,73.55174078162082,101.36321946004581,89.85,59.48,126,-115.27155491370003,202.72903503453335,328.0,4,0.96,0.96,24.5,236.0,0.0,0.0,24.5,236.0,0.14,0.0,18.987090367428003,27.67,283,WR126,LATE / WATCH,"[""Hybrid rushing role adds extra fantasy upside"", ""Excellent durability profile"", ""High ceiling outcome""]","[""Limited recent fantasy production""]",Rushing usage creates additional fantasy scoring paths.,11,gsis_id,3,DEPTH,2026-08-21 07:40:57+00:00
00-0029604,Kirk Cousins,QB,LV,10.0,166.0,269.0,1721.0,10.0,5.0,14.0,7.0,1.0,0.0,0.0,0.0,0.0,0.0,0.0,0.0,0.0,103.54,1.0,0.0,0.0,0.0,0.0,0.0,0.0,0.0,0.0,3.0,1.0,0.0,0.0,0.0,0.0,ACT,14.0,2012.0,2012.0,WAS,102.0,False,False,,,,,,True,True,7.0,11.0,0.0,0.0,0.5,0.0,0.0,10.354000000000001,128.54000000000002,12.854000000000003,50.0,14.0,9.181,50.0,50.0,1.0,0.0,1.0,50.0,50.0,0.0,0.0,1.4,26.9,0.7,0.1,41.13095238095238,41.13095238095238,90.1,9.9,0.0,0.0,0.0,0.0,4.9,Very Low,53.69047619047619,1.0,1.0,218.51800000000006,1.0073809523809525,1.0,0.9901,217.82080438475447,False,,,0.0,,0.0,,,False,False,,False,False,,,,,False,,,,1.0,0.9994,1.0002,1.0007,1.0006,217.95157532995245,0.9994,217.82080438475447,0.0,0.0,1.0,-0.13077094519798038,182.9912577636322,252.6503510058767,89.535,65.57,45,-160.48615083841582,378.3069552231703,107.0,2,4.47,4.47,22.5,61.0,28.97,28.97,22.5,61.0,22.72,0.0,0.0,27.62,284,QB45,LATE / WATCH,"[""Excellent durability profile"", ""High ceiling outcome""]",[],No major hidden edge identified yet.,13,gsis_id,1,STARTER,2026-08-21 07:40:57+00:00
00-0039376,Spencer Rattler,QB,NO,9.0,174.0,257.0,1586.0,8.0,5.0,31.0,167.0,0.0,1.0,2.0,0.0,0.0,4.0,0.008028673835125448,0.0035842293906810036,0.014551971326164877,99.14,0.0,0.0,0.0,0.0,0.0,0.0,0.0,0.0,0.0,3.0,1.0,0.0,0.0,0.0,0.0,ACT,2.0,2024.0,2024.0,NO,150.0,False,False,,,,,,True,True,167.0,8.0,0.5,0.0,5.387096774193548,0.0,2.0,11.015555555555556,124.14,13.793333333333333,50.0,32.0,3.879,50.0,50.0,1.0,0.0,1.0,50.0,50.0,0.0,0.2222222222222222,3.4444444444444446,28.555555555555557,18.555555555555557,0.0,60.83333333333333,60.83333333333333,87.7,12.3,0.0,0.0,0.0,0.0,7.3,Very Low,68.45238095238093,1.0,1.0,234.48666666666665,1.0369047619047618,1.0,0.9877,239.9335803286572,False,,,0.0,,0.0,,,False,False,,False,False,,,,,False,,,,1.0,0.9991,1.0004,1.0011,1.0009,240.1497150722222,0.9991,239.9335803286572,0.0,0.0,1.0,-0.21613474356499296,200.99236024131613,278.8748004159982,80.695,68.52,40,-138.3733748945131,378.3069552231703,89.0,2,1.48,1.48,22.5,61.0,28.97,28.97,22.5,61.0,22.72,0.0,0.0,27.47,285,QB40,LATE / WATCH,"[""Strong durability profile"", ""High ceiling outcome""]","[""Elevated rushing contact exposure""]",No major hidden edge identified yet.,8,gsis_id,2,BACKUP,2026-08-21 07:40:57+00:00
00-0035500,Greg Dortch,WR,DET,12.0,0.0,0.0,0.0,0.0,0.0,7.0,15.0,1.0,29.0,33.0,206.0,3.0,58.0,0.0681307205119931,0.011573244333523592,0.11029735180145618,75.10000000000001,0.0,0.0,0.0,0.0,0.0,0.0,0.0,0.0,0.0,0.0,0.0,0.0,0.0,0.0,0.0,ACT,7.0,2019.0,2019.0,,0.0,False,False,,,,,,True,True,221.0,4.0,0.8787878787878788,6.242424242424242,2.142857142857143,7.103448275862069,1.7575757575757576,6.258333333333334,75.1,6.258333333333333,50.0,36.0,2.086,50.0,50.0,1.0,0.0,1.0,50.0,50.0,0.0,2.75,0.5833333333333334,0.0,1.25,0.08333333333333333,91.83333333333334,0.0,91.0,9.0,0.0,0.0,0.0,0.0,0.0,Very Low,44.45833333333334,1.0,1.0,106.39166666666665,0.9889166666666667,1.0,0.991,104.66212799672935,False,,,0.0,,0.0,,,False,False,,False,False,,,,,False,,,,1.0025,0.9989,1.0005,1.0013,1.0011,104.2655799298611,1.0013,104.66212799672935,0.0,0.0,1.0,0.39654806686824884,88.02084964524938,121.3034063482093,89.85,55.22,114,-98.066907037804,202.72903503453335,299.0,4,0.43,0.43,24.5,236.0,0.0,0.0,24.5,236.0,0.14,0.0,22.722233473633285,27.35,286,WR114,LATE / WATCH,"[""Hybrid rushing role adds extra fantasy upside"", ""Excellent durability profile"", ""High ceiling outcome""]","[""Limited recent fantasy production""]",Rushing usage creates additional fantasy scoring paths.,6,gsis_id,4,DEEP_DEPTH,2026-08-21 07:40:57+00:00
00-0040890,Cyrus Allen,WR,KC,0.0,0.0,0.0,0.0,0.0,0.0,0.0,0.0,0.0,0.0,0.0,0.0,0.0,0.0,0.0,0.0,0.0,0.0,0.0,0.0,0.0,0.0,0.0,0.0,0.0,0.0,0.0,0.0,0.0,0.0,0.0,0.0,0.0,ACT,0.0,2026.0,2026.0,KC,176.0,True,False,,,,,,True,True,0.0,0.0,0.0,0.0,0.0,0.0,0.0,0.0,0.0,0.0,52.15,0.0,0.0,70.75,75.0,1.0,6.0,0.96,50.0,59.7,179.4,0.0,0.0,0.0,0.0,0.0,37.75,0.0,91.0,9.0,0.0,0.0,0.0,0.0,0.0,Very Low,10.333333333333334,1.0,1.0,179.4,0.9206666666666667,1.0,0.991,165.13151558337327,False,,,0.0,,0.0,,,False,False,,False,False,,,,,False,,,,1.0121,0.9993,1.0003,0.9968,0.9973,163.68109160000003,0.9968,165.13151558337327,0.0,0.0,1.0,1.4504239833732413,138.87560460561693,191.3874265611296,81.85,47.66,71,-37.59751945116008,202.72903503453335,194.0,4,2.54,2.54,24.5,236.0,0.0,0.0,24.5,236.0,0.14,0.0,35.850186908655,27.28,287,WR71,LATE / WATCH,"[""Excellent durability profile"", ""High ceiling outcome""]","[""Limited recent fantasy production"", ""Limited projected opportunity""]",No major hidden edge identified yet.,5,gsis_id,5,DEEP_DEPTH,2026-08-21 07:40:57+00:00
00-0035249,Josh Oliver,TE,MIN,12.0,0.0,0.0,0.0,0.0,0.0,0.0,0.0,0.0,15.0,19.0,160.0,4.0,64.0,0.06534156839064127,0.03705617908542682,0.12395167794576069,55.0,0.0,0.0,0.0,0.0,0.0,0.0,0.0,0.0,0.0,0.0,0.0,0.0,0.0,0.0,0.0,ACT,7.0,2019.0,2019.0,JAX,69.0,False,False,,,,,,True,True,160.0,4.0,0.7894736842105263,8.421052631578947,0.0,10.666666666666666,3.3684210526315788,4.583333333333333,55.0,4.583333333333333,50.0,15.0,3.667,50.0,50.0,1.0,0.0,1.0,50.0,50.0,0.0,1.5833333333333333,0.0,0.0,0.0,0.0,0.0,0.0,90.0,10.0,0.0,0.0,0.0,0.0,0.0,Very Low,54.20774647887324,1.0,1.0,77.91666666666666,1.0084154929577465,1.0,0.99,77.77887142301935,False,,,0.0,,0.0,,,False,False,,False,False,,,,,False,,,,1.0,1.0,1.0,0.9998,0.9999,77.78665008802815,0.9999,77.77887142301935,0.0,0.0,1.0,-0.00777866500880009,65.33425199533626,90.22349085070245,89.5,55.25,71,-117.71801589278343,195.49688731580278,350.0,3,0.77,0.77,18.0,139.0,0.0,0.0,18.0,139.0,0.3,0.0,22.19625140982756,27.23,288,TE71,LATE / WATCH,"[""Excellent durability profile"", ""High ceiling outcome""]","[""Limited recent fantasy production""]",No major hidden edge identified yet.,6,gsis_id,2,BACKUP,2026-08-21 07:40:57+00:00
00-0038979,Cedric Tillman,WR,CLE,12.0,0.0,0.0,0.0,0.0,0.0,0.0,0.0,0.0,21.0,39.0,270.0,2.0,463.0,0.10506551726800845,0.1669262411386454,0.2744466446990644,60.0,0.0,0.0,0.0,0.0,0.0,0.0,0.0,0.0,0.0,0.0,0.0,0.0,0.0,1.0,0.0,ACT,3.0,2023.0,2023.0,CLE,74.0,False,False,,,,,,True,True,270.0,2.0,0.5384615384615384,6.923076923076923,0.0,12.857142857142858,11.871794871794872,5.0,60.0,5.0,50.0,21.0,2.857,50.0,50.0,1.0,0.0,1.0,50.0,50.0,0.0,3.25,0.0,0.0,0.0,0.0,37.75,0.0,91.0,9.0,0.0,0.0,0.0,0.0,0.0,Very Low,64.25,1.0,1.0,85.0,1.0285,1.0,0.991,81.957369835,True,Questionable,Undisclosed,0.45,UNKNOWN,0.45,,,False,False,F,False,False,F,Sleeper,,,False,,,,1.0,0.9994,1.0003,1.0008,1.0006,86.63569749999999,1.0,86.63569749999999,0.054,0.0,0.946,-4.678327664999998,68.92614803123499,94.98859163876497,89.85,58.59,130,-120.77166519953336,202.72903503453335,338.0,4,4.91,4.91,24.5,236.0,0.0,0.0,24.5,236.0,0.14,0.0,17.79301193201398,27.21,289,WR130,LATE / WATCH,"[""Excellent durability profile"", ""High ceiling outcome""]","[""Limited recent fantasy production""]",No major hidden edge identified yet.,11,gsis_id,4,DEEP_DEPTH,2026-08-21 07:40:57+00:00
00-0039041,Elijah Higgins,TE,ARI,17.0,0.0,0.0,0.0,0.0,0.0,0.0,0.0,0.0,30.0,37.0,301.0,0.0,148.0,0.06658403221327504,0.03487491815704861,0.1242884910298466,58.1,0.0,0.0,0.0,0.0,0.0,0.0,0.0,0.0,0.0,0.0,0.0,0.0,0.0,0.0,0.0,ACT,3.0,2023.0,2023.0,MIA,197.0,False,False,,,,,,True,True,301.0,0.0,0.8108108108108109,8.135135135135135,0.0,10.033333333333333,4.0,3.4176470588235297,60.1,3.5352941176470587,50.0,30.0,2.003,50.0,50.0,1.0,0.0,1.0,50.0,50.0,0.0,2.176470588235294,0.0,0.0,0.0,0.0,0.0,0.0,90.0,10.0,0.0,0.0,0.0,0.0,0.0,Very Low,59.33098591549296,1.0,1.0,60.099999999999994,1.018661971830986,1.0,0.99,60.60936866197183,False,,,0.0,,0.0,,,False,False,,False,False,,,,,False,,,,1.0,,,,,60.60936866197183,1.0,60.60936866197183,0.0,0.0,1.0,0.0,50.911869676056334,70.30686764788732,96.5,56.26,75,-134.88751865383097,195.49688731580278,392.0,3,7.93,7.93,18.0,139.0,0.0,0.0,18.0,139.0,0.3,0.0,17.29648116511365,27.2,290,TE75,LATE / WATCH,"[""Excellent durability profile"", ""Very high projection confidence"", ""High ceiling outcome""]","[""Limited recent fantasy production""]",No major hidden edge identified yet.,14,gsis_id,3,DEPTH,2026-08-21 07:40:57+00:00
00-0040879,Matthew Hibner,TE,BAL,0.0,0.0,0.0,0.0,0.0,0.0,0.0,0.0,0.0,0.0,0.0,0.0,0.0,0.0,0.0,0.0,0.0,0.0,0.0,0.0,0.0,0.0,0.0,0.0,0.0,0.0,0.0,0.0,0.0,0.0,0.0,0.0,0.0,ACT,0.0,2026.0,2026.0,BAL,133.0,True,False,,,,,,True,True,0.0,0.0,0.0,0.0,0.0,0.0,0.0,0.0,0.0,0.0,63.91,0.0,0.0,64.87,55.0,1.0,0.0,1.0,50.0,61.72,130.67,0.0,0.0,0.0,0.0,0.0,0.0,0.0,90.0,10.0,0.0,0.0,0.0,0.0,0.0,Very Low,11.232394366197182,1.0,1.0,130.67,0.9224647887323943,1.0,0.99,119.29728927746407,False,,,0.0,,0.0,,,False,False,,False,False,,,,,False,,,,1.0,1.0,1.0,0.9996,0.9997,119.33308920422533,0.9997,119.29728927746407,0.0,0.0,1.0,-0.035799926761256984,100.20972299306982,138.38485556185833,81.5,48.43,42,-76.1995980383387,195.49688731580278,270.0,3,4.32,4.32,18.0,139.0,0.0,0.0,18.0,139.0,0.3,0.0,34.04462647589707,27.1,291,TE42,LATE / WATCH,"[""Excellent durability profile"", ""High ceiling outcome""]","[""Limited recent fantasy production"", ""Limited projected opportunity""]",No major hidden edge identified yet.,13,gsis_id,3,DEPTH,2026-08-21 07:40:57+00:00
00-0036626,Dyami Brown,WR,WAS,11.0,0.0,0.0,0.0,0.0,0.0,6.0,30.0,0.0,20.0,37.0,227.0,1.0,518.0,0.09864329047351625,0.17395624721823608,0.2697343087630396,49.7,0.0,0.0,0.0,0.0,0.0,0.0,0.0,0.0,0.0,0.0,0.0,0.0,0.0,0.0,0.0,ACT,5.0,2021.0,2021.0,WAS,82.0,False,False,,,,,,True,True,257.0,1.0,0.5405405405405406,6.135135135135135,5.0,11.35,14.0,4.5181818181818185,51.7,4.7,50.0,26.0,1.988,50.0,50.0,1.0,0.0,1.0,50.0,50.0,0.0,3.3636363636363638,0.5454545454545454,0.0,2.727272727272727,0.0,83.68750000000001,0.0,91.0,9.0,0.0,0.0,0.0,0.0,0.0,Very Low,63.91666666666667,1.0,1.0,79.9,1.0278333333333334,1.0,0.991,81.30338361495001,False,,,0.0,,0.0,,,False,False,,False,False,,,,,False,,,,1.0,0.9997,1.0002,0.999,0.9992,81.38476838333334,0.999,81.30338361495001,0.0,0.0,1.0,-0.0813847683833302,68.37614562017295,94.23062160972704,89.85,58.13,131,-121.42565141958335,202.72903503453335,340.0,4,0.65,0.65,24.5,236.0,0.0,0.0,24.5,236.0,0.14,0.0,17.651030989480695,27.06,292,WR131,LATE / WATCH,"[""Adds meaningful rushing production"", ""Excellent durability profile"", ""High ceiling outcome""]","[""Limited recent fantasy production""]",Rushing usage creates additional fantasy scoring paths.,7,gsis_id,6,DEEP_DEPTH,2026-08-21 07:40:57+00:00
00-0040727,Tre Harris,WR,LAC,16.0,0.0,0.0,0.0,0.0,0.0,2.0,10.0,0.0,30.0,43.0,324.0,1.0,398.0,0.09082350865035413,0.08922969138559833,0.19869604694545,69.4,0.0,0.0,0.0,0.0,0.0,0.0,0.0,0.0,0.0,0.0,0.0,0.0,0.0,0.0,0.0,ACT,1.0,2025.0,2025.0,LAC,55.0,False,False,,,,,,True,True,334.0,1.0,0.6976744186046512,7.534883720930233,5.0,10.8,9.255813953488373,4.3375,69.4,4.3375,50.0,32.0,2.169,50.0,50.0,1.0,0.0,1.0,50.0,50.0,0.0,2.6875,0.125,0.0,0.625,0.0,71.27083333333333,0.0,91.0,9.0,0.0,0.0,0.0,0.0,0.0,Very Low,54.12500000000001,1.0,1.0,73.73750000000001,1.00825,1.0,0.991,74.48762554889133,False,,,0.0,,0.0,,,False,False,,False,False,,,,,False,,,,1.0104,0.9995,1.0002,1.0006,1.0005,73.67672186562503,1.0006,74.48762554889133,0.0,0.0,1.0,0.8109036832663037,62.64409308661761,86.33115801116504,96.85,56.27,136,-128.241409485642,202.72903503453335,355.0,4,1.84,1.84,24.5,236.0,0.0,0.0,24.5,236.0,0.14,0.0,16.171324346389852,27.0,293,WR136,LATE / WATCH,"[""Adds meaningful rushing production"", ""Excellent durability profile"", ""Very high projection confidence"", ""High ceiling outcome""]","[""Limited recent fantasy production""]",No major hidden edge identified yet.,7,gsis_id,3,DEPTH,2026-08-21 07:40:57+00:00
00-0033955,Jeremy McNichols,RB,WAS,16.0,0.0,0.0,0.0,0.0,0.0,44.0,221.0,1.0,25.0,31.0,196.0,0.0,-23.0,0.07816149651452488,-0.00609605300867961,0.11297500766571159,72.7,0.0,0.0,0.0,0.0,0.0,0.0,0.0,0.0,0.0,0.0,0.0,1.0,1.0,0.0,0.0,ACT,9.0,2017.0,2017.0,TB,162.0,False,False,,,,,,True,True,417.0,1.0,0.8064516129032258,6.32258064516129,5.0227272727272725,7.84,-0.7419354838709677,4.54375,76.7,4.79375,50.0,69.0,1.112,50.0,50.0,1.0,0.0,1.0,50.0,50.0,0.0,1.9375,2.75,0.0,13.8125,0.0625,43.14685314685315,0.0,88.0,12.0,0.0,0.0,0.0,0.0,0.0,Very Low,52.04545454545455,1.0,1.0,81.49375,1.0040909090909091,1.0,0.988,76.47956669275001,True,Questionable,Quadriceps,0.45,UNKNOWN,0.45,,,False,False,D,False,False,D,Sleeper,,,False,,,,1.0,0.9997,1.0002,0.999,0.9992,80.84520792045456,1.0,80.84520792045456,0.054,0.0,0.946,-4.365641227704543,64.08987688852451,88.86925649697551,95.8,55.42,83,-132.7410948633227,209.2206615560727,352.0,4,2.48,2.48,24.5,137.0,0.0,0.0,24.5,137.0,0.24,0.0,17.60672481453239,26.98,294,RB83,LATE / WATCH,"[""Strong durability profile"", ""Very high projection confidence"", ""High ceiling outcome""]","[""Limited recent fantasy production""]",No major hidden edge identified yet.,7,gsis_id,4,DEEP_DEPTH,2026-08-21 07:40:57+00:00
00-0041490,Eli Heidenreich,RB,PIT,0.0,0.0,0.0,0.0,0.0,0.0,0.0,0.0,0.0,0.0,0.0,0.0,0.0,0.0,0.0,0.0,0.0,0.0,0.0,0.0,0.0,0.0,0.0,0.0,0.0,0.0,0.0,0.0,0.0,0.0,0.0,0.0,0.0,ACT,0.0,2026.0,2026.0,PIT,230.0,True,False,,,,,,True,True,0.0,0.0,0.0,0.0,0.0,0.0,0.0,0.0,0.0,0.0,37.38,0.0,0.0,70.58,85.0,1.0,0.0,1.0,50.0,57.5,196.5,0.0,0.0,0.0,0.0,0.0,11.433566433566433,0.0,88.0,12.0,0.0,0.0,0.0,0.0,0.0,Very Low,9.44055944055944,1.0,1.0,196.5,0.9188811188811189,1.0,0.988,178.51829357454542,False,,,0.0,,0.0,,,False,False,,False,False,,,,,False,,,,1.0,0.9984,1.0007,1.0019,1.0016,178.39341818181816,1.0007,178.51829357454542,0.0,0.0,1.0,0.12487539272726167,149.59833001546906,207.43825713362176,80.8,42.59,44,-30.70236798152729,209.2206615560727,174.0,4,1.99,1.99,24.5,137.0,0.0,0.0,24.5,137.0,0.24,0.0,40.978260848114964,26.95,295,RB44,LATE / WATCH,"[""Strong durability profile"", ""High ceiling outcome""]","[""Limited recent fantasy production"", ""Limited projected opportunity""]",No major hidden edge identified yet.,9,gsis_id,6,DEEP_DEPTH,2026-08-21 07:40:57+00:00
00-0039874,Jaylen Wright,RB,MIA,9.0,0.0,0.0,0.0,0.0,0.0,70.0,288.0,2.0,5.0,9.0,44.0,0.0,-34.0,0.041183840992270106,-0.030549327366695127,0.040391232331718575,48.2,0.0,0.0,0.0,1.0,0.0,0.0,0.0,0.0,0.0,0.0,0.0,0.0,0.0,0.0,0.0,ACT,2.0,2024.0,2024.0,MIA,120.0,False,False,,,,,,True,True,332.0,2.0,0.5555555555555556,4.888888888888889,4.114285714285714,8.8,-3.7777777777777777,5.355555555555556,52.199999999999996,5.8,50.0,75.0,0.696,50.0,50.0,1.0,0.0,1.0,50.0,50.0,0.0,1.0,7.777777777777778,0.0,32.0,0.2222222222222222,67.83216783216784,0.0,88.0,12.0,0.0,0.0,0.0,0.0,0.0,Very Low,62.16783216783217,1.0,1.0,98.6,1.0243356643356645,1.0,0.988,99.81743879621818,False,,,0.0,,0.0,,,False,False,,False,False,,,,,False,,,,1.0,0.9994,1.0003,0.9993,0.9994,99.78750254545456,1.0003,99.81743879621818,0.0,0.0,1.0,0.02993625076362605,83.64701371123084,115.98786388120553,80.8,56.97,73,-109.40322275985453,209.2206615560727,312.0,4,3.08,3.08,24.5,137.0,0.0,0.0,24.5,137.0,0.24,0.0,22.9521650751229,26.94,296,RB73,LATE / WATCH,"[""Strong durability profile"", ""High ceiling outcome""]","[""Limited recent fantasy production""]",No major hidden edge identified yet.,6,gsis_id,2,BACKUP,2026-08-21 07:40:57+00:00
00-0040782,Isaiah Bond,WR,CLE,15.0,0.0,0.0,0.0,0.0,0.0,5.0,29.0,0.0,18.0,44.0,338.0,0.0,751.0,0.09274080852216257,0.21405202338082768,0.28894762914982325,54.7,0.0,0.0,0.0,0.0,0.0,0.0,0.0,0.0,0.0,0.0,0.0,0.0,0.0,3.0,0.0,ACT,1.0,2025.0,2025.0,,0.0,False,False,,,,,,True,True,367.0,0.0,0.4090909090909091,7.681818181818182,5.8,18.77777777777778,17.068181818181817,3.646666666666667,54.7,3.646666666666667,50.0,23.0,2.378,50.0,50.0,1.0,0.0,1.0,50.0,50.0,0.0,2.933333333333333,0.3333333333333333,0.0,1.9333333333333333,0.0,80.60416666666667,0.0,91.0,9.0,0.0,0.0,0.0,0.0,0.0,Very Low,63.6875,1.0,1.0,61.99333333333334,1.027375,1.0,0.991,63.39508462712621,False,,,0.0,,0.0,,,False,False,,False,False,,,,,False,,,,1.0036,0.9994,1.0003,1.0008,1.0006,63.117187225833334,1.0008,63.39508462712621,0.0,0.0,1.0,0.27789740129287566,53.31526617141314,73.47490308283926,96.85,57.79,150,-139.33395040740714,202.72903503453335,378.0,4,0.02,0.02,24.5,236.0,0.0,0.0,24.5,236.0,0.14,0.0,13.763124652150358,26.9,297,WR150,LATE / WATCH,"[""Adds meaningful rushing production"", ""Excellent durability profile"", ""Very high projection confidence"", ""High ceiling outcome""]","[""Limited recent fantasy production""]",Rushing usage creates additional fantasy scoring paths.,11,gsis_id,5,DEEP_DEPTH,2026-08-21 07:40:57+00:00
00-0036754,Brock Wright,TE,DET,8.0,0.0,0.0,0.0,0.0,0.0,0.0,0.0,0.0,14.0,22.0,108.0,2.0,22.0,0.08793198462642113,0.013410218852234715,0.14128513013619598,36.800000000000004,0.0,0.0,0.0,0.0,0.0,0.0,0.0,0.0,0.0,0.0,0.0,0.0,0.0,0.0,0.0,ACT,5.0,2021.0,2021.0,,0.0,False,False,,,,,,True,True,108.0,2.0,0.6363636363636364,4.909090909090909,0.0,7.714285714285714,1.0,4.6000000000000005,36.8,4.6,50.0,14.0,2.629,50.0,50.0,1.0,0.0,1.0,50.0,50.0,0.0,2.75,0.0,0.0,0.0,0.0,0.0,0.0,90.0,10.0,0.0,0.0,0.0,0.0,0.0,Very Low,62.0774647887324,1.0,1.0,78.19999999999999,1.0241549295774648,1.0,0.99,80.9786230789734,False,,,0.0,,0.0,,,False,False,,False,False,,,,,False,,,,1.0202,0.9989,1.0005,1.0013,1.0011,79.28802633802816,1.0011,80.9786230789734,0.0,0.0,1.0,1.6905967409452387,68.02204338633766,93.93520277160914,81.5,56.04,67,-114.51826423682938,195.49688731580278,342.0,3,1.02,1.02,18.0,139.0,0.0,0.0,18.0,139.0,0.3,0.0,23.109384898462217,26.81,298,TE67,LATE / WATCH,"[""Excellent durability profile"", ""High ceiling outcome""]","[""Limited recent fantasy production""]",No major hidden edge identified yet.,6,gsis_id,2,BACKUP,2026-08-21 07:40:57+00:00
00-0035100,Jake Browning,QB,TB,5.0,81.0,125.0,771.0,6.0,8.0,9.0,39.0,1.0,0.0,0.0,0.0,0.0,0.0,0.0,0.0,0.0,48.74,0.0,0.0,0.0,0.0,0.0,0.0,0.0,0.0,0.0,2.0,2.0,0.0,0.0,0.0,0.0,ACT,7.0,2019.0,2019.0,,0.0,False,False,,,,,,True,True,39.0,7.0,0.0,0.0,4.333333333333333,0.0,0.0,9.748000000000001,72.74000000000001,14.548000000000002,50.0,9.0,8.082,50.0,50.0,1.0,0.0,1.0,50.0,50.0,0.0,0.0,1.8,25.0,7.8,0.2,59.16666666666666,59.16666666666666,87.9,12.1,0.0,0.0,0.0,0.0,7.1,Very Low,52.738095238095234,1.0,1.0,247.31600000000003,1.0054761904761904,1.0,0.9879,245.09641698649392,False,,,0.0,,0.0,,,False,False,,False,False,,,,,False,,,,1.0,0.9977,1.001,1.0029,1.0024,245.66143829457144,0.9977,245.09641698649392,0.0,0.0,1.0,-0.5650213080775188,205.36628779298326,284.8265461800046,80.765,65.6,38,-133.21053823667637,378.3069552231703,82.0,2,0.11,0.11,22.5,61.0,28.97,28.97,22.5,61.0,22.72,0.0,0.0,26.75,299,QB38,LATE / WATCH,"[""Strong durability profile"", ""High ceiling outcome""]",[],No major hidden edge identified yet.,10,gsis_id,2,BACKUP,2026-08-21 07:40:57+00:00
00-0041125,Seth McGowan,RB,IND,0.0,0.0,0.0,0.0,0.0,0.0,0.0,0.0,0.0,0.0,0.0,0.0,0.0,0.0,0.0,0.0,0.0,0.0,0.0,0.0,0.0,0.0,0.0,0.0,0.0,0.0,0.0,0.0,0.0,0.0,0.0,0.0,0.0,ACT,0.0,2026.0,2026.0,IND,237.0,True,False,,,,,,True,True,0.0,0.0,0.0,0.0,0.0,0.0,0.0,0.0,0.0,0.0,35.47,0.0,0.0,69.91,85.0,1.0,0.0,1.0,50.0,56.43,194.15,0.0,0.0,0.0,0.0,0.0,11.433566433566433,0.0,88.0,12.0,0.0,0.0,0.0,0.0,0.0,Very Low,9.44055944055944,1.0,1.0,194.15,0.9188811188811189,1.0,0.988,178.18367882943602,False,,,0.0,,0.0,,,False,False,,False,False,,,,,False,,,,1.0094,0.996,1.0015,1.0047,1.0039,176.25996,1.0015,178.18367882943602,0.0,0.0,1.0,1.9237188294360124,149.31792285906738,207.04943479980463,80.8,41.82,45,-31.036982726636694,209.2206615560727,175.0,4,0.33,0.33,24.5,137.0,0.0,0.0,24.5,137.0,0.24,0.0,40.90161876513649,26.74,300,RB45,LATE / WATCH,"[""Strong durability profile"", ""High ceiling outcome""]","[""Limited recent fantasy production"", ""Limited projected opportunity""]",No major hidden edge identified yet.,13,gsis_id,3,DEPTH,2026-08-21 07:40:57+00:00
